tree
version=v4
num_class=1
num_tree_per_iteration=1
label_index=0
max_feature_idx=24
objective=binary sigmoid:1
feature_names=carrier origin dest manufacturer day_of_week sched_dep_hour distance days_to_holiday origin_hour_departures dest_daily_flights leg_of_day prev_leg_dep_delay has_prev_leg mins_since_prev_leg plane_age seats temp humid wind_speed precip visib pressure route_hist_delay_rate carrier_hist_delay_rate origin_prev_day_delay_rate
feature_infos=-1:11:3:5:4:1:9:12:0:14:13:7:2:6:15:8 -1:0:1:2 -1:4:68:49:11:53:23:89:35:57:28:32:30:79:99:29:43:60:70:91:48:10:42:73:22:14:96:54:88:82:26:61:24:83:58:13:74:78:47:21:5:92:81:80:16:52:41:55:45:72:98:27:69:37:71:95:87:56:103:12:19:94:36:40:85:67:51:84:38:97:102:7:2:31:77:59:15:75:66:93:65:90:1:9:100:33:63:6:25:0:8:101:18:64:17:20:76:62:39:46:3:34 -1:9:17:35:1:2:10:28:27:11:29:19:13:32:14:6:31:12:8:34:15:18:22:23:7:26:3:25:0:4:20:16:24:30:33:21 [0:6] [5:23] [80:4983] [0:49] [1:38] [1:59] [1:5] [-26:911] [0:1] [0:1094] [0:57] [2:400] [10.94:100.04000000000001] [12.74:100] [0:42.578859999999999] [0:1.21] [0:10] [983.79999999999995:1038.4000000000001] [0.044544459621033893:0.54157639421726822] [0.032222323258345523:0.52207778719967524] [0.030651340996168581:0.77729257641921401]
tree_sizes=1979 2001 1966 2035 1990 2002 2088 2008 2047 2017 1985 2024 2049 2039 2007 2070 2047 1996 1998 2002 2011 2094 1990 2111 2014 2066 2006 2028 2053 2010 2061 2087 2049 2127 1968 1990 2083 1997 2017 2075 2110 2091 2109 1977 2067 1997 2006 2018 2007 2096 2010 2056 2082 2096 1993 1999 2079 2085 1994 2028 2012 2096 2069 2022 2000 2082 2020 2098 2051 2084 2001 2120 2102 1997 2087 2091 2073 1992 2117 1992 2042 2100 2005 2034 2115 2106 2074 1973 2004 2115 2071 2058 2073 2070 1978 1983 2057 2019 2001 2092 2017 2011 2024 2119 2080 2129 2049 2109 2028 2078 2023 2114 2063 2027 2008 2065 2023 1988 2081 2131 2095 2082 2091 2010 2053 2076 2134 2073 1987 2008 2069 2049 2058 2067 2073 2101 2068 2009 2022 2034 2008 2010 2083 2008 2066 2077 2057 2070 1993 2017 2023 1995 2093 2102 1998 2047 2036 2009 2030 2083 1974 2011 2097 1997 1963 1976 2098 2004 1982 2015 2020 1972 1973 2019 2036 2067 2001 2066 2070 2086 1984 2044 2088 1965 2098 2068 2084 2020 2009 2127 1994 2020 2051 2087 2060 2062 2023 2003 2010 2121 2016 2084 2019 2014 1995 2125 2091 1999 1995 2010 2027 2088 2093 1969 2085 2076 1999 2091 2019 1972 2007 2066 2084 2085 1988 2065 2131 2061 1983 2084 2048 2061 2008 2108 2030 1988 2010 2002 1989 2076 1938 2116 2048 2054 1978 1997 2116 2092 2101 2002 1971 1973 2119 2006 1979 1992 2078 2039 2061 1995 2122 2025 2031 2061 2019 2017 1984 2131 2015 2042 1990 2083 1981 2087 2038 1988 2107 2094 1999 2007 2089 2005 1993 2097 1988 2055 2009 2050 2014 2006 2064 1985 2070 2019 2006 2052 2002 2106 1991 2097 2064 2102 1988 2075 2090 2050 2003 2014 2024 2055 1995 2002 2054 2088 1989 2067 2012 1998 2031 2038 1993 2008 2082 2050 2072 2086 1999 1980 2072 2099 1986 2077 2065 1997 2092 2031 2112 2008 2118 2047 2107 2050 2007 1984 2119 2002 2129 2108 1971 2085 2034 2048 2018 2075 1980 2111 2001 1986

Tree=0
num_leaves=17
num_cat=6
split_feature=11 17 24 11 0 18 0 11 13 8 2 24 2 2 8 0
split_gain=4378.43 1097.35 960.874 751.974 424.86 386.678 365.36 337.732 222.056 213.684 175.656 138.295 120.343 117.351 100.815 98.6683
threshold=15.500000000000002 78.860000000000014 0.27035031847133767 -15.499999999999998 0 12.083190000000002 1 38.500000000000007 201.50000000000003 28.500000000000004 2 0.11755368814192345 3 4 16.500000000000004 5
decision_type=10 8 10 10 9 8 9 10 8 2 9 8 9 9 2 9
left_child=1 2 4 5 -1 9 -4 -2 -6 10 -3 -10 -13 -8 -5 -7
right_child=7 3 6 14 8 15 13 -9 11 -11 -12 12 -14 -15 -16 -17
leaf_value=-1.18482797215494 -1.0433908797222917 -1.1536701929812438 -1.1118271262677362 -1.0958551288738676 -1.0041893114659406 -1.0589854800106522 -1.132128823297428 -0.95360064610991124 -1.1804482714353663 -1.1915907050650605 -1.1134731088720806 -1.1668487295824204 -1.1463025498535944 -1.1573774623865483 -1.0412622097740114 -1.1119241833421194
leaf_weight=4797.025543063879 364.76218199729919 1328.8549973666668 1795.6114240288734 242.25922027230263 34.059119403362274 199.22753715515137 1229.7905694246292 427.5701279938221 1132.923504024744 404.31470775604248 715.24150747060776 2135.10393679142 2950.8747805655003 2233.2527970075607 463.64349639415741 832.06794929504395
leaf_count=26197 1992 7257 9806 1323 186 1088 6716 2335 6187 2208 3906 11660 16115 12196 2532 4544
internal_value=-1.14539 -1.1513 -1.15903 -1.12118 -1.17008 -1.13385 -1.13582 -0.993818 -1.15865 -1.14815 -1.13944 -1.15966 -1.15499 -1.14839 -1.0594 -1.10009
internal_weight=21286.6 20494.3 16308.6 4185.61 11050 3479.71 5258.65 792.332 6252.96 2448.41 2044.1 6218.9 5085.98 3463.04 705.903 1031.3
internal_count=116248 111921 89063 22858 60345 19003 28718 4327 34148 13371 11163 33962 27775 18912 3855 5632
cat_boundaries=0 1 2 5 9 13 14
cat_threshold=12818 49889 1350652944 304318473 2332296272 1080059904 572721921 3238921728 12 541069344 805830664 303694032 12 16417
is_linear=0
shrinkage=1


Tree=1
num_leaves=17
num_cat=2
split_feature=5 17 0 21 24 24 0 17 5 19 15 21 17 24 24 17
split_gain=6258.98 2417.83 826.555 668.111 461.179 369.359 329.6 252.848 247.022 231.29 159.632 149.002 135.432 134.688 124.351 124.046
threshold=12.500000000000002 71.335000000000022 0 1017.2500000000001 0.27035031847133767 0.27531182144119587 1 50.860000000000007 8.5000000000000018 1.0000000180025095e-35 143.50000000000003 1016.6500000000002 59.610000000000007 0.11499128919860628 0.34021917309210131 84.335000000000022
decision_type=2 8 9 10 8 10 9 10 2 10 8 10 10 10 10 10
left_child=6 2 4 10 11 13 -1 -7 -8 -10 -3 -2 -6 -4 -12 -5
right_child=1 3 5 15 12 7 8 -9 9 -11 14 -13 -14 -15 -16 -17
leaf_value=-0.010620428490567775 0.043469898884992246 0.12443666358828501 -0.033771405496268531 0.01091242997537217 0.061445085704915775 0.0021484547815806706 -0.056126027621397505 0.052300155752117966 -0.037345962202934402 0.024311725455211528 0.074448894081042383 0.0076719518643665269 0.11642087397838405 -0.0051898804259656248 0.11969584547936081 0.065029240738623442
leaf_weight=1473.6679943054914 858.32940527796745 819.01490435004234 953.38823615014553 521.95448251068592 898.09341765940189 1005.1340142041445 4152.4598276764154 769.75348716974258 3543.1138371527195 282.04807971417904 1093.6449758112431 1229.4280923604965 261.30187202990055 2860.942129611969 382.51870562136173 281.66872298717499
leaf_count=8000 4678 4333 5298 2832 4810 5465 22841 4179 19498 1524 5884 6717 1400 15814 2053 1499
internal_value=0.000470506 0.0322278 0.0146164 0.0823171 0.0409935 -0.000808279 -0.0396277 0.0240059 -0.044904 -0.0327674 0.100421 0.0224751 0.0743928 -0.0123773 0.0866286 0.0302355
internal_weight=21386.5 11935.2 8836.37 3098.8 3247.15 5589.22 9451.29 1774.89 7977.62 3825.16 2295.18 2087.76 1159.4 3814.33 1476.16 803.623
internal_count=116825 64962 48361 16601 17605 30756 51863 9644 43863 21022 12270 11395 6210 21112 7937 4331
cat_boundaries=0 1 2
cat_threshold=16616 32
is_linear=0
shrinkage=0.0659825


Tree=2
num_leaves=17
num_cat=5
split_feature=10 19 16 20 24 0 24 16 4 0 0 0 16 0 8 4
split_gain=1347.59 797.66 739.28 527.585 509.908 408.335 273.994 193.426 189.277 185.847 159.801 146.386 138.698 118.007 115.404 139.819
threshold=1.5000000000000002 1.0000000180025095e-35 74.480000000000004 9.5000000000000018 0.20583506714582941 0 0.305877616747182 63.500000000000007 4.5000000000000009 1 2 3 50.540000000000006 4 27.500000000000004 4.5000000000000009
decision_type=2 8 10 8 10 9 10 10 2 9 9 9 10 9 2 2
left_child=1 2 5 12 10 14 -4 -3 9 -6 -5 -7 -2 -8 15 -1
right_child=3 7 6 4 8 11 13 -9 -10 -11 -12 -13 -14 -15 -16 -17
leaf_value=0.019114804167239249 0.047944181616838749 0.023989336861214874 -0.0041956852638048263 -0.020083366848728877 0.086073122395157922 -0.040114384492491884 0.043659195581604908 0.081147630549274027 0.007454784230512667 0.037530390830865866 0.014378279917943684 -0.021976246943371743 0.1055752598364631 0.0074881801031684092 -0.026900832952550718 -0.018262027088202237
leaf_weight=1414.4321761280298 355.06650504469872 796.28638701140881 2328.1027034521103 1048.563249245286 527.07774931192398 3447.4002394229174 1075.2473802119493 381.08816136419773 507.520916223526 1190.6359794735909 1286.2071116864681 4757.8655698001385 410.77316670119762 643.13639624416828 523.13499404489994 622.79492352902889
leaf_count=7657 1795 4240 12909 5828 2717 19349 5788 2019 2692 6302 6901 26419 2073 3507 2895 3388
internal_value=0.000264098 -0.00931192 -0.0134721 0.0289909 0.0204177 -0.022506 0.0105601 0.0428207 0.0429716 0.0534005 -0.00113537 -0.0296611 0.0794597 0.0304942 0.000554083 0.00766755
internal_weight=21315.3 15989.5 14812.1 5325.84 4560.01 10765.6 4046.49 1177.37 2225.23 1717.71 2334.77 8205.27 765.84 1718.38 2560.36 2037.23
internal_count=116479 88171 81912 28308 24440 59708 22204 6259 11711 9019 12729 45768 3868 9295 13940 11045
cat_boundaries=0 1 2 3 4 5
cat_threshold=49249 32 4626 4114 26665
is_linear=0
shrinkage=0.0659825


Tree=3
num_leaves=17
num_cat=1
split_feature=5 11 17 24 16 11 21 17 24 5 19 24 2 16 21 24
split_gain=5455.84 1912.81 1689.54 653.926 438.228 383.274 298.941 285.676 237.784 224.958 239 198.739 172.952 144.229 138.007 130.75
threshold=12.500000000000002 24.500000000000004 76.315000000000012 0.27035031847133767 48.560000000000009 15.500000000000002 1017.0500000000001 51.050000000000004 0.10515185092516473 7.5000000000000009 1.0000000180025095e-35 0.25849694769839965 0 85.460000000000022 1010.85 0.26752670940170947
decision_type=2 10 8 10 8 10 10 10 8 2 10 10 9 10 10 10
left_child=5 2 3 8 11 9 -6 13 -2 -1 15 -4 -10 -5 -9 -11
right_child=1 -3 4 7 6 -7 -8 14 12 10 -12 -13 -14 -15 -16 -17
leaf_value=-0.05351129891533208 -0.031485995653050887 0.13695446547326584 0.0081449315605629392 0.0069847185145193108 0.10737246687174053 0.12661924806529043 0.037225771409933411 0.080629075081980667 -0.010649111247058762 -0.043031321417426181 0.014693563477827127 0.076110887400972493 0.014197137589231039 0.062136471439380919 0.038628357959925988 -0.021907152559721286
leaf_weight=3137.6135447770357 1042.7660589814186 672.60139025747776 529.01897701621056 1374.0490986853838 1238.1094687432051 55.207169130444527 347.18803964555264 580.70347921550274 2187.7791546881199 3531.0924333184958 445.67799219489098 285.23166552186012 2717.0239334851503 237.1627482175827 870.26315449178219 2032.0355070531368
leaf_count=17867 5903 3252 2718 7324 6225 278 1816 3003 12159 20096 2349 1452 14897 1255 4541 11244
internal_value=0.000181072 0.0293291 0.0229129 0.00978852 0.0720388 -0.0380848 0.0922163 0.0345287 -0.00297212 -0.0391646 -0.0316255 0.0323515 0.00312229 0.0153114 0.0557113 -0.0353485
internal_weight=21283.5 12081.9 11409.3 9009.75 2399.55 9201.63 1585.3 3062.18 5947.57 9146.42 6008.81 814.251 4904.8 1611.21 1450.97 5563.13
internal_count=116379 64545 61293 49082 12211 51834 8041 16123 32959 51556 33689 4170 27056 8579 7544 31340
cat_boundaries=0 4
cat_threshold=1371621536 167971072 2501805984 128
is_linear=0
shrinkage=0.0659825


Tree=4
num_leaves=17
num_cat=0
split_feature=11 21 23 23 11 24 4 8 23 23 4 8 21 22 21 8
split_gain=2838.98 1259.33 516.981 484.054 439.621 208.598 169.764 192.783 132.697 123.669 123.201 97.8338 92.4147 90.5788 82.0222 57.6436
threshold=3.5000000000000004 1011.5500000000001 0.1982689939624532 0.19091116142697218 36.500000000000007 0.27035031847133767 4.5000000000000009 28.500000000000004 0.13974417423862384 0.24956703610482653 4.5000000000000009 27.500000000000004 1018.35 0.14525108591995953 1015.6500000000002 33.500000000000007
decision_type=10 10 2 2 10 10 2 2 2 2 2 2 10 2 10 2
left_child=1 2 10 8 14 12 7 9 -3 -4 11 13 -5 -1 -2 -7
right_child=4 3 6 5 -6 15 -8 -9 -10 -11 -12 -13 -14 -15 -16 -17
leaf_value=-0.011084746327505167 0.079086629121244076 -0.047084575598470513 0.037224161973670393 -0.0030170967711507057 0.13619778718007661 0.011293889257591288 0.0078981046947746176 -0.012985379865733788 -0.025515603535214586 0.069033263307428774 -0.025125546960032934 -0.034775564582291307 -0.021342212811440536 0.018596257422651613 0.038262890954302228 -0.038768521245447309
leaf_weight=622.76617003977299 478.19197954237461 1801.2638424038887 1353.0281704813242 1927.2835824042559 539.3869506418705 2301.8492533862591 719.49399067461491 229.36144903302193 4106.6797143220901 910.86903420090675 726.54588696360588 228.06183381378651 3170.8106235563755 1554.9014308601618 423.77360029518604 98.658003345131874
leaf_count=3403 2364 10372 7114 10663 2454 12262 3857 1299 23362 4664 4067 1306 17813 8364 2176 574
internal_value=-2.48687e-05 -0.0065598 0.017647 -0.0180192 0.0891685 -0.0068807 0.0362168 0.0443487 -0.0321345 0.0501771 -0.00143408 0.00576743 -0.0144268 0.0101007 0.0603013 0.00914112
internal_weight=21192.9 19751.6 6345.03 13406.5 1441.35 7498.6 3212.75 2493.26 5907.94 2263.9 3132.28 2405.73 5098.09 2177.67 901.966 2400.51
internal_count=116114 109120 34074 75046 6994 41312 16934 13077 33734 11778 17140 13073 28476 11767 4540 12836
is_linear=0
shrinkage=0.0659825


Tree=5
num_leaves=17
num_cat=4
split_feature=5 17 11 23 16 11 5 0 23 9 2 19 1 17 17 0
split_gain=4672.25 1572 1009.4 511.477 339.516 316.734 220.461 216.197 184.184 160.603 158.522 144.342 131.247 135.995 124.728 113.188
threshold=12.500000000000002 75.945000000000007 20.500000000000004 0.20560562600755186 51.440000000000005 8.5000000000000018 9.5000000000000018 0 0.16868140790780359 51.500000000000007 1 1.0000000180025095e-35 2 87.315000000000012 57.045000000000009 3
decision_type=2 8 10 2 10 10 2 9 2 2 9 10 1 10 10 9
left_child=5 2 3 9 8 6 15 10 -3 14 -5 -8 13 -6 -2 -1
right_child=1 4 -4 7 12 -7 11 -9 -10 -11 -12 -13 -14 -15 -16 -17
leaf_value=-0.05066183579310965 -0.016942886129642849 0.0065733352799548454 0.098648180456137019 0.023048364224483635 0.047583480612120713 0.08871068936745248 -0.027275786400069241 0.038322708731324422 0.062693776952126551 0.050049131562444255 -0.013351295320165666 0.024492279739661726 0.10833255253582297 0.10087417588404944 0.0083132702276820201 -0.029033857799838563
leaf_weight=4257.3734350204468 3142.7546373307705 421.20895703136921 565.8236607760191 1335.5424278378487 522.80730445683002 81.740214198827744 2770.920315682888 2261.538210272789 643.71507258713245 196.04164883494377 835.5011335760355 251.3304937183857 802.96443593502045 368.12114974856377 1162.3667577654123 1587.982224598527
leaf_count=25128 17712 2152 2547 7141 2574 391 15926 11829 3136 1076 4462 1297 3816 1746 6393 9031
internal_value=-2.67122e-05 0.0264301 0.0136753 0.00822837 0.0702191 -0.0362591 -0.0374727 0.0241225 0.0406642 -0.00743529 0.00904525 -0.0229291 0.0885821 0.0701515 -0.0101217 -0.0449597
internal_weight=21207.7 12258.4 9499.57 8933.74 2758.82 8949.35 8867.61 4432.58 1064.92 4501.16 2171.04 3022.25 1693.89 890.928 4305.12 5845.36
internal_count=116357 64584 51160 48613 13424 51773 51382 23432 5288 25181 11603 17223 8136 4320 24105 34159
cat_boundaries=0 1 5 6 7
cat_threshold=41481 566299680 271785993 973635666 72 2 30746
is_linear=0
shrinkage=0.0659825


Tree=6
num_leaves=17
num_cat=3
split_feature=11 23 19 13 19 16 11 2 23 2 2 8 16 16 23 8
split_gain=2139.9 836.462 447.341 315.515 295.293 243.602 182.879 153.606 137.666 125.033 95.7694 85.9561 82.5739 59.5607 56.142 54.9315
threshold=12.500000000000002 0.19012220591801965 1.0000000180025095e-35 198.50000000000003 1.0000000180025095e-35 75.110000000000014 33.500000000000007 0 0.14468866137192574 1 2 27.500000000000004 64.220000000000013 78.890000000000015 0.24386470281513214 18.500000000000004
decision_type=10 2 10 8 8 8 10 9 2 9 9 2 8 10 2 2
left_child=1 4 3 -3 8 7 -2 -5 -1 -7 -10 14 -4 -12 -9 -11
right_child=6 2 12 5 -6 9 -8 11 10 15 13 -13 -14 -15 -16 -17
leaf_value=-0.036012549686511297 0.056835324608895885 0.15600961935286428 0.033898799100510579 -0.014622213159456221 0.019934171532178482 0.031851944170408583 0.1125807085220813 -0.00023177043740818545 -0.024566540552833784 -0.00930478685439186 -0.011119023641256038 -0.019847041693683041 0.075937276053341815 0.020108026563269567 0.018637969102168039 0.013229273974748759
leaf_weight=2863.9629707932472 472.63422282040119 51.818945333361626 500.33882360160351 3666.1189688891172 706.88694752752781 1320.0696915835142 623.61850842833519 1308.9846213459969 3303.782427251339 684.72626352310181 1498.8858556896448 503.29192435741425 360.96351662278175 317.03993335366249 1436.8159578889608 1477.5321902036667
leaf_count=16924 2214 261 2492 20475 3596 7008 2663 7227 19116 3721 8602 2930 1713 1762 7585 7824
internal_value=-0.000488193 -0.0054195 0.00640758 0.00262601 -0.0208058 0.00176839 0.0890049 -0.00539861 -0.0244258 0.0159848 -0.0179082 0.00504637 0.0519365 -0.00558625 0.00966223 0.00605918
internal_weight=21097.5 20001.2 11310.7 10449.4 8690.56 10397.5 1096.25 6915.21 7983.67 3482.33 5119.71 3249.09 861.302 1815.93 2745.8 2162.26
internal_count=116113 111236 61236 57031 50000 56770 4877 38217 46404 18553 29480 17742 4205 10364 14812 11545
cat_boundaries=0 4 8 12
cat_threshold=30720 539209481 3457060096 140 603979824 73401376 176161488 73 1891634176 308480001 1225031744 11
is_linear=0
shrinkage=0.0659825


Tree=7
num_leaves=17
num_cat=6
split_feature=5 24 5 0 0 4 2 5 16 0 4 2 0 16 5 5
split_gain=3857.4 654.425 401.556 367.145 261.427 250.141 163.625 155.52 129.952 126.761 95.4586 88.7694 87.585 79.2066 74.7523 64.0953
threshold=13.500000000000002 0.31110740141983556 9.5000000000000018 0 1 4.5000000000000009 2 16.500000000000004 48.560000000000009 3 3.5000000000000004 4 5 51.440000000000005 16.500000000000004 16.500000000000004
decision_type=2 10 2 9 9 2 9 2 10 9 2 9 9 8 2 2
left_child=2 3 9 -2 11 7 15 12 10 -1 -9 -4 -3 -8 -15 -5
right_child=1 5 4 6 -6 -7 13 8 -10 -11 -12 -13 -14 14 -16 -17
leaf_value=-0.021131748880391477 0.046091021140488977 0.075209440984294912 0.020595431903775045 0.0086346529370144986 -0.030411095745326657 0.014883560468254649 -0.012149485645924966 0.018904684993057259 0.085456738735008295 -0.046291595900366814 0.098761204686294402 -0.0076327921168868086 0.028229582540855346 -0.0068825047319291399 0.019794317531634683 0.028085690990891893
leaf_weight=1172.5024579018354 1474.0302972942591 238.55874648690224 716.62184676527977 1214.4164804667234 2208.8871068805456 633.73976010084152 1444.4584803581238 271.53612418472767 1165.5316696465015 4523.9076121300459 81.381930351257324 1418.9382277578115 764.16955503821373 794.09578439593315 1064.1214551180601 1902.394151955843
leaf_count=6693 7379 1114 3837 6587 12810 3221 7995 1372 5615 27668 393 7758 3853 4321 5650 10109
internal_value=-0.000150362 0.0267442 -0.029742 0.0165685 -0.0146021 0.0521205 0.00966463 0.0614207 0.0747964 -0.0412599 0.0387164 0.00192362 0.0408281 -0.000586479 0.0084093 0.0204738
internal_weight=21089.3 11048.4 10040.9 7893.52 4344.45 3154.92 6419.49 2521.18 1518.45 5696.41 352.918 2135.56 1002.73 3302.68 1858.22 3116.81
internal_count=116375 57609 58766 42041 24405 15568 34662 12347 7380 34361 1765 11595 4967 17966 9971 16696
cat_boundaries=0 1 2 6 7 11 12
cat_threshold=24608 17128 621281312 840958984 2583871954 12 101 545259536 143696928 153436752 8 16416
is_linear=0
shrinkage=0.0659825


Tree=8
num_leaves=17
num_cat=1
split_feature=21 23 23 23 4 17 8 17 12 24 24 2 12 8 24 17
split_gain=1234.32 553.182 545.482 252.555 178.633 167.026 166.454 130.92 133.676 124.056 122.7 114.652 104.192 65.9003 69.8916 64.4736
threshold=1011.4500000000002 0.24322047365422095 0.1982689939624532 0.15352872006943283 4.5000000000000009 64.805000000000021 29.500000000000004 51.390000000000008 1.0000000180025095e-35 0.2834785569138128 0.15163545744380325 0 1.0000000180025095e-35 28.500000000000004 0.12247221106200616 92.765000000000015
decision_type=10 2 2 2 2 8 2 8 2 10 10 9 2 2 10 10
left_child=2 3 5 -2 6 -1 7 -4 -9 13 15 -12 -7 14 -3 -5
right_child=1 9 4 10 -6 12 -8 8 -10 -11 11 -13 -14 -15 -16 -17
leaf_value=-0.014405963593246363 -0.038256801091632445 -0.019117556123134614 0.022695660262839729 -0.028030841867105718 0.011865922775760245 0.0077003632707940443 -0.016843125066205302 0.04663200818317393 0.081970059349171939 0.02504308807713226 0.0057516402241384436 -0.01507114914617747 0.047286808221400627 -0.033736634968920112 0.0090371629581497172 0.031094795379386433
leaf_weight=1420.3713674396276 2460.4810983836651 466.56851105391979 573.51298572123051 2373.1470060944557 797.80180998146534 1392.6978205889463 163.79499609768391 1455.378725618124 715.35660007596016 1366.4583843499422 1720.8256471902132 3432.5237451046705 360.35668621957302 215.919588804245 2037.4149202257395 78.152100682258606
leaf_count=8136 14976 2544 2872 13978 4173 7668 974 7391 3210 6958 9570 19546 1692 1295 10888 398
internal_value=-0.000447619 -0.0115919 0.0224673 -0.0199007 0.0396388 0.00237635 0.0472164 0.0510694 0.0584793 0.00887246 -0.013935 -0.00813744 0.0159767 0.000709704 0.00375657 -0.0260716
internal_weight=21030.8 14151.5 6879.27 10065.1 3705.85 3173.43 2908.04 2744.25 2170.74 4086.36 7604.65 5153.35 1753.05 2719.9 2503.98 2451.3
internal_count=116269 80153 36116 58468 18620 17496 14447 13473 10601 21685 43492 29116 9360 14727 13432 14376
cat_boundaries=0 4
cat_threshold=25170960 336110080 303089136 4
is_linear=0
shrinkage=0.0659825


Tree=9
num_leaves=17
num_cat=2
split_feature=11 19 24 11 23 0 16 18 16 24 17 24 8 17 18 0
split_gain=1635.53 562.031 484.755 250.895 240.589 182.941 106.093 96.3105 87.2521 79.2638 76.6288 70.9768 68.9884 88.6271 66.2016 66.0892
threshold=2.5000000000000004 1.0000000180025095e-35 0.24011491042572719 49.500000000000007 0.1945758163645615 0 65.480000000000004 14.384750000000002 75.110000000000014 0.37876692026479603 78.860000000000014 0.15291469237332755 27.500000000000004 56.775000000000013 12.083190000000002 1
decision_type=10 8 10 10 2 9 10 10 10 10 10 8 2 10 10 9
left_child=1 2 5 10 12 -1 7 15 -6 -10 11 -2 13 -4 -7 -3
right_child=3 6 4 -5 8 14 -8 -9 9 -11 -12 -13 -14 -15 -16 -17
leaf_value=-0.029148522290342527 0.0018256382573226184 0.037992074690781717 -0.019216677102542486 0.10398276955250259 0.0051327646904896235 -0.016379921751768594 0.057936439437523843 0.046061580654546033 0.010949471064536623 0.037526577737768387 0.077752062903057043 0.046307075102257303 -0.041250446323342738 0.0047238083976588498 -0.0021309128674073989 -0.0059406783981765894
leaf_weight=4140.1951612234116 198.46204760670662 188.23976415395737 1385.6489777863026 457.31673209369183 2594.3672500103712 3844.4605578184128 467.32897891104221 405.21676121652126 1040.1057682037354 927.59836913645267 261.14490106701851 735.9915244281292 289.67498035728931 1300.0093408077955 2251.784983932972 540.57856741547585
leaf_count=25493 995 914 8026 1882 13953 21992 2167 1992 5393 4623 1133 3442 1815 7282 12654 2765
internal_value=-0.000351182 -0.00573352 -0.00910989 0.0625239 0.00358783 -0.0184561 0.0316312 0.0205331 0.0131009 0.0235573 0.0462079 0.0369348 -0.0109955 -0.00764406 -0.0111061 0.00606872
internal_weight=21028.1 19375.2 17773.8 1652.92 7537.4 10236.4 1601.36 1134.04 4562.07 1967.7 1195.6 934.454 2975.33 2685.66 6096.25 728.818
internal_count=116521 109069 101231 7452 41092 60139 7838 5671 23969 10016 5570 4437 17123 15308 34646 3679
cat_boundaries=0 1 2
cat_threshold=4626 16417
is_linear=0
shrinkage=0.0659825


Tree=10
num_leaves=17
num_cat=4
split_feature=5 17 5 11 17 0 11 1 17 22 11 0 0 22 11 22
split_gain=3272.4 892.73 372.348 352.764 257.149 249.233 248.101 154.42 139.948 137.743 124.654 103.216 92.8102 79.7127 77.3615 70.8382
threshold=13.500000000000002 61.915000000000006 9.5000000000000018 24.500000000000004 86.64500000000001 0 13.500000000000002 1 60.975000000000001 0.13414506862938738 1.0000000180025095e-35 2 3 0.19944555284874968 -1.0000000180025095e-35 0.15715234600763797
decision_type=2 8 2 10 10 9 10 1 10 2 8 9 9 2 8 2
left_child=2 3 11 5 7 13 8 -3 -4 -6 15 -1 -10 -2 -7 -9
right_child=1 4 6 -5 9 14 -8 10 12 -11 -12 -13 -14 -15 -16 -17
leaf_value=-0.052291151289277291 0.0017958189041647169 0.0217212333798204 -0.02495041144219139 0.071103123382769695 0.0051009620337203864 -0.020561818281354421 0.075235927589247839 -0.02448848393098577 0.026292858046898612 0.077268697375797696 0.061514504746457754 -0.032455345170048777 -0.010296453513110268 0.027590390973427397 0.00017536409371238961 0.035576566496635854
leaf_weight=1874.1176058799028 722.40332978963852 1623.6110401600599 2729.1932653337717 364.61680859327316 127.94933789968491 1136.3959319293499 127.1018483042717 112.47202187776566 414.20509548485279 1233.0828809589148 1193.6485186070204 3632.449128061533 993.84152911603451 1878.6663749814034 2489.6109524071217 307.44136026501656
leaf_count=12273 4000 8238 16060 1514 635 6429 550 590 2144 5564 5804 22073 5523 9569 14052 1505
internal_value=-0.00019226 0.0241635 -0.0280827 0.00858243 0.0464576 0.00485405 -0.0134174 0.0362167 -0.0162503 0.0705386 0.0506625 -0.0394116 0.000648704 0.0203697 -0.00633045 0.0193653
internal_weight=20960.8 11189.9 9770.91 6591.69 4598.21 6227.08 4264.34 3237.17 4137.24 1361.03 1613.56 5506.57 1408.05 2601.07 3626.01 419.913
internal_count=116523 57900 58623 35564 22336 34050 24277 16137 23727 6199 7899 34346 7667 13569 20481 2095
cat_boundaries=0 1 2 3 4
cat_threshold=26848 2 20498 16928
is_linear=0
shrinkage=0.0659825


Tree=11
num_leaves=17
num_cat=1
split_feature=11 21 23 23 11 24 16 23 16 19 8 4 24 7 0 20
split_gain=1290.97 759.795 281.771 255.144 146.206 129.316 109.386 108.062 98.4305 83.6055 71.7239 79.0941 85.5735 69.6692 66.7066 61.3835
threshold=8.5000000000000018 1011.5500000000001 0.1982689939624532 0.20841362774803077 38.500000000000007 0.13179607434427656 60.440000000000005 0.14235670986898577 75.110000000000014 1.0000000180025095e-35 28.500000000000004 4.5000000000000009 0.46353617843343881 2.5000000000000004 0 1.1250000000000002
decision_type=10 10 2 2 10 10 10 2 10 10 2 2 10 2 9 8
left_child=1 2 6 7 -2 -5 15 -3 9 -4 11 12 14 -10 -7 -1
right_child=4 3 8 5 -6 10 -8 -9 13 -11 -12 -13 -14 -15 -16 -17
leaf_value=0.036307633009625216 0.042209369457597415 -0.036669275288667633 0.01156035636766181 -0.024734929368703272 0.086800517610312058 0.015064426472063418 0.015242750674844565 -0.017723833242206822 -0.017745779693009289 0.042525985211121477 -0.025162784299765841 -0.011165197112781692 0.053759279435641134 0.046158906419670569 -0.0038259082219294165 -0.013316721333745162
leaf_weight=109.48521192371845 743.6037483215332 1792.2577961534262 1721.0775532573462 1102.2865210175514 590.33928082883358 1576.1659804880619 1158.355839535594 4951.9894433319569 76.345329001545906 483.92309039831161 440.56628762185574 1321.6744198352098 161.68662261962891 1122.5405652821064 1657.3830863684416 1809.1444365680218
leaf_count=577 3332 11606 9029 6377 2387 8242 6327 29857 386 2208 2724 7229 797 5467 9166 10356
internal_value=-0.000386067 -0.00469313 0.0137549 -0.0138894 0.0622558 -0.00428909 -0.000720484 -0.0227878 0.0268175 0.0184572 0.00010535 0.00249558 0.00782409 0.0420186 0.005428 -0.0103763
internal_weight=20818.8 19484.9 6480.87 13004 1333.94 6259.76 3076.99 6744.25 3403.89 2205 5157.48 4716.91 3395.24 1198.89 3233.55 1918.63
internal_count=116067 110348 34350 75998 5719 34535 17260 41463 17090 11237 28158 25434 18205 5853 17408 10933
cat_boundaries=0 1
cat_threshold=16417
is_linear=0
shrinkage=0.0659825


Tree=12
num_leaves=17
num_cat=1
split_feature=21 23 23 13 17 2 17 12 13 8 23 21 18 23 21 17
split_gain=784.57 354.241 354.095 266.314 148.584 117.594 108.961 138.054 98.1988 71.672 71.2604 57.8395 55.2747 52.7134 41.4351 40.7224
threshold=1011.7500000000001 0.19739797966892816 0.1817257498631116 198.50000000000003 61.915000000000006 0 56.235000000000007 1.0000000180025095e-35 240.50000000000003 27.500000000000004 0.13974417423862384 1017.2500000000001 14.384750000000002 0.2443095817479832 1002.1500000000002 90.125000000000014
decision_type=10 2 2 8 8 9 8 2 10 2 2 10 8 2 8 10
left_child=1 4 10 -4 -1 13 -3 9 12 14 -2 -7 -6 -5 -8 -13
right_child=2 6 3 5 8 11 7 -9 -10 -11 -12 15 -14 -15 -16 -17
leaf_value=-0.015112290298193803 -0.035630884100675921 0.014301582809424446 0.1301739083643689 -0.00027939435107454945 -0.0017821954485939808 -8.6081543176031204e-05 0.083108394611528816 0.060287915197434663 0.045664696854147195 -0.002625455887151548 -0.018242750918640509 -0.014975379284549378 0.025137182883121039 0.016907144633874268 0.03086208870750538 0.021672426338342168
leaf_weight=1383.4328624159098 1618.166207447648 1260.2529631704092 59.758370712399483 1724.7725984603167 1103.1475236564875 2243.25964230299 65.437037006020546 830.67207741737366 329.3471585214138 283.16833953559399 2873.3741425722837 3452.6084662526846 468.41853800415993 1407.3448393195868 1591.2612362354994 131.92628261446953
leaf_count=8203 10642 6326 276 9868 6165 12265 308 3609 1505 1621 17734 19693 2469 7291 7878 700
internal_value=-2.55306e-06 0.0173938 -0.00942486 -0.00188221 0.00130009 -0.00285302 0.0304849 0.0377977 0.0132549 0.0280045 -0.0245479 -0.00838406 0.00630909 0.00743756 0.0332301 -0.0135912
internal_weight=20826.3 7315.14 13511.2 9019.67 3284.35 8959.91 4030.79 2770.54 1900.91 1939.87 4491.54 5827.79 1571.57 3132.12 1656.7 3584.53
internal_count=116553 38084 78469 50093 18342 49817 19742 13416 10139 9807 28376 32658 8634 17159 8186 20393
cat_boundaries=0 4
cat_threshold=2759884820 97550416 982581982 81
is_linear=0
shrinkage=0.0659825


Tree=13
num_leaves=17
num_cat=3
split_feature=5 17 5 21 16 21 2 1 16 23 2 5 16 7 24 17
split_gain=2920.28 721.766 488.785 305.209 293.422 211.383 157.922 155.75 155.599 137.368 104.806 104.248 93.6741 87.3965 79.0531 78.7533
threshold=14.500000000000002 59.610000000000007 11.500000000000002 1017.6500000000002 82.760000000000005 1016.0500000000001 0 1 48.110000000000007 0.2459772567248816 2 7.5000000000000009 46.220000000000006 2.5000000000000004 0.31966011042098003 82.960000000000022
decision_type=2 8 2 10 10 10 9 1 10 2 9 2 8 2 10 10
left_child=2 4 9 8 7 -6 15 10 -3 11 -2 -1 -11 -10 -5 -4
right_child=1 3 6 14 5 -7 -8 -9 13 12 -12 -13 -14 -15 -16 -17
leaf_value=-0.050330831687905191 -0.0014028348616425604 0.032623812175457068 0.0065445579064430763 0.0099415313999644071 0.06895858667278576 0.0016418599497941336 -0.015554594532848147 -0.0068257238384238387 0.0053971824104141423 0.0075504573153689592 0.032222997989003112 -0.031193945212652303 -0.026357134475380944 0.0680388696495932 0.050650316114439646 0.052996236588237919
leaf_weight=2062.3271982222795 681.8863587975502 893.05882406234741 1442.7754620164633 1024.0306333601475 555.00541232526302 318.72847662866116 2153.2980681210756 2739.3163150846958 102.48507112264633 472.46656024456024 986.30982428789139 3248.8305507898331 1389.0387060493231 2255.9171032458544 255.8420267701149 172.72382675111294
leaf_count=13853 3739 4284 7793 5457 2756 1680 11961 15543 474 2726 4919 20756 7999 10305 1226 794
internal_value=0.0002692 0.0263962 -0.0231639 0.0456979 0.00980089 0.0445881 -0.00391479 0.00285143 0.0564325 -0.0332659 0.0187083 -0.0386752 -0.0177546 0.0653382 0.0182855 0.0116243
internal_weight=20754 9812.58 10941.5 4531.33 5281.25 873.734 3768.8 4407.51 3251.46 7172.66 1668.2 5311.16 1861.51 2358.4 1279.87 1615.5
internal_count=116265 50383 65882 21746 28637 4436 20548 24201 15063 45334 8658 34609 10725 10779 6683 8587
cat_boundaries=0 4 5 9
cat_threshold=671622288 498607208 2147566160 13 1 1086324768 23267328 1094189648 72
is_linear=0
shrinkage=0.0659825


Tree=14
num_leaves=17
num_cat=3
split_feature=11 21 16 17 0 11 0 0 18 16 8 4 21 18 17 16
split_gain=980.703 515.478 205.482 228.847 179.714 175.029 106.444 80.6283 78.4199 71.6325 67.8728 62.2591 60.3024 58.9804 58.5598 58.3813
threshold=2.5000000000000004 1011.5500000000001 70.520000000000024 64.805000000000021 0 34.500000000000007 1 2 13.233970000000001 74.480000000000004 28.500000000000004 4.5000000000000009 1017.1500000000002 12.083190000000002 67.470000000000013 82.760000000000005
decision_type=10 10 10 8 9 10 9 9 10 10 2 2 10 10 10 10
left_child=1 2 3 7 9 -2 8 -1 -5 -3 13 -10 -11 -6 15 -15
right_child=5 4 -4 6 10 -7 -8 -9 11 12 -12 -13 -14 14 -16 -17
leaf_value=0.016300171714688116 0.031155406550118191 -0.027680431782391764 0.026222291711238802 -0.0047080197407348128 -0.0085887958393273418 0.075075264578295164 0.038195866186603949 -0.022265846664395163 0.031160723307011869 0.0055660691254062972 -0.026852644678162861 -0.030499671861845584 -0.022859046224516774 -0.0051115525172277685 0.025092857291009803 0.026672780891198195
leaf_weight=271.02922619879246 1045.6478277742863 3268.3756002634764 2394.6854097992182 1045.1418063044548 4758.5162219852209 645.77703100442886 627.85045619308949 1464.5485594123602 600.00417312979698 619.32052654027939 620.6393636316061 75.758693799376488 672.73846332728863 1858.2208807021379 454.90682856738567 284.60531908273697
leaf_count=1359 4780 21576 11944 5643 27029 2607 3053 8725 2984 3648 4049 411 4178 10665 2341 1470
internal_value=8.66243e-05 -0.00420177 0.0109034 0.00189543 -0.0120093 0.0481383 0.0153044 -0.0162407 0.00658557 -0.0224359 -0.0059999 0.0240321 -0.00927285 -0.00422744 0.00376312 -0.000824787
internal_weight=20707.8 19016.3 6479.02 4084.33 12537.3 1691.42 2348.76 1735.58 1720.9 4560.43 7976.89 675.763 1292.06 7356.25 2597.73 2142.83
internal_count=116462 109075 34119 22175 74956 7387 12091 10084 9038 29402 45554 3395 7826 41505 14476 12135
cat_boundaries=0 1 2 3
cat_threshold=4630 6682 32
is_linear=0
shrinkage=0.0659825


Tree=15
num_leaves=17
num_cat=6
split_feature=5 11 11 23 5 5 0 11 13 0 2 2 2 2 22 13
split_gain=2345.09 405.103 295.642 220.623 185.408 173.4 159.458 117.962 116.894 108.336 102.263 101.297 94.8316 70.0567 68.7973 65.7173
threshold=12.500000000000002 -1.0000000180025095e-35 40.500000000000007 0.15352872006943283 15.500000000000002 7.5000000000000009 0 15.500000000000002 205.50000000000003 1 2 3 4 5 0.16138376043030048 208.50000000000003
decision_type=2 8 10 2 2 2 9 10 10 9 9 9 9 9 2 8
left_child=5 8 3 -3 6 -1 13 11 -2 -6 -10 -7 14 -5 -11 -13
right_child=1 2 -4 4 9 7 -8 -9 10 12 -12 15 -14 -15 -16 -17
leaf_value=-0.041720886223421863 0.10568288849673722 -0.0028128451711577486 0.072392263360305603 0.010386297597147298 0.048901824257230997 -0.0072506148728327686 0.02896456938319358 0.061456620944712728 -0.020510497439304696 0.007527220561179505 0.0046137166484179065 0.068495245160580517 0.0094519939028929051 -0.01888842087791863 0.038294917038667831 -0.02854510273115635
leaf_weight=2638.3129930943251 36.015763536095619 1366.183944568038 523.43852055072784 731.13830395042896 1434.9737174361944 1477.5234603583813 1214.4458166360855 68.588324368000031 1112.7599620372057 373.98525033891201 1870.181437432766 24.898779109120369 1012.9081827551126 664.63880459964275 2181.4650925993919 3866.5982634723186
leaf_count=17862 164 7979 2110 3885 6831 8796 6006 284 6063 2006 9654 129 5144 3605 10992 24676
internal_value=-0.000126261 0.0177502 0.0244355 0.0215917 0.0259696 -0.0278369 0.0116753 -0.0210603 -0.00330119 0.033403 -0.0048351 -0.0221846 0.0268838 -0.00361062 0.0336899 -0.0277443
internal_weight=20598.1 12522.1 9503.18 8979.74 7613.56 8075.92 2610.22 5437.61 3018.96 5003.33 2982.94 5369.02 3568.36 1395.78 2555.45 3891.5
internal_count=116186 64439 48558 46448 38469 51747 13496 33885 15881 24973 15717 33601 18142 7490 12998 24805
cat_boundaries=0 1 2 6 9 13 16
cat_threshold=10755 24624 1348561920 570957857 2147762944 128 673776642 84976640 35874168 1703414832 841154569 168067824 8 1640055856 268443656 167772240
is_linear=0
shrinkage=0.0659825


Tree=16
num_leaves=17
num_cat=3
split_feature=5 17 5 24 11 11 2 2 24 21 4 24 17 17 0 24
split_gain=2198.16 531.941 413.852 253.11 218.014 175.701 136.688 127.404 106.545 102.832 98.4732 90.5878 71.1568 70.6913 70.6082 67.6093
threshold=14.500000000000002 75.945000000000007 9.5000000000000018 0.11499128919860628 27.500000000000004 42.500000000000007 0 1 0.45448179916896236 1017.6500000000002 4.5000000000000009 0.31110740141983556 82.105000000000018 80.295000000000016 2 0.15291469237332755
decision_type=2 8 2 8 10 10 9 9 10 10 2 10 10 10 9 10
left_child=2 3 14 -2 6 7 12 10 9 -3 11 -5 -4 15 -1 -8
right_child=1 8 4 5 -6 -7 13 -9 -10 -11 -12 -13 -14 -15 -16 -17
leaf_value=-0.0397962048636471 -0.018244698737016698 0.050636281359238373 -0.00045449388679940283 0.022041803217592158 0.073645183313913606 0.067597038465613504 -0.036359970629942298 0.0060747975106517178 0.092153096048343 0.015936543138908521 0.0051458771165393408 0.050129702863424837 0.040173324444802538 0.0048742642517886538 -0.021835004016759699 -0.015296512923355357
leaf_weight=3636.6422373130918 978.36646698415279 1842.1651283204556 1509.9821612685919 1383.5061796158552 130.20134571194649 287.41967085003853 946.7474025785923 3202.5158032774925 215.89032077789307 474.70908871293068 787.6322133988142 794.91376248002052 208.0569629073143 506.7885702252388 1459.1879235506058 2249.9676811695099
leaf_count=25409 5820 8085 8463 7303 528 1158 6120 17014 909 2316 4187 3737 987 2543 9045 13090
internal_value=-0.000399058 0.0218634 -0.0212394 0.0129452 -0.008761 0.0176849 -0.0108225 0.0152933 0.0479446 0.0435885 0.0251081 0.0324052 0.00456679 -0.0179212 -0.0348068 -0.0215935
internal_weight=20614.7 9967.12 10647.6 7434.35 5551.74 6455.99 5421.54 6168.57 2532.76 2316.87 2966.05 2178.42 1718.04 3703.5 5095.83 3196.72
internal_count=116714 50529 66185 39219 31731 33399 31203 32241 11310 10401 15227 11040 9450 21753 34454 19210
cat_boundaries=0 4 8 9
cat_threshold=671162502 232268904 2300601944 1 761791504 911213161 444694680 65 30746
is_linear=0
shrinkage=0.0659825


Tree=17
num_leaves=17
num_cat=1
split_feature=5 17 21 16 21 5 13 5 4 19 13 1 21 16 16 17
split_gain=1898.51 576.646 259.737 201.882 172.911 162.463 155.349 123.306 119.647 108.823 88.0902 83.7513 92.7885 77.1909 70.4827 65.0363
threshold=12.500000000000002 59.610000000000007 1012.5500000000001 82.220000000000013 1015.85 7.5000000000000009 215.50000000000003 17.500000000000004 4.5000000000000009 1.0000000180025095e-35 205.50000000000003 0 1033.0500000000002 47.480000000000011 34.970000000000006 87.460000000000022
decision_type=2 8 10 10 10 2 8 2 2 10 8 1 10 10 10 10
left_child=5 3 8 6 7 -1 -2 -5 13 10 -7 -8 -13 -3 -11 -4
right_child=1 2 15 4 -6 9 11 -9 -10 14 -12 12 -14 -15 -16 -17
leaf_value=-0.039221422059719818 0.089954650689880788 0.03253547924270344 0.012325942951308821 0.031830487170463988 -0.0022163385704543903 0.058990613978033957 0.0070535519324010426 0.09475053304024747 0.015579894205088627 0.091047613868067478 -0.022666399627302183 -0.010888473949402875 0.059686165951772008 0.058891046337513644 0.0034928276287185252 0.042189758743154657
leaf_weight=2518.7303160727024 73.078968927264214 711.38011047244072 2239.0732942521572 614.34177535772324 535.62135946750641 52.41891898214817 2213.8604971766472 172.7983530908823 498.3524706363678 38.162051320075989 4811.0387443602085 3490.5285569429398 76.899762362241745 1726.0189415961504 412.16804701089859 366.14297153055668
leaf_count=17928 326 3237 11366 2984 2821 263 11499 804 2276 205 31392 19980 452 7440 2140 1689
internal_value=0.000124208 0.0158603 0.0318379 0.00350815 0.0267245 -0.0254196 -0.00176035 0.0462802 0.0452838 -0.0188392 -0.0217118 -0.0030155 -0.00926552 0.0513017 0.0120563 0.0166139
internal_weight=20550.6 12718.1 5540.97 7177.13 1322.76 7832.52 5854.37 787.14 2935.75 5313.79 4863.46 5781.29 3567.43 2437.4 450.33 2605.22
internal_count=116802 64874 26008 38866 6609 51928 32257 3788 12953 34000 31655 31931 20432 10677 2345 13055
cat_boundaries=0 1
cat_threshold=1
is_linear=0
shrinkage=0.0659825


Tree=18
num_leaves=17
num_cat=0
split_feature=11 24 19 22 22 4 8 19 16 4 7 16 22 11 11 7
split_gain=652.368 353.54 191.72 139.444 126.032 103.916 80.9207 74.9224 66.6504 97.5971 118.213 58.025 54.9387 53.3171 52.3864 52.2872
threshold=21.500000000000004 0.25425213312990907 1.0000000180025095e-35 0.2138953938796517 0.18499165670019901 4.5000000000000009 29.500000000000004 1.0000000180025095e-35 81.050000000000011 2.5000000000000004 30.500000000000004 63.500000000000007 0.1491261965695482 59.500000000000007 -3.4999999999999996 5.5000000000000009
decision_type=10 10 8 2 2 2 2 10 10 2 2 8 2 10 10 2
left_child=1 2 3 12 14 6 7 8 9 15 -11 -4 -1 -2 -3 -6
right_child=13 4 11 -5 5 -7 -8 -9 -10 10 -12 -13 -14 -15 -16 -17
leaf_value=-0.028600785721459125 0.040364128636096785 -0.0089583236879369702 0.00522448955741916 -0.0042651291227194981 0.026286453793496044 -0.0043459628140090443 -0.015015489688208202 0.050473944614159154 0.034432466083835739 0.017774275451540512 0.071587810122721959 0.037064220425574723 -0.015056658508600983 0.074100036806814359 0.02349842452962897 -0.0030546574607084147
leaf_weight=1969.1208069473505 534.74883703887463 1964.3795910403132 768.52776376157999 4594.4213145002723 320.0286126434803 1167.0549202263355 302.14294031262398 321.63720019161701 799.18398838490248 1164.237171895802 205.33194407075644 364.34976947307587 3944.6169021055102 364.88561406731606 237.19923321902752 1389.9207163006067
leaf_count=13355 2195 11656 3774 26447 1669 6350 2096 1433 3853 6071 1045 1619 24961 1490 1160 7304
internal_value=-0.0002744 -0.00281479 -0.0101159 -0.0128972 0.00798267 0.0131815 0.0177244 0.0200983 0.0175023 0.0130479 0.0261306 0.0156117 -0.0195919 0.0544637 -0.00540484 0.0025124
internal_weight=20411.8 19512.2 11641 10508.2 7871.12 5669.54 4502.48 4200.34 3878.7 3079.52 1369.57 1132.88 5913.74 899.634 2201.58 1709.95
internal_count=116478 112793 70156 64763 42637 29821 23471 21375 19942 16089 7116 5393 38316 3685 12816 8973
is_linear=0
shrinkage=0.0659825


Tree=19
num_leaves=17
num_cat=0
split_feature=11 21 11 23 16 13 20 13 23 16 21 23 21 18 8 7
split_gain=582.925 388.18 161.015 160.857 150.482 131.001 87.0879 84.6906 71.6999 71.9903 72.3835 69.0282 62.6454 60.9811 54.5878 57.03
threshold=1.0000000180025095e-35 1011.7500000000001 57.500000000000007 0.15352872006943283 60.440000000000005 198.50000000000003 1.8750000000000002 235.50000000000003 0.24386470281513214 83.840000000000018 1018.0500000000001 0.24956703610482653 1002.1500000000002 14.384750000000002 28.500000000000004 2.5000000000000004
decision_type=10 10 10 2 8 8 10 10 2 10 10 2 8 10 2 2
left_child=1 4 7 -3 6 -5 -1 -2 9 -7 -11 13 -6 -8 15 -14
right_child=2 3 -4 5 12 8 11 -9 -10 10 -12 -13 14 -15 -16 -17
leaf_value=0.036108558743338529 0.068591952154866867 -0.027705936656683135 0.07320822851880289 0.10375847377360913 0.060758858136639643 -0.013839392664723249 -0.018736696308342998 0.019432422261067946 0.00018363987080899125 0.032934955576742746 -0.014046741793637629 0.019181920560793635 -0.019387325452423457 0.0023630484398044719 -0.016689577980561324 0.020989123628413247
leaf_weight=242.93399664014578 167.15918177366257 2002.1800741925836 372.39471052587032 39.878615319728851 142.59381100535393 5998.5717892795801 1287.0796870291233 1384.4225270822644 3311.3689518794417 295.56515330076218 265.86568579077721 442.81402511894703 155.79246264696121 1104.266992084682 194.40530946850777 2970.9608186930418
leaf_count=1223 729 14278 1535 179 674 37445 7517 6209 18348 1639 1593 2176 825 6330 1241 14721
internal_value=2.19327e-05 -0.00358552 0.0345234 -0.0106744 0.00932396 -0.00721858 -0.00129636 0.0249824 -0.00773222 -0.0117244 0.010777 -0.00457492 0.0187441 -0.00901256 0.0168295 0.0189427
internal_weight=20378.3 18454.3 1923.98 11913.4 6540.85 9911.25 3077.09 1551.58 9871.37 6560 561.431 2834.16 3463.75 2391.35 3321.16 3126.75
internal_count=116662 108189 8473 73482 34707 59204 17246 6938 59025 40677 3232 16023 17461 13847 16787 15546
is_linear=0
shrinkage=0.0659825


Tree=20
num_leaves=17
num_cat=3
split_feature=5 17 11 23 2 8 0 23 11 24 11 5 24 1 5 4
split_gain=1601.02 562.317 182.013 168.638 151.699 133.924 112.967 85.2917 73.1053 72.8605 61.9328 60.6409 51.8196 51.4514 60.7947 49.5176
threshold=11.500000000000002 64.805000000000021 38.500000000000007 0.14534574715770457 0 15.500000000000002 1 0.25709638928785911 16.500000000000004 0.25849694769839965 -3.4999999999999996 7.5000000000000009 0.31110740141983556 2 14.500000000000002 4.5000000000000009
decision_type=2 8 10 2 9 2 9 2 10 10 8 2 10 1 2 2
left_child=6 2 3 -2 12 8 -1 9 -3 -7 -6 -8 -5 -11 -15 -14
right_child=1 5 -4 4 10 7 11 -9 -10 13 -12 -13 15 14 -16 -17
leaf_value=-0.011342307046504059 -0.022127198140798884 0.0010711835186045771 0.053042204497566893 0.01027652545346496 -0.020742202276280392 0.021599627923296248 -0.040904231584313132 0.053699064241933811 0.050331061587432328 0.068526241718213393 0.00031777662948592408 -0.025685953938667648 0.036616624198436948 0.0012039312152507128 0.042471639862032215 -0.0013956645472711991
leaf_weight=1662.5468000248075 1166.5665147081017 836.49329272657633 297.84723000228405 2171.9626206606627 736.73119485378265 1745.1156307458878 1892.1008249595761 921.13946117460728 149.37684164941311 261.11329092085361 3344.0139843672514 3021.8702017217875 734.41639399528503 187.47088681161404 913.42705102264881 186.27619342505932
leaf_count=10252 7667 4049 1217 11801 4105 8576 14356 4019 622 1172 18169 20742 3462 907 4028 950
internal_value=0.00022609 0.0131091 0.0029001 0.00107101 0.00485956 0.0306706 -0.0265043 0.0360001 0.00880477 0.0306558 -0.00350168 -0.0315261 0.0158372 0.0421078 0.0354906 0.0289683
internal_weight=20228.5 13652 8637.81 8339.97 7173.4 5014.14 6576.52 4028.27 985.87 3107.13 4080.75 4913.97 3092.66 1362.01 1100.9 920.693
internal_count=116094 70744 47371 46154 38487 23373 45350 18702 4671 14683 22274 35098 16213 6107 4935 4412
cat_boundaries=0 4 5 6
cat_threshold=545260048 349216857 983581404 9 864 4
is_linear=0
shrinkage=0.0659825


Tree=21
num_leaves=17
num_cat=5
split_feature=11 21 23 0 24 2 11 4 2 21 23 2 24 23 23 2
split_gain=476.751 321.592 166.389 164.354 122.313 95.0565 94.5156 72.7578 48.6149 48.0109 43.9737 43.3828 35.4081 35.3458 34.5512 47.2596
threshold=2.5000000000000004 1011.5500000000001 0.15653342900870457 0 0.11755368814192345 1 49.500000000000007 4.5000000000000009 2 1015.6500000000002 0.14468866137192574 3 0.48403472384839269 0.12783462614888222 0.24386470281513214 4
decision_type=10 10 2 9 8 9 10 2 9 10 2 9 10 2 2 9
left_child=1 3 -3 11 -4 12 9 8 -5 -2 -10 -1 -6 -9 -7 -16
right_child=6 2 4 7 5 14 -8 13 10 -11 -12 -13 -14 -15 15 -17
leaf_value=0.00088045344132406628 0.035314614170744059 -0.026557885592277682 -0.024387753495188496 0.014169152128518336 -0.011731285265682762 -0.0012170007973119656 0.05949775613669607 -0.047037429382955069 -0.024161632785994772 0.0095296097009709129 0.0034425410998321897 0.030190079425302989 0.017774831878791864 -0.0088112634722429407 -0.0013611060190126636 0.019936667407907303
leaf_weight=269.00913400948048 708.11292704939842 2057.7986134812236 1350.5761189386249 1813.5285257995129 3892.5797660574317 2731.8692238777876 437.42732100188732 113.92113722860813 293.70312234759331 572.50217178463936 1541.516643255949 1500.7394190430641 180.09624139219522 898.05535033345222 820.45155840367079 1004.9273754060268
leaf_count=1337 3029 15053 8880 9778 23696 16488 1834 769 1699 2587 7967 7308 1008 5143 4461 5336
internal_value=-4.30238e-05 -0.00313985 -0.0095018 0.00876783 -0.00597073 -0.00307293 0.0331383 0.00222088 0.00656837 0.0238896 -0.00103648 0.0257834 -0.0103759 -0.0133766 0.00347386 0.0104934
internal_weight=20186.8 18468.8 12038.3 6430.47 9980.5 8629.92 1718.04 4660.72 3648.75 1280.62 1835.22 1769.75 4072.68 1011.98 4557.25 1825.38
internal_count=116373 108923 74922 34001 59869 50989 7450 25356 19444 5616 9666 8645 24704 5912 26285 9797
cat_boundaries=0 1 5 9 12 16
cat_threshold=57569 1432381506 2450130953 3222178848 139 1103102000 301989897 134251216 8 16795776 8397840 1024 134284452 163653136 10510344 4
is_linear=0
shrinkage=0.0659825


Tree=22
num_leaves=17
num_cat=2
split_feature=5 5 24 0 23 4 4 7 0 7 7 4 24 7 4 16
split_gain=1388.14 275.864 217.53 125.969 107.881 104.838 84.4789 78.3717 74.8295 74.7184 68.9737 79.9085 85.429 66.2975 77.4767 64.9247
threshold=14.500000000000002 9.5000000000000018 0.25425213312990907 0 0.12238528227788655 4.5000000000000009 4.5000000000000009 39.500000000000007 1 4.5000000000000009 15.500000000000002 5.5000000000000009 0.17917192295381373 19.500000000000004 2.5000000000000004 68.540000000000006
decision_type=2 2 10 9 2 2 2 2 9 2 2 2 10 2 2 10
left_child=1 8 4 6 -2 -4 -3 10 -1 -7 11 -6 -13 14 -12 -16
right_child=2 3 5 -5 7 9 -8 -9 -10 -11 13 12 -14 -15 15 -17
leaf_value=-0.042135611523843729 -0.019965506997993456 0.0097426132772284717 0.034466762446419219 -0.017143297103752723 0.0033028796426411381 0.060392218668718474 -0.016084963434689511 -0.011063126864815387 -0.023162449570734725 -0.00022743676380099724 0.088486001950093041 0.048462143668026245 -0.0071559803502510488 0.018432438839791721 0.065592950943629644 -0.0031064371281734711
leaf_weight=1331.8425669372082 490.5841818600893 2060.0448496043682 3292.0060573965311 2667.6906946226954 2404.7082755714655 95.319424659013748 745.93281616270542 561.79107476770878 3377.0254866927862 689.07097224891186 134.52222456037998 376.75892028212547 173.12972237169743 1536.3974848091602 96.71886633336544 141.8917760103941
leaf_count=10925 3108 10939 15074 16777 12527 459 4180 3134 23367 3404 620 1986 928 8078 427 754
internal_value=0.000123804 -0.0170166 0.0175892 -0.00693062 0.00949241 0.0293084 0.00284609 0.0121757 -0.028716 0.00755793 0.0148705 0.00852483 0.0310673 0.0246293 0.0494216 0.025703
internal_weight=20175.4 10182.5 9992.9 5473.67 5916.5 4076.4 2805.98 5425.92 4708.87 784.39 4864.13 2954.6 549.889 1909.53 373.133 238.611
internal_count=116687 66188 50499 31896 31562 18937 15119 28454 34292 3863 25320 15441 2914 9879 1801 1181
cat_boundaries=0 1 2
cat_threshold=17128 4114
is_linear=0
shrinkage=0.0659825


Tree=23
num_leaves=17
num_cat=4
split_feature=5 5 11 2 2 24 2 11 11 2 20 24 19 24 5 20
split_gain=1213.57 259.725 214.561 135.126 124.38 113.65 73.3729 66.9665 66.8334 63.5656 60.4621 53.9692 46.6222 43.7319 43.6722 43.4126
threshold=14.500000000000002 10.500000000000002 1.0000000180025095e-35 0 1 0.25425213312990907 2 12.500000000000002 49.500000000000007 3 9.5000000000000018 0.10420059717698156 1.0000000180025095e-35 0.24011491042572719 18.500000000000004 9.5000000000000018
decision_type=2 2 8 9 9 10 9 10 10 9 10 10 10 10 2 10
left_child=1 6 9 14 7 8 -1 -3 10 -2 -5 -12 -6 -11 -4 -7
right_child=2 4 3 5 12 15 -8 -9 -10 13 11 -13 -14 -15 -16 -17
leaf_value=-0.032626620492161834 -0.013028481660129662 -0.019196569677345416 -0.0018262449743066929 0.036753847637262499 0.0024674480072364169 0.057664757227325537 -0.016926334950666092 0.035911485969815866 0.059575126475370908 -0.000897634872029677 -0.0089143853071895554 0.01658854129220334 0.033148670864633696 0.022456696712029 0.020373651835942412 0.033458118293234716
leaf_weight=3058.6199513524771 1023.2647870928049 1959.9534670859575 1161.2496734559536 535.77861127257347 2283.94389411062 398.05656543374062 2442.6743862852454 95.306363344192505 160.92713040113449 880.53650918602943 426.15348660945892 2246.3012688010931 232.02784678339958 571.61976563930511 570.82608599960804 2038.0634059756994
leaf_count=23285 5408 11879 6039 2396 12874 1687 16606 401 676 4774 2544 11916 1047 2663 2753 9442
internal_value=4.36476e-05 -0.0161221 0.0163058 0.0218371 -0.00448895 0.0266434 -0.0257725 -0.0164602 0.0187808 -0.000548948 0.0166227 0.0125105 0.00535079 0.00829537 0.00550523 0.0375508
internal_weight=20085.3 10072.5 10012.8 7537.36 4571.23 5805.28 5501.29 2055.26 3369.16 2475.42 3208.23 2672.45 2515.97 1452.16 1732.08 2436.12
internal_count=116390 66092 50298 37453 26201 28661 39891 12280 17532 12845 16856 14460 13921 7437 8792 11129
cat_boundaries=0 4 8 12 16
cat_threshold=2147582885 723984 1698180258 128 1438664706 572656160 1358987552 5 1887455248 308480008 419693056 8 3504438304 620831776 135023616 133
is_linear=0
shrinkage=0.0659825


Tree=24
num_leaves=17
num_cat=1
split_feature=11 22 21 13 16 13 21 11 13 0 21 21 21 13 22 22
split_gain=321.094 268.684 235.565 124.725 89.9302 74.4309 74.9523 65.4199 54.1386 54.0342 46.7952 46.4412 57.8353 45.4497 44.1782 42.5778
threshold=12.500000000000002 0.15963941921308014 1015.4500000000002 190.50000000000003 83.300000000000011 205.50000000000003 1004.5500000000001 59.500000000000007 235.50000000000003 0 1000.5500000000001 1014.2500000000001 1010.5500000000001 350.50000000000006 0.30123489859179448 0.11940883051436961
decision_type=10 2 10 8 10 8 10 10 10 9 8 10 8 10 2 2
left_child=1 15 4 -4 5 -3 10 8 -2 -5 -7 12 -6 -9 -8 -1
right_child=7 2 3 9 11 6 14 13 -10 -11 -12 -13 -14 -15 -16 -17
leaf_value=-0.03080134527166967 0.067912741881005462 0.085665590583314355 0.11029584863563037 -0.013255421952033655 0.041699120099740437 0.056023183572141054 -0.00092486627191256808 0.082840928276959852 0.016667832809461495 -0.0019264419243483354 0.014088317056481675 0.066990676521033563 0.0036682336167653748 0.032549720216930804 0.016977335233625265 -0.014202531843230594
leaf_weight=896.7628065943718 97.529513493180275 45.983508706092834 33.143465831875801 3574.927772372961 353.08565416932106 117.28605740517378 3967.1901067122817 160.76361137628555 734.2954263240099 3775.124658934772 2139.9302754849195 122.26615713536739 340.26542792469263 172.58504500985146 700.75245403498411 2753.8159654587507
leaf_count=6278 404 201 146 23169 1634 557 22661 695 3079 21915 10785 599 1704 747 3466 18277
internal_value=-0.000185377 -0.00227086 0.00159861 -0.00684246 0.00960127 0.00716011 0.00656211 0.033333 0.0231375 -0.00746386 0.0164158 0.0302531 0.0232346 0.057881 0.00178171 -0.0183257
internal_weight=19985.7 18820.5 15170 7383.2 7786.76 6971.14 6925.16 1165.17 831.825 7350.05 2257.22 815.617 693.351 333.349 4667.94 3650.58
internal_count=116317 111392 86837 45230 41607 37670 37469 4925 3483 45084 11342 3937 3338 1442 26127 24555
cat_boundaries=0 1
cat_threshold=12830
is_linear=0
shrinkage=0.0659825


Tree=25
num_leaves=17
num_cat=6
split_feature=5 21 5 2 11 21 5 11 2 23 2 22 0 2 23 2
split_gain=1078.15 271.486 163.726 124.097 115.781 106.777 95.5024 84.5481 69.4124 63.6082 62.6381 62.0578 59.5063 54.7265 42.7761 39.6333
threshold=13.500000000000002 1014.85 8.5000000000000018 0 1.5000000000000002 1002.1500000000002 16.500000000000004 14.500000000000002 1 0.24386470281513214 2 0.12316783178576592 3 4 0.20639533556896039 5
decision_type=2 10 2 9 8 10 2 10 9 2 9 2 9 9 2 9
left_child=2 5 12 -4 -3 11 8 -5 -7 13 14 -2 -1 -6 -8 -11
right_child=1 4 3 7 9 6 10 -9 -10 15 -12 -13 -14 -15 -16 -17
leaf_value=-0.042940744476990138 -0.010276737218519566 -0.012788684992786088 0.0040776562804367865 -0.019675149875426803 0.016452887542032241 -0.011036724620537539 0.024876483791349484 0.045507737404229857 0.015992594652471999 0.0020677580490806495 0.01521216676902405 0.041495354180021045 -0.023248521817768257 -0.0029966159751774954 0.050347363971495918 0.028247568307681256
leaf_weight=998.17852959036827 106.08712142705917 1545.0259852409363 1687.654722802341 3214.526665404439 893.60029996931553 671.1425499394536 641.96191903948784 83.284006625413895 1028.8359127566218 367.06980633735657 1324.2131550237536 1419.510081872344 2523.7405583262444 2037.034729488194 552.46075092256069 874.42145808041096
leaf_count=8784 503 8666 10057 21088 4902 3420 3292 346 5063 1715 6289 6077 18286 11428 2453 4111
internal_value=-0.000412898 0.0127935 -0.0182012 -0.0104868 0.00260855 0.0229165 0.0174616 -0.0178919 0.00534927 0.00832106 0.0256035 0.037868 -0.0290834 0.00300206 0.0365538 0.0207991
internal_weight=19968.7 11461.4 8507.38 4985.47 5717.15 5744.21 4218.61 3297.81 1699.98 4172.13 2518.64 1525.6 3521.92 2930.64 1194.42 1241.49
internal_count=116480 57919 58561 31491 30822 27097 20517 21434 8483 22156 12034 6580 27070 16330 5745 5826
cat_boundaries=0 4 7 11 12 15 18
cat_threshold=536944774 483959840 2200462192 8 1369522208 540215296 17597008 1702889488 913312265 16 9 4114 16782336 301998080 436470480 2155945984 83919976 99360
is_linear=0
shrinkage=0.0659825


Tree=26
num_leaves=17
num_cat=0
split_feature=17 24 16 22 18 24 22 16 15 15 18 22 9 22 17 17
split_gain=245.167 202.832 101.694 75.6955 70.0117 66.5578 59.9444 51.1642 48.7021 43.8764 40.1731 40.1222 43.9366 75.6673 36.2979 35.9483
threshold=84.335000000000022 0.15291469237332755 82.220000000000013 0.19224681818019332 13.233970000000001 0.37876692026479603 0.15000842091845421 72.500000000000014 143.50000000000003 175.00000000000003 17.83709 0.30123489859179448 51.500000000000007 0.22492041354234218 51.955000000000005 54.640000000000008
decision_type=10 10 10 2 10 10 2 10 8 8 8 2 2 2 10 10
left_child=1 6 3 15 7 -4 -1 8 -2 -6 -8 12 14 -14 -5 -3
right_child=4 2 5 11 9 -7 10 -9 -10 -11 -12 -13 13 -15 -16 -17
leaf_value=-0.029227240252151097 0.018322747367796734 -0.015956860608610048 0.0069155739646773922 -0.0083262880818649274 0.048353530974370458 0.034988179742400163 -0.013800198496874218 0.027151472200023761 -0.0044227065461125243 0.018822282176716644 0.0090759294699166593 0.01149820810864398 0.067466044473656811 -0.0018809979352053187 0.0030293719107959047 -0.0026210040652124506
leaf_weight=1068.8619287833571 658.97145007550716 1832.1532810628414 1207.2385636046529 2160.7939884588122 387.94146612286568 525.23143739253283 3100.916083291173 563.38264464586973 1062.8592470288277 524.29116415977478 370.18182747811079 1586.8709481358528 104.27426750957966 179.33154027163982 2815.3072541505098 1693.7012838944793
leaf_count=8025 3419 12006 6377 12491 1797 2434 19866 2964 6203 2557 2151 7922 588 1025 15923 10506
internal_value=-0.000493067 -0.00370902 0.000753525 -0.00172096 0.0162228 0.0155214 -0.0155922 0.0100052 0.00431709 0.0316243 -0.0113486 0.0023245 -0.000453597 0.0245203 -0.0019059 -0.00956673
internal_weight=19842.3 16644.9 12104.9 10372.4 3197.45 1732.47 4539.96 2285.21 1721.83 912.233 3471.1 6846.58 5259.71 283.606 4976.1 3525.85
internal_count=116254 99314 69272 60461 16940 8811 30042 12586 9622 4354 22017 37949 30027 1613 28414 22512
is_linear=0
shrinkage=0.0659825


Tree=27
num_leaves=17
num_cat=1
split_feature=11 21 13 24 16 13 23 0 11 7 21 13 20 4 21 18
split_gain=305.37 199.336 135.132 115.58 107.531 76.5885 75.8494 75.8353 67.8157 48.4945 45.6575 44.8218 42.2183 42.1245 41.373 54.9632
threshold=1.0000000180025095e-35 1011.5500000000001 205.50000000000003 0.15291469237332755 70.520000000000024 299.50000000000006 0.15845100365918111 0 36.500000000000007 2.5000000000000004 1032.8500000000001 554.50000000000011 6.5000000000000009 4.5000000000000009 1004.5500000000001 15.535530000000003
decision_type=10 10 8 10 10 10 2 9 10 2 10 8 10 2 10 10
left_child=1 4 -3 12 7 8 -5 14 -2 -6 11 -8 -4 -9 15 -1
right_child=5 2 3 6 9 -7 10 13 -10 -11 -12 -13 -14 -15 -16 -17
leaf_value=-0.0066729618959345685 0.027946369048861636 0.084848554422334244 0.0083967565853917299 -0.020436254658726293 -0.021448304699597475 0.015357392891575681 -0.014232947741785556 0.021458254829834159 0.073897962157278313 0.019858093687757979 0.043078882310494143 0.00028518810334010082 -0.020066116350468996 -0.0087803000095438739 -0.013649081715199001 0.021328485532774669
leaf_weight=949.77095256745815 436.66617482155561 61.776665776968002 239.75786184519529 1049.6453674957156 125.8842693939805 1234.5588678270578 1100.2928956449032 860.46106701344252 210.11208915710449 2268.8911238610744 92.629943020641804 5667.3264646977186 3398.4365399330854 257.13902798295021 1440.3088536188006 442.14427147805691
leaf_count=5308 1951 291 1426 7871 675 5466 5814 4229 912 11089 587 34402 24044 1362 8783 2264
internal_value=-0.000122921 -0.0027761 -0.00791417 -0.008456 0.0066245 0.025123 -0.00397293 -6.94414e-05 0.0434381 0.0176366 -0.00143768 -0.00208614 -0.0181792 0.014363 -0.00581369 0.00227728
internal_weight=19835.8 17954.5 11609.9 11548.1 6344.6 1881.34 7909.89 3949.82 646.778 2394.78 6860.25 6767.62 3638.19 1117.6 2832.22 1391.92
internal_count=116474 108145 74435 74144 33710 8329 48674 21946 2863 11764 40803 40216 25470 5591 16355 7572
cat_boundaries=0 1
cat_threshold=6686
is_linear=0
shrinkage=0.0659825


Tree=28
num_leaves=17
num_cat=2
split_feature=11 24 21 2 2 23 4 23 11 21 7 7 23 7 19 4
split_gain=239.131 196.987 133.712 100.585 96.0859 58.9737 56.355 51.844 48.5044 45.57 40.3868 60.2484 40.2203 33.7507 32.7523 30.3366
threshold=16.500000000000004 0.24011491042572719 1004.1500000000002 0 1 0.24801034553047988 4.5000000000000009 0.16044851135802568 52.500000000000007 1010.85 37.500000000000007 35.500000000000007 0.21494604944418069 9.5000000000000018 1.0000000180025095e-35 1.5000000000000002
decision_type=10 10 10 9 9 2 2 2 10 10 2 2 2 2 10 2
left_child=1 2 12 -4 -3 9 -7 -5 -2 10 11 13 -1 -6 -9 -14
right_child=8 4 3 7 5 6 -8 14 -10 -11 -12 -13 15 -15 -16 -17
leaf_value=0.002360928592226373 0.019819149254860582 -0.0088236905983254278 0.00045700018534626876 -0.025381945804835743 0.02232553075523875 0.023928199172121644 -0.0024792412813064916 -0.012682358491043997 0.049987033728637151 -0.00045692705489518273 0.045781737301862808 -0.057466108931746265 0.0035067298284210081 0.0040482286391940623 0.011783713660135675 0.03621708573622924
leaf_weight=803.26851283758879 615.59482376277447 1505.8374774456024 2689.9037306234241 1525.5704769790173 787.54799716919661 1716.9477150142193 440.71355795115232 4712.0112755596638 381.54494155943394 2589.1080626696348 144.01409555226564 49.663133904337883 186.17069086432457 994.27811889350414 246.15426182746887 368.7454446554184
leaf_count=4312 2555 8523 16645 11924 3970 8458 2274 30002 1702 15659 697 311 898 5355 1205 1723
internal_value=0.000218317 -0.00145976 -0.00743411 -0.0102951 0.00618713 0.00955364 0.0185428 -0.01473 0.0316018 0.00530592 0.0128364 0.010099 0.0118489 0.0121764 -0.0114544 0.0254041
internal_weight=19757.1 18759.9 10531.8 9173.64 8228.11 6722.27 2157.66 6483.74 997.14 4564.61 1975.5 1831.49 1358.18 1781.83 4958.17 554.916
internal_count=116213 111956 66709 59776 45247 36724 10732 43131 4257 25992 10333 9636 6933 9325 31207 2621
cat_boundaries=0 4 8
cat_threshold=2717913476 139994232 705896788 84 1073840128 134939904 3238805762 134
is_linear=0
shrinkage=0.0659825


Tree=29
num_leaves=17
num_cat=2
split_feature=11 13 21 16 20 0 16 21 4 23 0 21 4 13 23 16
split_gain=233.605 202.802 174.37 107.663 81.5447 80.489 77.5153 90.9661 90.9932 75.9923 72.1611 65.3444 64.2354 63.4354 61.8289 52.953
threshold=34.500000000000007 208.50000000000003 1015.4500000000002 60.440000000000005 1.1250000000000002 0 36.770000000000003 1032.8500000000001 2.5000000000000004 0.16223704355611676 1 1002.1500000000002 3.5000000000000004 481.50000000000006 0.2459772567248816 86.540000000000006
decision_type=10 8 10 10 8 9 10 10 2 2 9 8 2 10 2 10
left_child=1 -1 3 4 -3 -5 14 9 -9 -8 -6 -7 15 -2 -4 -13
right_child=13 2 6 5 10 11 7 8 -10 -11 -12 12 -14 -15 -16 -17
leaf_value=0.076607007253959331 0.050582028137754947 0.035412961402099555 -0.0014262933918196502 0.033262238300354373 0.010753237257502333 0.049676144691043561 -0.02760051574576277 0.087129532991111411 -0.0086642813740523041 -0.0096672932182064811 -0.010128426629258383 0.0096308877098692548 -0.0037512762371368366 -0.0042895389830543938 0.033753731277698235 0.045872757086541857
leaf_weight=136.3169601559639 476.37540392577648 213.81452710926533 1106.5178331062198 565.6199753805995 898.85229838639498 146.39242100715637 1225.4980506673455 74.35798642039299 90.770446248352528 6351.1579846888781 3416.2826866731048 2581.0260200873017 1846.2694465070963 112.10410571098328 264.32702004164457 182.8522457331419
leaf_count=608 2112 1082 8073 2729 4522 668 9573 478 593 38617 20835 13500 9879 488 1464 842
internal_value=-0.000530878 -0.00179835 -0.00238698 0.0036974 -0.00377776 0.0100554 -0.00896246 -0.0115221 0.0360752 -0.0125883 -0.00576803 0.00717093 0.00577136 0.0401938 0.00547945 0.0121266
internal_weight=19688.5 19100.1 18963.7 9851.11 4528.95 5322.16 9112.63 7741.78 165.128 7576.66 4315.13 4756.54 4610.15 588.48 1370.84 2763.88
internal_count=116063 113463 112855 54057 26439 27618 58798 49261 1071 48190 25357 24889 24221 2600 9537 14342
cat_boundaries=0 1 2
cat_threshold=49345 16416
is_linear=0
shrinkage=0.0659825


Tree=30
num_leaves=17
num_cat=4
split_feature=5 17 13 2 21 24 5 2 5 24 24 5 24 2 4 0
split_gain=963.706 334.141 130.647 121.845 107.587 84.63 83.1406 79.8369 56.2941 53.9625 49.091 46.5929 44.6259 44.3794 43.8824 42.2607
threshold=11.500000000000002 71.335000000000022 210.50000000000003 0 1017.6500000000002 0.14927849927849932 7.5000000000000009 1 16.500000000000004 0.47298417842165469 0.113515406162465 16.500000000000004 0.42610569065425191 2 4.5000000000000009 3
decision_type=2 10 8 9 10 8 2 9 2 10 10 2 10 9 2 9
left_child=6 2 -2 10 9 -5 -1 -8 15 13 -4 14 -6 -3 -12 -7
right_child=1 4 3 5 12 8 7 -9 -10 -11 11 -13 -14 -15 -16 -17
leaf_value=-0.032222073553918061 0.07712366101304155 0.044321699020455942 -0.0076850542421739139 -0.019127783839010478 -9.2175252531363812e-05 0.008448648440218939 -0.023466411237403669 -0.0039688795453858249 0.0084649775468898687 0.061927049872473987 0.012424654304121036 0.021357885720750727 0.052849247376309638 0.023840466275294642 -0.0093022840962696945 -0.012599251540427223
leaf_weight=2210.9702455922961 96.03502382338047 653.46531981229782 558.26820335537195 1296.5444187447429 759.68971778452396 551.48108088970184 2441.7227037027478 1485.7092476561666 1898.1432880535722 233.85418233275414 1463.2447254285216 1674.3905801251531 70.032022207975388 2165.8422436565161 553.34942554682493 1573.0761980339885
leaf_count=17956 416 2875 3599 8295 3872 2657 18052 9706 9799 986 7660 8392 317 9513 3075 9201
internal_value=-0.000308734 0.00951805 0.00294397 0.00214964 0.02585 -0.00450317 -0.021984 -0.0161784 0.000221613 0.031566 0.0104581 0.0132389 0.00473774 0.0289164 0.00645251 -0.00714648
internal_weight=19685.8 13547.4 9664.53 9568.5 3882.88 5319.24 6138.4 3927.43 4022.7 3053.16 4249.25 3690.98 829.722 2819.31 2016.59 2124.56
internal_count=116371 70657 53094 52678 17563 29952 45714 27758 21657 13374 22726 19127 4189 12388 10735 11858
cat_boundaries=0 4 8 12 13
cat_threshold=704643092 888184921 715202780 72 952634384 912458009 411828800 11 545260560 67108865 32784 8 49184
is_linear=0
shrinkage=0.0659825


Tree=31
num_leaves=17
num_cat=5
split_feature=5 5 11 0 11 2 13 13 2 2 21 21 2 23 23 11
split_gain=858.467 224.379 135.059 125.235 85.5278 80.0865 70.6645 67.2508 67.039 63.5604 61.8547 59.3951 48.5562 48.2863 47.6396 40.0121
threshold=14.500000000000002 9.5000000000000018 1.0000000180025095e-35 0 4.5000000000000009 1 220.50000000000003 198.50000000000003 2 3 1017.2500000000001 1015.5500000000001 4 0.2894256711366372 0.20560562600755186 27.500000000000004
decision_type=2 2 8 9 8 9 10 10 9 9 10 10 9 2 2 10
left_child=1 13 6 9 7 10 -2 -5 -6 -3 14 -8 -9 -1 -4 -10
right_child=2 3 5 4 8 -7 11 12 15 -11 -12 -13 -14 -15 -16 -17
leaf_value=-0.028439435315801488 0.061723788771002687 -0.0030815528946068391 0.020920086708467012 0.081812365196776551 0.028430565028553303 0.010050421985674934 0.0080100522921246042 0.0080533480721538368 -0.00014879743328614683 -0.024396279523437349 0.013429972930047183 -0.012799005539594892 -0.025511781190341323 -0.010272206823535324 0.038809667311568215 0.050460408151124021
leaf_weight=3574.4005714505911 72.053698286414146 1054.0084389969707 1301.0769645124674 25.899633675813675 703.35475372523069 3298.227476015687 1238.4882648065686 264.10513037443161 1136.3187097162008 1475.1395780369639 1551.1162094548345 1141.8593747466803 604.06649094074965 786.32733857631683 1350.1992920935154 66.095255702733994
leaf_count=29429 317 6593 6477 108 3758 16546 5971 1422 6416 10034 8394 6650 3321 4983 5953 282
internal_value=-0.000118362 -0.0140939 0.0134878 -0.0050009 0.0046168 0.0178796 4.4205e-05 -0.0121487 0.0125203 -0.0155898 0.0239195 -0.00197948 -0.0155161 -0.0251829 0.0301004 0.00285586
internal_weight=19642.7 9689.72 9953.02 5328.99 2799.84 7500.62 2452.4 894.071 1905.77 2529.15 4202.39 2380.35 868.172 4360.73 2651.28 1202.41
internal_count=116654 66346 50308 31934 15307 37370 12938 4851 10456 16627 20824 12621 4743 34412 12430 6698
cat_boundaries=0 1 5 9 12 16
cat_threshold=14611 834677776 913310209 411418960 9 1015037952 486540289 134365776 8 1078018080 805309448 2181562992 12582928 3670025 134217792 8
is_linear=0
shrinkage=0.0659825


Tree=32
num_leaves=17
num_cat=7
split_feature=5 17 5 2 0 0 2 21 2 0 17 2 11 7 7 7
split_gain=776.584 215.936 145.639 108.353 78.2228 73.9809 69.8178 53.4562 53.2911 42.6974 42.0751 38.8561 37.6849 33.2582 31.1851 42.6401
threshold=14.500000000000002 58.32500000000001 10.500000000000002 0 1 2 3 1017.4500000000002 4 5 81.455000000000013 6 24.500000000000004 2.5000000000000004 39.500000000000007 22.500000000000004
decision_type=2 8 2 9 9 9 9 10 9 9 10 9 10 2 2 2
left_child=2 5 4 9 -1 -2 -3 13 -9 -4 12 -7 -5 -8 15 -10
right_child=1 6 3 10 -6 11 7 8 14 -11 -12 -13 -14 -15 -16 -17
leaf_value=-0.0077237579166648425 0.013127165362295287 -0.0012362134675949748 0.0083609027956599337 0.00075827267066495699 -0.025772875527032293 0.0051622491161503982 0.00012923988704952518 -0.0056047736503435754 0.019083247182903686 -0.01847499466726649 0.028894253826333063 -0.0098330864979648616 0.052914886377845381 0.032120364422280646 -0.01975057786293288 0.056641571828105468
leaf_weight=1521.6660682410002 2200.8285580575466 462.72654768079519 294.11068361997604 1934.7733625024557 3600.2868706285954 1410.1747429296374 148.58756636083126 398.88004790991545 634.09589503705502 1846.5278484374285 294.00380233675241 1579.7192689329386 56.01523369550705 2972.977321356535 62.297358520328999 164.58417498320341
leaf_count=10064 10797 2157 1473 11379 29956 7951 675 2103 3244 11552 1353 9304 239 13101 347 840
internal_value=0.000543493 0.0133562 -0.0129234 -0.00414698 -0.020492 0.00399736 0.0233666 0.0259067 0.014387 -0.0147527 0.00584162 -0.0027709 0.0023867 0.0306009 0.0234172 0.0272023
internal_weight=19582.3 10034.9 9547.38 4425.43 5121.95 5190.72 4844.15 4381.42 1259.86 2140.64 2284.79 2989.89 1990.79 3121.56 860.977 798.68
internal_count=116535 50519 66016 25996 40020 28052 22467 20310 6534 13025 12971 17255 11618 13776 4431 4084
cat_boundaries=0 4 5 6 10 14 15 19
cat_threshold=501237794 575343360 1527611424 9 609 51296 102405 17334304 1695156224 128 1086351360 68616 50304 4 32 549978112 841555976 134514000 76
is_linear=0
shrinkage=0.0659825


Tree=33
num_leaves=17
num_cat=8
split_feature=5 5 11 2 23 19 2 2 2 0 2 0 23 2 11 23
split_gain=668.926 168.053 123.419 95.8383 82.4187 57.9327 52.9441 50.9945 50.3215 50.0876 43.3646 35.6254 33.6189 29.1651 24.3513 23.9054
threshold=14.500000000000002 7.5000000000000009 1.5000000000000002 0 0.24322047365422095 1.0000000180025095e-35 1 2 3 4 5 6 0.24322047365422095 7 -1.0000000180025095e-35 0.13974417423862384
decision_type=2 2 8 9 2 10 9 9 9 9 9 9 2 9 10 2
left_child=1 7 8 9 6 11 -4 -1 -2 14 -6 13 -9 -5 -3 -8
right_child=2 3 4 5 10 -7 15 12 -10 -11 -12 -13 -14 -15 -16 -17
leaf_value=0.0029729664573385772 -0.011545438113483786 -0.012971771347810062 0.018410824561865758 0.0085477984729815191 0.036400642951104713 0.021083103836235989 -0.012185265688740706 -0.037818463242805724 0.0072731971665247839 -0.029632207661514153 0.016731305687414988 -0.011384611056364801 -0.017554902634030756 -0.0057335806282894806 0.015482192491294604 0.0075152452996546425
leaf_weight=203.33692526817322 1031.9115538150072 1571.8328970074654 2749.7855853959918 1143.9559337571263 1119.0524036884308 427.77581597864628 297.41115080565214 1359.7101785540581 1493.4939208328724 957.41656244546175 1007.5372824072838 1749.3760371953249 505.68784966319799 1327.6754472032189 137.58449372649193 2320.8689343258739
leaf_count=1626 5589 10202 13879 6933 4985 2091 1818 12512 7693 7602 4554 12243 3653 8094 649 11778
internal_value=0.000320494 -0.0123343 0.0121727 -0.00762567 0.0164205 -0.00187324 0.0120413 -0.0289123 -0.000442714 -0.0175527 0.0274071 -0.00423188 -0.0322299 0.000888986 -0.010572 0.00523385
internal_weight=19404.4 9384.35 10020.1 7315.62 7494.66 4648.78 5368.07 2068.73 2525.41 2666.83 2126.59 4221.01 1865.4 2471.63 1709.42 2618.28
internal_count=115901 65605 50296 47814 37014 29361 27475 17791 13282 18453 9539 27270 16165 15027 10851 13596
cat_boundaries=0 4 8 12 16 17 21 22 26
cat_threshold=79710208 572654080 3641475080 10 830477328 910164488 167805296 9 541085696 16785520 640 4 1346468912 83928080 134630464 132 2601 616565776 812712553 134299728 73 8938 134284336 277938208 35872848 1
is_linear=0
shrinkage=0.0659825


Tree=34
num_leaves=17
num_cat=4
split_feature=5 17 5 24 8 24 17 24 0 0 1 7 7 7 17 1
split_gain=597.408 200.658 149.376 94.3261 87.7806 75.9912 68.5827 57.1713 56.2389 37.9732 37.3606 47.5277 75.2159 45.1036 35.8852 35.4952
threshold=14.500000000000002 58.32500000000001 7.5000000000000009 0.43674495800432539 10.500000000000002 0.25425213312990907 87.315000000000012 0.113515406162465 0 1 2 15.500000000000002 19.500000000000004 21.500000000000004 84.495000000000019 3
decision_type=2 10 2 10 2 10 10 8 9 9 1 2 2 2 10 1
left_child=2 7 -1 4 14 9 10 -2 -7 -4 -6 -12 -13 -14 -3 -9
right_child=1 3 5 -5 6 8 -8 15 -10 -11 11 12 13 -15 -16 -17
leaf_value=-0.028014898432867624 -0.017274156714247323 -0.025968172301890413 -0.018833993912054481 0.045525286818425478 0.0072134227481610328 0.012831691586890534 0.035303821565041048 -0.0042022108244297697 -0.0060594505951399504 -0.0060784700183754356 0.0096672138742572838 0.070333918384763716 -0.0069692226951903529 0.032808127582603271 0.012810982290817495 0.00830986123958595
leaf_weight=2025.1623578816652 590.1152304187417 262.7625877186656 2449.4510900005698 578.02851431071758 1376.9540029317141 1000.083265453577 986.26497033238411 1425.4731180742383 2095.2021633014083 1798.4991573467851 700.83745966106653 179.11486675590277 168.49050810188055 445.3408454656601 164.35006083548069 3180.6621511355042
leaf_count=17799 3893 1303 18761 2470 6754 5204 4221 7921 13193 11018 3273 785 814 2096 723 16080
internal_value=-0.000189424 0.0109742 -0.0121746 0.0205995 0.0171751 -0.00778596 0.0203165 0.00195382 7.96388e-05 -0.013509 0.015102 0.0223133 0.0333275 0.0219294 -0.0110766 0.00443727
internal_weight=19426.8 10058.4 9368.4 4862.14 4284.12 7343.24 3857 5196.25 3095.29 4247.95 2870.74 1493.78 792.946 613.831 427.113 4606.14
internal_count=116308 50333 65975 22439 19969 48176 17943 27894 18397 29779 13722 6968 3695 2910 2026 24001
cat_boundaries=0 1 2 3 4
cat_threshold=672 14867 2 2
is_linear=0
shrinkage=0.0659825


Tree=35
num_leaves=17
num_cat=0
split_feature=5 17 13 11 16 16 5 5 21 11 21 5 17 11 18 22
split_gain=525.235 207.91 121.728 113.059 87.7886 77.6701 68.8408 66.5499 64.131 63.9207 58.7133 53.931 50.5907 52.3977 46.1718 43.5068
threshold=11.500000000000002 71.335000000000022 210.50000000000003 -3.4999999999999996 82.220000000000013 48.110000000000007 7.5000000000000009 17.500000000000004 1016.9500000000002 57.500000000000007 1018.2500000000001 15.500000000000002 90.125000000000014 12.500000000000002 24.741770000000006 0.29814554945776855
decision_type=2 10 8 8 8 10 2 2 10 10 10 2 10 8 10 2
left_child=6 2 -2 -4 9 -3 -1 -6 11 14 -9 -7 13 -10 15 -5
right_child=1 5 3 4 7 8 -8 10 12 -11 -12 -13 -14 -15 -16 -17
leaf_value=-0.026694437951501861 0.073269719002008141 0.0057639276102476825 -0.0152160083581691 -0.0033640794581091087 0.010806409670741006 0.015001372083787413 -0.011496062707418009 0.059109929885239158 -0.028217862036695358 0.039675773142115664 -0.0031161132022123291 0.03877087982027802 0.050040602292989456 0.014125769264471592 0.030977137865822249 0.012133160224229937
leaf_weight=1988.7810930684209 96.518400609493256 1187.8938224390149 1550.090588323772 5363.8593234419823 1101.0312208533287 599.66739773005247 3767.6657038852572 261.03836019337177 182.28244245052338 174.63506273925304 86.867032051086426 1437.0254713892937 99.68322429060936 385.08152071386576 195.52468923479319 918.26163873076439
leaf_count=17831 422 5481 9130 30578 5485 2652 27836 1144 923 797 430 6073 437 1892 1084 4294
internal_value=-6.70961e-05 0.00698677 0.00183528 0.00107397 0.00420023 0.0198667 -0.0167702 0.0188806 0.0260352 0.000987988 0.043792 0.0318396 0.00818168 0.00036252 -9.22313e-05 -0.00108904
internal_weight=19395.9 13639.5 9747.83 9651.31 8101.22 3891.63 5756.45 1448.94 2703.74 6652.28 347.905 2036.69 667.047 567.364 6477.65 6282.12
internal_count=116489 70822 53364 52942 43812 17458 45667 7059 11977 36753 1574 8725 3252 2815 35956 34872
is_linear=0
shrinkage=0.0659825


Tree=36
num_leaves=17
num_cat=8
split_feature=5 13 2 21 16 5 5 0 16 0 2 0 5 2 2 2
split_gain=477.333 138.827 128.015 96.2128 80.278 68.9575 68.2468 55.0158 49.3772 48.6189 45.5062 43.0572 37.7577 36.6765 35.825 35.4429
threshold=11.500000000000002 205.50000000000003 0 1003.6500000000002 51.440000000000005 16.500000000000004 16.500000000000004 1 80.780000000000015 2 3 4 7.5000000000000009 5 6 7
decision_type=2 8 9 10 10 2 2 9 10 9 9 9 2 9 9 9
left_child=7 -2 5 4 -4 -3 11 12 10 -7 -8 -5 -1 -14 -13 -9
right_child=1 2 3 6 -6 9 8 15 -10 -11 -12 14 13 -15 -16 -17
leaf_value=-0.032660358884894242 0.083500584692537294 -0.012832333295563266 0.0075957651011673575 -0.0040110946402453869 0.039698491849341357 -0.0040357303393328235 0.018390857809288473 -0.018337732651205838 0.031858301427671633 0.015875096078820788 0.0032660488828977394 0.01778644715443237 -0.0018058727781680337 -0.022764801717789728 -0.0010318048976145423 -0.0034740392932331556
leaf_weight=999.67265982180834 96.646961510181427 1823.3897666856647 577.49985812604427 2317.4153470247984 827.80870728939772 1228.3169620037079 1763.3950462415814 1135.2335231378675 572.77239984273911 923.07312256842852 1723.8714287653565 998.46570039540529 536.22311075776815 1195.0686085671186 783.39670210331678 1825.9108156859875
leaf_count=9871 418 10515 2579 13710 3556 6209 8881 8893 2653 4679 8776 5012 4170 10001 3877 12813
internal_value=0.000430649 0.0071299 0.0065465 0.010674 0.0265981 -0.003405 0.00792614 -0.0156083 0.013983 0.00458328 0.0109954 0.0019151 -0.0223596 -0.0164445 0.00957842 -0.00924139
internal_weight=19328.2 13636.1 13539.4 9564.63 1405.31 3974.78 8159.32 5692.11 4060.04 2151.39 3487.27 4099.28 2730.96 1731.29 1781.86 2961.14
internal_count=116613 70865 70447 49044 6135 21403 42909 45748 20310 10888 17657 22599 24042 14171 8889 21706
cat_boundaries=0 4 5 6 10 11 15 19 23
cat_threshold=1478618021 2148206592 1679697922 132 20506 4664 621281296 879755800 142639184 1 6675 2105378 301991425 51003472 4 562036752 85992553 167806464 9 71313424 270666000 1134952480 136
is_linear=0
shrinkage=0.0659825


Tree=37
num_leaves=17
num_cat=2
split_feature=5 17 21 4 4 11 24 13 11 1 5 3 13 17 18 24
split_gain=433.28 209.081 97.858 99.6916 88.0672 76.4542 71.4668 63.2658 57.6583 47.5219 46.8104 38.8073 34.9503 34.8366 34.5573 34.2414
threshold=11.500000000000002 56.775000000000013 1017.2500000000001 4.5000000000000009 5.5000000000000009 -3.4999999999999996 0.38450824941075645 215.50000000000003 11.500000000000002 0 17.500000000000004 1 175.50000000000003 94.080000000000013 13.233970000000001 0.38043715122173066
decision_type=2 10 10 2 2 8 10 8 8 1 2 9 8 10 10 10
left_child=6 5 3 9 -5 -2 12 -7 -4 13 -6 -9 -1 15 -12 -3
right_child=1 2 8 4 10 7 -8 11 -10 -11 14 -13 -14 -15 -16 -17
leaf_value=0.063292813322151364 -0.017062595489033966 0.0054226925381815798 -0.014937720509967915 -0.018843897962878317 -0.0010319651403025672 0.064346211745286125 -1.4653212633848022e-05 0.010088472051420737 0.0096895084334510714 0.030776481243269659 0.054725981656895746 -0.002441458382639834 -0.019757290911738109 0.049576685441550208 -0.016922125003192227 0.028460272340633353
leaf_weight=16.265907570719719 1186.8251597285271 958.32390749454498 594.91778284311295 485.43893603980541 192.3834695443511 62.086759991943836 1013.4220123291016 1388.8574855029583 1322.8494708389044 2189.7607106938958 178.05198085308075 4581.2694115489721 4563.0091553330421 113.19028483331203 31.84234082698822 393.54455006122589
leaf_count=77 7170 4367 3216 2237 993 276 7233 6891 6914 9768 794 26132 38143 481 149 1694
internal_value=-0.000409317 0.00591683 0.014534 0.0198045 -3.23309e-05 -0.00180052 -0.015872 0.0012168 0.00202611 0.0246145 0.0226091 0.000493727 -0.0193765 0.0153129 0.0436816 0.0122292
internal_weight=19272 13679.3 6460.3 4542.54 887.717 7219.04 5592.7 6032.21 1917.77 3654.82 402.278 5970.13 4579.28 1465.06 209.894 1351.87
internal_count=116535 71082 30613 20483 4173 40469 45453 33299 10130 16310 1936 33023 38220 6542 943 6061
cat_boundaries=0 1 2
cat_threshold=2 805439488
is_linear=0
shrinkage=0.0659825


Tree=38
num_leaves=17
num_cat=1
split_feature=5 5 22 20 16 4 24 4 13 23 4 24 4 1 20 7
split_gain=391.898 92.7737 88.8786 76.1756 82.9279 81.8991 78.7673 65.7369 62.7054 56.2387 54.6273 60.7196 52.0235 49.4006 49.3503 48.3965
threshold=14.500000000000002 10.500000000000002 0.13414506862938738 9.5000000000000018 47.480000000000011 4.5000000000000009 0.19090035481963338 5.5000000000000009 205.50000000000003 0.20841362774803077 1.0000000180025095e-35 0.44461302277606535 4.5000000000000009 0 6.5000000000000009 3.5000000000000004
decision_type=2 2 2 8 10 2 10 2 8 2 2 10 2 1 8 2
left_child=1 9 -2 4 10 6 -5 -7 -3 -1 -4 -12 13 -10 -15 -6
right_child=2 8 3 5 15 7 -8 -9 12 -11 11 -13 -14 14 -16 -17
leaf_value=-0.023294963047305793 -0.011828110089109096 0.069766294955152436 0.038540447713538303 0.0023915853404017787 -0.0034093860252798294 -0.016561970332590305 0.018270931083827574 0.0075136138016509051 -0.012905915816746058 -0.0089408713031716974 -0.016282291469440133 0.067671080725420774 -0.015910390671838765 0.03390908079401226 0.0024089314090455292 0.042742865508015822
leaf_weight=2337.7225587219 798.63201593607664 45.193842254579067 143.93710375577211 2161.5175895988941 111.84751982986927 875.79402111470699 3671.0366964414716 1115.9288177639246 845.18560235947371 2436.1456575617194 368.41131141781807 35.502968654036522 1093.0302669778466 235.04250926524401 2123.3436276838183 794.87915249168873
leaf_count=22276 4786 201 624 11809 479 4507 17085 5870 5006 17853 1632 149 6887 1123 12760 3349
internal_value=0.000260945 -0.00964903 0.00922551 0.0110443 0.0248851 0.00845346 0.012395 -0.0030915 -0.00266277 -0.0159912 0.00453525 -0.00798501 -0.00352476 0.000723836 0.00562958 0.0370655
internal_weight=19193.2 9115.66 10077.5 9278.86 1454.58 7824.28 5832.55 1991.72 4341.8 4773.87 547.851 403.914 4296.6 3203.57 2358.39 906.727
internal_count=116396 66106 50290 45504 6233 39271 28894 10377 25977 40129 2405 1781 25776 18889 13883 3828
cat_boundaries=0 1
cat_threshold=2
is_linear=0
shrinkage=0.0659825


Tree=39
num_leaves=17
num_cat=3
split_feature=5 17 13 2 11 7 7 2 23 24 24 24 23 17 17 2
split_gain=323.812 218.948 92.9245 84.2418 82.476 75.1597 86.5791 66.2512 53.4359 46.5292 45.4893 43.3116 40.3027 41.677 38.2878 37.3305
threshold=10.500000000000002 60.790000000000013 190.50000000000003 0 -4.4999999999999991 15.500000000000002 19.500000000000004 1 0.19091116142697218 0.2834785569138128 0.34021917309210131 0.113515406162465 0.1728008233997593 81.590000000000018 94.120000000000019 2
decision_type=2 10 8 9 8 2 2 9 2 10 10 8 2 10 8 9
left_child=8 2 -2 -3 -4 12 -7 -6 -1 14 -8 -9 -5 -14 -10 -11
right_child=1 3 4 5 7 6 10 11 9 15 -12 -13 13 -15 -16 -17
leaf_value=-0.023685356039303145 0.087415873678122841 0.00017219405926834137 -0.019657736812358127 -0.0013960168685100372 0.008315261436173442 0.049061328922667471 0.013602892987463411 -0.022555318860189744 -0.017948248503199229 0.018886826409806986 0.042532248428458146 -0.0024733667499633621 0.0079176936912564531 0.028347602794201676 0.037111108782283977 -0.006706717675382951
leaf_weight=1850.729225859046 44.078764617443085 1389.8595230281353 1059.1577032059431 777.40564179420471 2635.418019361794 602.29345393180847 1208.8912414014339 522.52864694595337 1653.2048205435276 338.36563792079687 291.94369323551655 4060.3294125273824 1035.6279137507081 751.92281720787287 51.199679918587208 810.41795642673969
leaf_count=18424 194 6657 6526 3979 14316 2723 5859 3692 13314 2301 1297 22664 4944 3231 331 5627
internal_value=5.21388e-05 0.00496865 -0.0019789 0.0145044 -0.00252049 0.0187252 0.0280025 8.92526e-06 -0.0149639 -0.00926726 0.0193832 -0.00478023 0.0111417 0.0165802 -0.0161648 0.000998483
internal_weight=19083.4 14379.5 8321.51 6057.94 8277.43 4668.08 2103.13 7218.28 4703.92 2853.19 1500.83 4582.86 2564.96 1787.55 1704.4 1148.78
internal_count=116079 76082 47392 28690 47198 22033 9879 40672 39997 21573 7156 26356 12154 8175 13645 7928
cat_boundaries=0 4 8 11
cat_threshold=2224261 1802240 3574482946 128 538972160 55615608 2315740380 88 94371856 831651840 58786880
is_linear=0
shrinkage=0.0659825


Tree=40
num_leaves=17
num_cat=7
split_feature=17 24 11 2 2 2 8 0 21 0 9 2 21 24 2 17
split_gain=139.296 112.323 77.2315 63.3832 60.4056 57.1882 39.8456 34.6139 34.4096 32.4265 34.5821 32.8177 26.0387 25.9991 25.9407 25.7004
threshold=84.335000000000022 0.16722497955342441 22.500000000000004 0 1 2 16.500000000000004 3 1014.4500000000002 4 50.500000000000007 5 1017.5500000000001 0.11755368814192345 6 48.345000000000006
decision_type=8 10 10 9 9 9 2 9 10 9 2 9 10 10 9 10
left_child=1 4 3 15 -1 -2 -5 -7 -6 11 14 -8 -13 -10 -11 -3
right_child=5 2 -4 6 8 7 9 -9 13 10 -12 12 -14 -15 -16 -17
leaf_value=0.0010482759361319907 -0.00067144534838169839 -0.00044769900511614695 0.026538896334600558 -0.014651891525718479 -0.005914983128362747 0.0040216320913215664 -0.018033430789374853 0.023651335653365742 -0.027595066513063739 -0.010640510058517117 0.030683069981077872 0.0064196534950772483 -0.015769571161217466 -0.013852786499756025 0.003949840609036046 0.010250969867747683
leaf_weight=1343.9612432718277 984.90899690240622 1584.3401567488909 485.16064101457596 1294.2360399737954 1155.3463663682342 546.77455467730761 849.42852350324392 1557.0803293436766 1056.1889808699489 666.91635848581791 171.03149277716875 718.68026425689459 331.17876602709293 1438.445132188499 2359.501240991056 2544.0275534391403
leaf_count=8936 5531 8977 2184 8064 7396 3276 5486 8123 8519 3913 920 4480 2461 10287 13247 14665
internal_value=-0.0002765 -0.00275436 0.000971162 -0.000223089 -0.0109548 0.0125374 -0.00433555 0.0186196 -0.0153296 -0.00170965 0.00235057 -0.00849807 -0.000625887 -0.0197254 0.000697286 0.00613584
internal_weight=19087.2 15998.4 11004.5 10519.3 4993.94 3088.76 6390.97 2103.85 3649.98 5096.74 3197.45 1899.29 1049.86 2494.63 3026.42 4128.37
internal_count=116465 99535 64397 62213 35138 16930 38571 11399 26202 30507 18080 12427 6941 18806 17160 23642
cat_boundaries=0 4 8 11 12 13 17 21
cat_threshold=2837980672 412092489 446858452 80 603984384 71828072 36242256 4 1075859456 9111560 453772416 6146 12311 67110944 69403648 17367552 9 4259840 537460752 3290169858 128
is_linear=0
shrinkage=0.0659825


Tree=41
num_leaves=17
num_cat=3
split_feature=5 17 11 13 2 17 24 2 16 2 20 24 16 13 13 6
split_gain=279.855 150.513 99.4677 78.1035 71.6044 62.2617 57.5857 59.6308 56.7372 45.9293 45.379 44.8425 37.5035 36.9891 35.7058 32.3707
threshold=11.500000000000002 84.335000000000022 -3.4999999999999996 235.50000000000003 0 48.055000000000007 0.19090035481963338 1 52.520000000000003 2 1.1250000000000002 0.44461302277606535 76.460000000000022 213.50000000000003 535.50000000000011 1545.0000000000002
decision_type=2 8 8 8 9 10 10 9 10 9 8 10 10 10 10 2
left_child=6 2 9 -4 -5 -6 -1 -8 11 13 -9 15 -7 -2 -15 -3
right_child=1 8 3 4 5 12 7 10 -10 -11 -12 -13 -14 14 -16 -17
leaf_value=-0.021013097448195763 0.048097699946333179 0.012201982294993642 0.043398897616654143 -0.0046819762738729148 0.00056367422180727579 0.0086707490556872588 -0.019182151486333419 0.051704251142771225 0.032055880909951984 -0.0035930881071406262 -0.0023284964746428712 0.060563994523842479 0.022961178880115288 -0.033225265908979333 0.01995748276664688 -0.018457801684282179
leaf_weight=2178.8391941785812 23.035982102155685 689.65336889028549 215.80553158372641 2971.5764735862613 2964.2151873633265 2403.9010223224759 1143.5040900558233 63.713612169027328 1063.5046254247427 1101.4611804559827 2063.2522703558207 63.794650092720985 1202.6440469920635 612.0794116333127 56.241474658250809 185.18749462068081
leaf_count=20033 103 3041 1007 16200 16411 12210 9873 421 4543 6221 15326 273 5578 3769 309 842
internal_value=-9.46425e-05 0.00498287 0.00208294 0.00470869 0.00380588 0.00764075 -0.0127143 -0.00715599 0.021655 -0.0121756 -0.000560679 0.00973647 0.0134675 -0.0252805 -0.0286064 0.00562705
internal_weight=19002.4 13553.1 11551 9758.14 9542.34 6570.76 5449.31 3270.47 2002.14 1792.82 2126.97 938.636 3606.55 691.357 668.321 874.841
internal_count=116160 70507 61808 51406 50399 34199 45653 25620 8699 10402 15747 4156 17788 4181 4078 3883
cat_boundaries=0 4 8 12
cat_threshold=1411513253 1255680 3306702880 128 1082132528 543359744 1342177792 139 354446368 536904753 2147877888 5
is_linear=0
shrinkage=0.0659825


Tree=42
num_leaves=17
num_cat=5
split_feature=5 8 5 2 20 24 2 24 16 2 2 23 2 9 22 16
split_gain=258.085 111.653 99.1621 102.547 59.5837 54.049 48.9123 45.8832 41.472 45.1788 39.7216 37.4543 36.8314 34.2104 30.3765 24.8602
threshold=9.5000000000000018 14.500000000000002 18.500000000000004 0 2.7500000000000004 0.34021917309210131 1 0.37876692026479603 41.990000000000002 2 3 0.24386470281513214 4 51.500000000000007 0.2187174518325776 82.220000000000013
decision_type=2 2 2 9 10 10 9 10 10 9 9 2 9 2 2 10
left_child=7 6 3 11 -4 10 -2 8 9 -1 -6 13 -9 15 -15 -3
right_child=1 2 4 -5 5 -7 -8 12 -10 -11 -12 -13 -14 14 -16 -17
leaf_value=-0.019390658446476586 0.0040040519151481237 0.0021714423709015035 0.063839178228057208 -0.0036735319997912926 0.022951060679000629 0.032633455808760467 -0.015632089804037654 -0.016759584844075342 -0.024551245490510559 0.0085581351597925452 0.0025337580175405793 0.019218104960824951 0.011565443843988081 0.052426761469019881 0.012341535073507392 0.019015325874748291
leaf_weight=607.39402340352535 819.40533874928951 3084.5596174299717 110.93093766272068 4917.1705581769347 629.06706692278385 596.40851478278637 1663.1002538725734 346.55460415035486 2053.5126276984811 412.33681830018759 1193.0820291936398 1314.6406614556909 429.00415584445 114.40127146989107 277.32753992080688 429.47405617684126
leaf_count=6188 4594 17545 473 27349 3171 2622 9842 2801 18584 3758 5876 6276 3194 631 1368 2243
internal_value=-0.00030128 0.00357616 0.00608408 0.00316287 0.017755 0.0154823 -0.00920369 -0.0155447 -0.0191572 -0.00821161 0.0097762 0.00958754 -0.00119067 0.006345 0.0246871 0.00426013
internal_weight=18998.4 15149.6 12667.1 10137.6 2529.49 2418.56 2482.51 3848.8 3073.24 1019.73 1822.15 5220.4 775.559 3905.76 391.729 3514.03
internal_count=116515 81990 67554 55412 12142 11669 14436 34525 28530 9946 9047 28063 5995 21787 1999 19788
cat_boundaries=0 4 8 12 16 20
cat_threshold=570950676 853575257 578962384 12 805912576 38864904 25436240 68 1350567952 339872777 184942672 14 1954546736 100861952 134479896 64 1895828528 33557000 17089040 9
is_linear=0
shrinkage=0.0659825


Tree=43
num_leaves=17
num_cat=0
split_feature=5 5 16 21 13 24 4 4 7 21 4 23 16 21 4 20
split_gain=239.163 82.1548 78.3726 120.324 63.1739 52.0971 49.2143 110.559 82.3524 71.7181 45.8243 50.851 47.0447 45.0647 42.5571 39.5554
threshold=14.500000000000002 7.5000000000000009 51.440000000000005 1015.4500000000002 175.50000000000003 0.11755368814192345 3.5000000000000004 5.5000000000000009 14.500000000000002 1010.35 4.5000000000000009 0.34857467486614446 45.140000000000008 1013.0500000000001 4.5000000000000009 1.3750000000000002
decision_type=2 2 10 10 8 8 2 2 2 10 2 2 8 8 2 8
left_child=1 -1 5 6 -3 -2 -4 9 -9 14 11 -6 -13 -10 -8 -7
right_child=2 4 3 -5 10 15 7 8 13 -11 -12 12 -14 -15 -16 -17
leaf_value=-0.019871169814610179 -0.01583714898926869 0.084395684450599251 0.027617676299353494 0.0023899908160544747 -0.0045541484250938612 0.045789664873922262 0.029258468934535282 0.078138920326477387 -0.0094385280030995951 -0.019846238673663003 -0.013821510630825928 0.037500241058175961 0.0037802067353280111 0.048362150797753703 -0.010916231975491497 0.0024939714339681611
leaf_weight=1811.0249072760344 716.95502713322639 28.694822713732719 1914.170674867928 2921.725879445672 4305.3163151144981 88.524866476655006 340.29812582582235 148.99228437244892 133.71339718997478 453.12066362798214 1742.0013706386089 234.12984847277403 725.61177026480436 96.222408227622509 167.6193523555994 3048.4240102767944
leaf_count=17763 4330 130 8424 15270 30180 377 1499 660 673 2119 12593 1254 3828 444 717 15679
internal_value=0.000542726 -0.00736254 0.00751582 0.0121196 -0.00412801 0.000130647 0.020834 0.0110602 0.0409287 -0.000904909 -0.00456535 -0.00149011 0.0121955 0.0153888 0.0160287 0.00380433
internal_weight=18876.5 8846.78 10029.8 6175.86 7035.75 3853.9 3254.14 1339.97 378.928 961.038 7007.06 5265.06 959.742 229.936 507.917 3136.95
internal_count=115940 65748 50192 29806 47985 20386 14536 6112 1777 4335 47855 35262 5082 1117 2216 16056
is_linear=0
shrinkage=0.0659825


Tree=44
num_leaves=17
num_cat=4
split_feature=5 0 13 11 2 13 5 2 24 4 4 2 16 11 13 7
split_gain=222.321 92.8448 89.1681 73.8819 73.3083 67.916 61.9032 66.9676 51.9761 51.353 58.8969 45.8177 42.4223 40.2985 37.4953 34.0073
threshold=13.500000000000002 0 217.50000000000003 -4.4999999999999991 1 298.50000000000006 17.500000000000004 2 0.15291469237332755 4.5000000000000009 5.5000000000000009 3 78.890000000000015 13.500000000000002 213.50000000000003 15.500000000000002
decision_type=2 9 8 8 9 10 2 9 10 2 2 9 8 10 8 2
left_child=4 5 -3 -4 14 9 11 -8 -6 -2 -11 -5 15 -10 -1 -9
right_child=1 2 3 6 8 -7 7 12 13 10 -12 -13 -14 -15 -16 -17
leaf_value=0.058956798420965011 0.030754651643038571 0.091963225690934874 -0.014199051065150351 -0.015342399912051302 -0.015395415636353554 0.00043782541119989773 -0.0076092178416574249 0.0041278970258947232 -0.00044923884857465675 -0.02366033056472296 0.024233551229592674 0.0021870395250287514 0.033481750704706367 0.046927752383941292 -0.017621853751010101 0.019704110366929959
leaf_weight=22.165847785770893 1297.6197949871421 42.080006048083305 1061.2145133912563 783.83676633238792 1180.1863482519984 754.59876522421837 699.16775348782539 1280.4955049976707 3255.7774490788579 182.04694540053606 269.26373815536499 3428.3047704473138 454.91903678327799 73.840117365121841 2960.281736433506 1167.0274537503719
leaf_count=108 5874 191 6160 4257 10101 3471 3532 6406 23095 864 1284 17990 2050 319 25017 5710
internal_value=-5.00485e-05 0.00574321 0.00257151 0.0020862 -0.00887825 0.0169279 0.00430753 0.0106508 -0.00352909 0.0241124 0.00485516 -0.00112408 0.0150309 0.000687317 -0.0168742 0.0115862
internal_weight=18912.8 11420.6 8917.05 8874.97 7492.25 2503.53 7813.75 3601.61 4509.8 1748.93 451.311 4212.14 2902.44 3329.62 2982.45 2447.52
internal_count=116429 57789 46296 46105 58640 11493 39945 17698 33515 8022 2148 22247 14166 23414 25125 12116
cat_boundaries=0 1 5 9 13
cat_threshold=24800 1409292336 39977474 1493565440 15 144774145 623616 352536608 64 1073799200 537002496 1704448 1
is_linear=0
shrinkage=0.0659825


Tree=45
num_leaves=17
num_cat=0
split_feature=5 11 8 5 16 20 23 11 9 23 5 16 23 24 20 23
split_gain=220.561 73.4531 75.1928 68.8035 57.9138 67.3144 56.8247 51.4874 42.9301 39.4918 35.8243 51.4171 33.9507 33.5044 40.2444 29.6326
threshold=14.500000000000002 50.500000000000007 12.500000000000002 7.5000000000000009 36.770000000000003 1.8750000000000002 0.12238528227788655 27.500000000000004 51.500000000000007 0.19012220591801965 17.500000000000004 84.110000000000014 0.24532237011733701 0.31110740141983556 2.7500000000000004 0.2894256711366372
decision_type=2 10 2 2 8 10 2 10 2 2 2 8 2 8 10 2
left_child=3 2 -2 12 5 -5 -4 8 9 -6 -8 13 -1 14 -12 -7
right_child=1 -3 6 4 7 15 10 -9 -10 -11 11 -13 -14 -15 -16 -17
leaf_value=-0.024622664810315362 -0.011571210215504944 0.03832009471502635 -0.01270195151524172 0.091908644883377064 -0.016403140397897042 0.00068676620488127113 0.00506071256927592 0.036439155018001892 0.017938715104885664 -0.0048429572049042578 0.043164566739968525 0.042020388907236791 -0.0044172814763858625 0.021170744654123403 0.0055110074991372359 0.030308920229765914
leaf_weight=1278.9182185828686 964.08160664141178 307.5934249907732 548.01592878252268 36.632721617817879 1945.2372812256217 679.4950699582696 4434.7444084882736 111.9720516204834 268.8151658847928 3800.9246466308832 124.26132933795452 255.76677618175745 508.43847039341927 1119.1295167058706 2412.4841418787837 181.48597597330809
leaf_count=13947 4883 1552 3472 187 16010 5581 22171 494 1659 23330 524 1147 4034 4927 12078 1004
internal_value=0.00026381 0.00688443 0.00587997 -0.00737369 -0.00442406 0.0111762 0.00777832 -0.00671859 -0.00755896 -0.00876996 0.00913153 0.0137313 -0.0189104 0.0116839 0.00745693 0.00710411
internal_weight=18978 10166.1 9858.48 8811.92 7024.56 897.614 8894.4 6126.95 6014.98 5746.16 8346.39 3911.64 1787.36 3655.87 2536.75 860.981
internal_count=117000 50754 49202 66246 48265 6772 44319 41493 40999 39340 40847 18676 17981 17529 12602 6585
is_linear=0
shrinkage=0.0659825


Tree=46
num_leaves=17
num_cat=1
split_feature=17 13 22 21 24 21 4 0 4 16 21 16 20 4 16 7
split_gain=95.0368 91.2491 77.1212 55.9208 39.4777 44.0561 71.0692 39.4075 50.7785 39.0396 45.289 38.2824 38.5325 33.5252 98.088 50.7367
threshold=86.64500000000001 198.50000000000003 0.15000842091845421 1004.5500000000001 0.24011491042572719 1032.8500000000001 2.5000000000000004 0 4.5000000000000009 88.520000000000024 1015.35 33.890000000000008 1.3750000000000002 2.5000000000000004 69.890000000000015 5.5000000000000009
decision_type=10 8 2 8 10 10 2 9 2 8 8 10 10 2 10 2
left_child=1 -1 -3 -4 5 9 -7 8 13 -5 -11 12 -2 15 -15 -6
right_child=11 2 3 4 7 6 -8 -9 -10 10 -12 -13 -14 14 -16 -17
leaf_value=0.060464913591851868 0.10132441830746859 -0.013846860259906883 0.021135550274246538 -0.0064005016503688806 0.033800717219122485 0.078852172902468765 -0.0098238098510577895 -0.0014038226687100479 -0.010133165660943745 0.066291616542859283 0.0043623336087992111 0.0099491977467615345 0.017194884212841585 0.048743243865785775 0.0022706132408869028 -0.0020878915269703859
leaf_weight=94.986155830323696 34.387735366821289 2197.9701292030513 492.31520263850689 6889.1193245090544 217.76102117449045 64.781028673052788 85.516428783535957 3930.8449635356665 443.75729814916849 59.287866808474064 243.35246361047029 2480.5198041796684 64.730703979730606 377.58993369340897 409.14723112434149 728.97612402588129
leaf_count=432 183 17328 2460 45214 1076 392 578 22820 2382 278 1405 13749 379 1926 1982 3688
internal_value=-0.000116771 -0.00198727 -0.00237805 -0.000564648 -0.00136838 -0.00462713 0.0300182 0.00254944 0.00963271 -0.00537658 0.0175894 0.0116319 0.0506581 0.0147662 0.0247831 0.00633433
internal_weight=18815 16235.4 16140.4 13942.4 13450.1 7342.06 150.297 6108.08 2177.23 7191.76 302.64 2579.64 99.1184 1733.47 786.737 946.737
internal_count=116272 101961 101529 84201 81741 47867 970 33874 11054 46897 1683 14311 562 8672 3908 4764
cat_boundaries=0 1
cat_threshold=49888
is_linear=0
shrinkage=0.0659825


Tree=47
num_leaves=17
num_cat=2
split_feature=5 17 0 16 0 24 13 21 16 17 11 21 18 16 5 7
split_gain=153.595 102.266 79.8188 65.8875 63.7175 60.5218 56.4209 53.3267 51.2541 48.3729 47.4927 47.3504 51.8478 44.8649 42.5647 34.6077
threshold=14.500000000000002 58.32500000000001 0 83.840000000000018 1 0.44461302277606535 175.50000000000003 1016.0500000000001 48.110000000000007 90.125000000000014 38.500000000000007 1033.0500000000002 8.6308500000000006 36.230000000000011 8.5000000000000018 9.5000000000000018
decision_type=2 10 9 10 9 10 8 10 10 10 10 10 10 8 2 2
left_child=2 3 14 11 -3 8 -4 -5 -6 -10 -8 13 -13 -2 -1 -15
right_child=1 4 6 7 5 -7 10 -9 9 -11 -12 12 -14 15 -16 -17
leaf_value=-0.030003473123000595 0.0083097219895834126 0.044976481457955596 0.092487123336194424 0.029201576724488157 -0.0032154925832008178 0.032189204094127108 -0.0037608243115069538 -0.0055348377314558429 0.0092104416235762165 0.033678405116364982 0.04744580211634606 -0.012900819214224977 0.07825068595143865 -0.021094427826667116 -0.010783512557840104 -0.0050726869969448555
leaf_weight=747.70547728985548 850.87972918152809 233.50940523296595 20.742143906652927 507.86982233077288 1255.5683793276548 495.46906117349863 6335.7246863171458 304.72098422050476 2448.1554968208075 406.69421389698982 73.627198070287704 45.432972893118858 56.083174787461758 745.27644941210747 1537.9464624971151 2711.8887062594295
leaf_count=8956 4869 1045 90 2220 6010 2140 44018 1552 11351 1744 342 280 299 4321 12446 14546
internal_value=-0.000107326 0.00544533 -0.00651668 -0.000959439 0.012349 0.0105159 -0.00272487 0.0162326 0.00788403 0.012762 -0.00312698 -0.00414605 0.0390729 -0.00521956 -0.0170611 -0.00855837
internal_weight=18777.3 10061.5 8715.75 5222.15 4839.4 4605.89 6430.09 812.591 4110.42 2854.85 6409.35 4409.56 101.516 4308.04 2285.65 3457.17
internal_count=116229 50377 65852 28087 22290 21245 44450 3772 19105 13095 44360 24315 579 23736 21402 18867
cat_boundaries=0 1 2
cat_threshold=12306 24704
is_linear=0
shrinkage=0.0659825


Tree=48
num_leaves=17
num_cat=2
split_feature=5 17 21 13 0 16 7 1 18 11 5 13 20 16 16 20
split_gain=148.969 123.989 75.1297 59.2988 56.5136 54.3162 57.396 64.479 56.8817 51.1274 44.41 41.6023 41.15 35.3607 36.8112 34.2335
threshold=10.500000000000002 54.165000000000006 1017.2500000000001 181.50000000000003 0 47.480000000000011 2.5000000000000004 1 14.384750000000002 -1.0000000180025095e-35 17.500000000000004 540.50000000000011 1.8750000000000002 86.540000000000006 37.670000000000009 4.5000000000000009
decision_type=2 10 10 8 9 10 2 1 10 8 2 8 10 8 10 8
left_child=4 3 5 -2 -1 8 -7 11 12 -5 -9 -8 -3 14 -11 -6
right_child=1 2 -4 9 15 6 7 10 -10 13 -12 -13 -14 -15 -16 -17
leaf_value=-0.021732823693352703 0.083621107341795425 0.028132085266233939 -0.00089968754092795155 -0.01378067675023517 0.016695172388756292 -0.017852634714446439 0.016905177457947375 0.007309159453421369 0.022930104254625595 0.0092520422982783086 0.024447754426726503 0.046515674428612139 -0.011407890116541346 0.013696614981754429 -0.0053292784166448365 -0.0076566428636342613
leaf_weight=1336.8100144788623 28.028769373893738 126.19496311247349 2193.9066839441657 1581.7375490069389 270.10060703009367 182.77378685772419 350.61011027544737 1583.3134416788816 410.07011520117521 941.16118306666613 1130.2801548838615 536.18306982517242 852.46170116961002 679.73688519746065 3685.857047714293 2809.4979363232851
leaf_count=14747 130 553 11934 9743 1812 899 1656 7347 1980 5644 4915 2554 4192 3417 21265 23334
internal_value=0.000101904 0.00337734 0.0093312 -0.00296596 -0.0104804 0.013667 0.0177583 0.0195939 0.00249176 -0.0033937 0.0144876 0.0350087 -0.00616327 -0.000285181 -0.00235488 -0.00547363
internal_weight=18698.7 14282.3 7365.79 6916.52 4416.41 5171.89 3783.16 3600.39 1388.73 6888.49 2713.59 886.793 978.657 5306.76 4627.02 3079.6
internal_count=116122 76229 36030 40199 39893 24096 17371 16472 6725 40069 12262 4210 4745 30326 26909 25146
cat_boundaries=0 1 2
cat_threshold=20630 4
is_linear=0
shrinkage=0.0659825


Tree=49
num_leaves=17
num_cat=5
split_feature=11 17 2 13 13 24 2 0 2 22 18 18 2 13 18 24
split_gain=91.1489 77.401 85.4462 64.618 53.6351 53.5417 42.2172 39.9975 55.0125 39.3654 29.0292 28.8789 28.1251 26.796 26.2272 32.9174
threshold=59.500000000000007 84.335000000000022 0 198.50000000000003 354.50000000000006 0.090435056136275657 1 2 3 0.16138376043030048 20.138650000000002 22.440210000000004 4 651.50000000000011 13.233970000000001 0.31648284313725494
decision_type=10 10 9 8 10 8 9 9 9 2 10 10 9 8 8 10
left_child=1 2 9 -4 -2 -5 14 8 -7 -1 -11 13 -9 -10 -3 -16
right_child=4 6 3 5 -6 7 -8 12 11 10 -12 -13 -14 -15 15 -17
leaf_value=-0.011917802860260038 0.064883320674620465 0.011366417950943224 0.058489646544098217 -0.025989908413963373 0.0077237674856279956 0.0011420948431273452 0.00084760029648021191 -0.0088273260481956401 -0.027113231805821807 0.0049313210923736719 0.025621826580730495 0.014293643453570808 0.001123863476460878 -0.01252159051113326 0.01654348689841988 0.055567690643748169
leaf_weight=571.54666450619698 139.44623126089573 1114.3329822346568 60.943424716591835 570.61374920979142 144.06189680099487 1192.9380733408034 1421.7924504838884 1750.1193807348609 850.96895217895508 4338.4336403459311 311.17709643393755 125.04809530824423 4116.2376754805446 1584.6965722590685 270.29948684573174 145.40758133679628
leaf_count=4100 750 6528 273 4961 723 7587 7919 11276 5032 25745 1759 793 25198 11795 1311 722
internal_value=-8.93569e-05 -0.000666609 -0.00253531 -0.0060301 0.0366307 -0.00645745 0.0091133 -0.00528276 -0.0105853 0.00432885 0.00634855 -0.0160213 -0.00186107 -0.0176759 0.0166457 0.0308139
internal_weight=18708.1 18424.6 15472.7 10251.6 283.508 10190.6 2951.83 9620.01 3753.65 5221.16 4649.61 2560.71 5866.36 2435.67 1530.04 415.707
internal_count=116472 114999 98519 66915 1473 66642 16480 61681 25207 31604 27504 17620 36474 16827 8561 2033
cat_boundaries=0 4 8 9 13 17
cat_threshold=726139296 147858026 973120728 80 889193520 376482313 115536 9 4111 1073808385 270598145 8913154 12 2415984708 354486528 1076625412 132
is_linear=0
shrinkage=0.0659825


Tree=50
num_leaves=17
num_cat=2
split_feature=5 11 0 9 11 15 16 19 24 5 0 15 16 21 18 9
split_gain=142.335 77.5055 58.1889 56.2121 55.9915 48.3509 47.8965 51.4035 40.5592 40.4023 33.9122 30.3667 28.31 48.324 28.0938 24.4744
threshold=11.500000000000002 -2.4999999999999996 0 51.500000000000007 27.500000000000004 21.000000000000004 36.770000000000003 1.0000000180025095e-35 0.14218216693464222 16.500000000000004 1 67.500000000000014 50.540000000000006 1015.35 28.194110000000006 1.5000000000000002
decision_type=2 8 9 2 8 10 10 10 10 2 9 8 10 10 10 2
left_child=6 5 3 9 -4 -2 7 11 -8 -3 -10 -1 -11 -14 -12 -6
right_child=1 2 4 -5 15 -7 8 -9 10 12 14 -13 13 -15 -16 -17
leaf_value=0.019263560690517975 -0.019918365322679796 -0.0052715547933334696 -0.0012173478827531348 0.025664043074298773 -0.0062456413369228322 -0.00047835645832249463 -0.024580323019236138 0.052499485655969881 -0.019608524574834942 -0.0025076640360097878 -0.0055521192661676733 -0.0088058412073029214 0.02023496192531235 -0.00058225719711462289 0.058684450735335694 0.017217257208459274
leaf_weight=228.68440425023437 844.76376873254776 2999.1412913501263 1121.7779328227043 395.97451855242252 203.10321348160505 1613.3175519704819 927.37799691781402 81.032804310321808 925.4048837646842 1206.7990991100669 2379.9707556515932 581.0456172786653 1015.4376489594579 924.4031059294939 23.804633244872093 3163.9361070841551
leaf_count=1704 5211 17568 5167 1870 949 8708 9507 530 9246 6515 17968 6313 4517 4868 161 15334
internal_value=-0.000172568 0.00338981 0.0057508 0.00176417 0.0115206 -0.00719281 -0.00950064 0.00438796 -0.0124093 0.000202676 -0.0089792 -0.000791703 0.00542041 0.0103448 -0.00474587 0.015793
internal_weight=18636 13488.7 11030.6 6541.76 4488.82 2458.08 5147.32 890.763 4256.56 6145.78 3329.18 809.73 3146.64 1939.84 2403.78 3367.04
internal_count=116136 70707 56788 35338 21450 13919 45429 8547 36882 33468 27375 8017 15900 9385 18129 16283
cat_boundaries=0 1 2
cat_threshold=6679 20502
is_linear=0
shrinkage=0.0659825


Tree=51
num_leaves=17
num_cat=4
split_feature=13 2 17 0 16 4 21 21 24 7 4 4 2 8 2 16
split_gain=99.6726 58.6521 48.7986 33.7598 31.4441 38.1156 34.6044 34.0712 29.7993 29.5731 35.9958 27.8336 25.8499 21.404 20.2656 21.8397
threshold=181.50000000000003 0 88.250000000000014 1 73.670000000000016 2.5000000000000004 1032.6500000000003 1017.6500000000002 0.090435056136275657 17.500000000000004 4.5000000000000009 4.5000000000000009 2 16.500000000000004 3 35.330000000000005
decision_type=8 9 8 9 8 2 10 10 8 2 2 2 9 2 9 8
left_child=-1 3 8 11 5 6 -5 -6 -3 -7 -11 -2 -12 -13 -4 -16
right_child=1 2 14 4 7 9 -8 -9 -10 10 12 13 -14 -15 15 -17
leaf_value=0.075145393673561836 0.014750667751006039 -0.021657297467563317 0.022643476754538566 -0.011008645195144353 0.013538773310109314 -0.0033656146061511712 0.058387078915945884 -0.0057747111615541287 -0.0044454060823427705 0.022736551482413794 -0.024241579588402305 -0.021360371102545492 0.0089411247339676227 0.0063008638016578923 0.034131664073069619 0.0003304874626811657
leaf_weight=70.152362003922462 1733.7307208329439 455.34588430821896 310.07161500304937 1656.5085062235594 1381.310364022851 1239.0073190517724 25.766072519123554 553.29399364069104 8770.0414937883615 562.853829074651 140.26683863997459 168.35053358972073 279.70823454484344 396.8140189871192 85.638996310532093 884.19324516505003
leaf_count=329 9288 3853 1617 11678 7433 8802 162 3609 54758 3687 1141 959 2024 2197 481 4841
internal_value=-6.70594e-05 -0.00037515 -0.00362985 0.00382584 0.00114764 -0.00225945 -0.00973375 0.00801434 -0.00530903 0.00341117 0.0119217 0.0105721 -0.00269331 -0.00208223 0.00841223 0.00347887
internal_weight=18713.1 18642.9 10505.3 8137.61 5838.72 3904.11 1682.27 1934.6 9225.39 2221.84 982.829 2298.9 419.975 565.165 1279.9 969.832
internal_count=116859 116530 65550 50980 38536 27494 11840 11042 58611 15654 6852 12444 3165 3156 6939 5322
cat_boundaries=0 4 5 8 12
cat_threshold=2745696788 734045258 167780688 120 24801 25165840 536870912 16 1409286176 67108865 212992 5
is_linear=0
shrinkage=0.0659825


Tree=52
num_leaves=17
num_cat=5
split_feature=11 13 24 2 13 4 0 2 2 2 20 16 4 16 4 18
split_gain=82.5037 68.5848 67.4519 82.0845 59.2269 49.0195 65.1272 50.2982 45.9809 33.8656 32.5904 37.2055 50.9649 44.8806 36.6564 27.598
threshold=51.500000000000007 190.50000000000003 0.20583506714582941 0 320.50000000000006 4.5000000000000009 1 2 3 4 1.8750000000000002 78.440000000000012 2.5000000000000004 73.220000000000013 1.0000000180025095e-35 17.83709
decision_type=10 8 10 9 10 2 9 9 9 9 8 10 2 10 2 8
left_child=1 -1 3 -3 -2 6 9 10 -7 -4 -8 12 13 -12 -15 -5
right_child=4 2 5 15 -6 8 7 -9 -10 -11 11 -13 -14 14 -16 -17
leaf_value=0.058913934773692583 0.063771054786829456 -0.012251159591654093 0.0254413066085931 -0.0010462947103640234 0.0085181095622451353 0.0074520475507087562 0.036852445095704366 -0.0077574812822759978 -0.012309593108321035 0.0080546131838656141 -0.013991053182980199 0.015456463364930737 0.01070995497426672 0.038027034967470702 -0.0034020450562180231 0.013773043754543385
leaf_weight=78.907883569598198 142.56112760305405 3614.1097841523588 896.75106017291546 4244.9218930378556 200.61022640019655 782.5489313043654 138.34982514381409 1594.9334364160895 1429.4143460728228 1136.6852184608579 1116.9500887133181 1047.871882930398 1249.1230886168778 140.48092636466026 251.36326662451029 621.71028346568346
leaf_count=362 783 25693 4458 28636 1015 4918 776 9466 8727 5887 7239 5307 7649 779 1429 3746
internal_value=0.000439767 -0.00016516 -0.000440438 -0.00474552 0.032201 0.00329166 0.00581501 0.00208023 -0.00533892 0.0158631 0.00607391 0.00491243 0.000880344 -0.00726814 0.0118143 0.00086033
internal_weight=18687.3 18344.1 18265.2 8480.74 343.171 9784.47 7572.51 5539.07 2211.96 2033.44 3944.14 3805.79 2757.92 1508.79 391.844 4866.63
internal_count=116870 115072 114710 58075 1798 56635 42990 32645 13645 10345 23179 22403 17096 9447 2208 32382
cat_boundaries=0 4 5 9 13 16
cat_threshold=430004272 42634256 1166690688 200 24736 566320176 305138185 3414197712 8 671109120 555886593 436469952 12 1033904148 1081904 42164736
is_linear=0
shrinkage=0.0659825


Tree=53
num_leaves=17
num_cat=7
split_feature=5 5 2 2 16 16 11 23 11 1 0 2 23 2 14 2
split_gain=144.795 60.6838 71.8711 60.6656 35.0834 33.2969 30.153 30.1166 26.382 26.4284 25.4069 35.6845 24.8372 23.5661 20.6413 20.1106
threshold=16.500000000000004 7.5000000000000009 0 1 81.590000000000018 18.500000000000004 27.500000000000004 0.24322047365422095 45.500000000000007 2 3 4 0.2459772567248816 5 15.500000000000002 6
decision_type=2 2 9 9 10 8 10 2 10 1 9 9 2 9 10 9
left_child=1 5 -3 7 8 -1 10 -2 9 -5 14 -12 15 -11 -4 -7
right_child=3 2 6 4 -6 12 -8 -9 -10 13 11 -13 -14 -15 -16 -17
leaf_value=0.046607874961605088 0.011180208628493938 -0.011508570955211208 -0.0079193012398644097 0.0072294023718449509 0.020572721872402895 -0.0066502955667623008 0.030373171492176013 0.027580867698046491 0.025381373461566676 0.0019158808417272587 0.019300457904321396 0.0012508668184209629 -0.0047636269426093924 -0.011166950999760243 0.0037736618751871959 -0.027253216443277623
leaf_weight=30.426144998520613 2247.1926160156727 2809.5516690835357 2078.0608459115028 1135.406956449151 402.64500867575407 303.05641803890467 142.04144532233477 624.05524588376284 166.44915214926004 1138.2603287249804 539.58251412212849 3399.0422164872289 494.4164772555232 1246.8750430345535 955.50271166488528 897.43290659412742
leaf_count=353 11325 18688 14695 5305 1863 3303 669 2817 887 5848 3071 19772 3948 6515 6918 10469
internal_value=-9.99398e-05 -0.00459823 -0.00260766 0.00742537 0.00222982 -0.0159969 0.000929363 0.0147457 0.00020128 -0.00103206 0.000304203 0.00379274 -0.0172878 -0.00497341 -0.00422221 -0.0223944
internal_weight=18610 11649.1 9923.78 6960.88 4089.64 1725.33 7114.23 2871.25 3686.99 3520.54 6972.19 3938.62 1694.91 2385.14 3033.56 1200.49
internal_count=116446 81886 63813 34560 20418 18073 45125 14142 18555 17668 44456 22843 17720 12363 21613 13772
cat_boundaries=0 4 8 9 10 14 18 22
cat_threshold=341862464 605752080 279445512 130 1732775952 610404881 545259640 24 1 6226 536936448 0 2197816080 8 142657024 303104008 404062466 64 608194560 604179968 1920 132
is_linear=0
shrinkage=0.0659825


Tree=54
num_leaves=17
num_cat=3
split_feature=5 24 22 8 18 0 13 24 5 4 0 24 13 18 22 0
split_gain=94.6451 50.9065 49.6175 43.9013 40.0651 38.5282 46.627 39.106 30.9559 30.0723 29.7311 34.2608 27.8695 23.0226 22.4938 21.8505
threshold=14.500000000000002 0.42364751465926281 0.12946383267066505 12.500000000000002 17.83709 0 220.50000000000003 0.48403472384839269 17.500000000000004 5.5000000000000009 1 0.20096401737438183 215.50000000000003 13.233970000000001 0.11439633748158029 2
decision_type=2 10 2 2 10 9 8 8 2 2 9 8 10 10 2 9
left_child=1 4 13 -4 10 7 -7 12 -8 -6 11 -1 -5 -2 -12 -3
right_child=2 15 3 5 9 6 8 -9 -10 -11 14 -13 -14 -15 -16 -17
leaf_value=-0.011882501308834666 -0.025385593608460155 -0.012106341026899618 -0.0090601082593812585 0.019055895794166226 0.010639364743940356 0.073540964655394475 -0.00088394681815403859 0.051355233007085659 0.0082626049003592626 -0.024358150568816891 -0.034663308588054456 0.0052802908179862829 0.0024963956226727126 0.00013009884146324838 -0.011704821390883621 0.010452443918727359
leaf_weight=971.83513431251049 349.9156741052866 214.77252010256052 891.62612269818783 1046.2698538154364 724.06501607224345 35.288137882947922 3446.3236971274018 112.24396073818207 3016.9426241591573 119.19038311764598 190.08976840600371 1044.5768916383386 767.09563859552145 271.06563314795494 4268.1339790821075 1024.7496230751276
leaf_count=6900 2205 1751 4489 4682 5055 166 17977 510 14865 914 2114 6157 3555 1662 36826 6315
internal_value=-0.000767387 -0.00585159 0.00361199 0.00481862 -0.00794567 0.00629319 0.00383464 0.0144564 0.00338936 0.00554992 -0.00970699 -0.00298791 0.0120835 -0.0143573 -0.0127024 0.0064893
internal_weight=18494.2 8557.41 9936.77 9315.79 7317.89 8424.16 6498.55 1925.61 6463.27 843.255 6474.64 2016.41 1813.37 620.981 4458.22 1239.52
internal_count=116143 66032 50111 46244 57966 41755 33008 8747 32842 5969 51997 13057 8237 3867 38940 8066
cat_boundaries=0 1 2 3
cat_threshold=24800 736 18
is_linear=0
shrinkage=0.0659825


Tree=55
num_leaves=17
num_cat=3
split_feature=5 4 22 11 23 1 4 5 7 16 20 16 0 0 23 7
split_gain=122.803 76.4887 58.6348 41.5409 48.507 42.5386 38.181 55.9768 72.7342 67.1898 47.9292 32.9061 29.7694 26.762 26.3472 26.1764
threshold=8.5000000000000018 4.5000000000000009 0.12510905485678367 -1.0000000180025095e-35 0.24386470281513214 0 5.5000000000000009 15.500000000000002 9.5000000000000018 78.890000000000015 9.5000000000000018 72.500000000000014 1 2 0.14265368512401069 30.500000000000004
decision_type=2 2 2 8 2 1 2 2 2 10 10 10 9 9 2 2
left_child=12 2 -2 15 5 -5 13 -8 9 10 -9 -10 -1 -3 -7 -4
right_child=1 6 3 4 -6 14 7 8 11 -11 -12 -13 -14 -15 -16 -17
leaf_value=-0.025639980668143117 -0.013702481368642867 -0.023906537361028393 -0.0041798415406391985 0.014063535616273985 0.016160747119615598 -0.012851103347017889 -0.011007975256146009 0.058428514058287022 -0.013265078373846086 0.084093657668883368 0.0040386807872231029 0.014479098456770628 -0.008532311011919461 -0.0064323417066304237 0.0037820486993701795 0.015038659198183112
leaf_weight=562.69588330760598 643.3935563378036 559.16469971463084 1960.3403127267957 1802.3412997201085 2677.3467600718141 456.81763910502195 948.41840685904026 90.366804450750351 450.79098784923553 80.076503857970238 265.2874389141798 307.82671052962542 2136.0953006744385 1233.5937139838934 3965.1073597148061 359.76040591299534
leaf_count=7162 4692 3300 10553 11041 12968 3117 6593 394 2443 369 1496 1508 19717 7279 21458 2068
internal_value=0.000714816 0.00293775 0.00558113 0.00669375 0.00874205 0.00553792 -0.00502791 0.000919759 0.0103994 0.0316774 0.0186282 -0.00198093 -0.0122765 -0.0121153 0.00204802 -0.0011674
internal_weight=18499.4 15800.6 11865.1 11221.7 8901.61 6224.27 3935.53 2142.77 1194.35 435.731 355.654 758.618 2698.79 1792.76 4421.92 2320.1
internal_count=116158 89279 65897 61205 48584 35616 23382 12803 6210 2259 1890 3951 26879 10579 24575 12621
cat_boundaries=0 1 2 3
cat_threshold=4 8210 20514
is_linear=0
shrinkage=0.0659825


Tree=56
num_leaves=17
num_cat=3
split_feature=5 4 2 2 2 24 7 5 4 7 7 24 24 7 11 24
split_gain=100.103 68.1699 68.1178 65.7599 48.437 41.6894 31.1451 35.9571 49.3053 31.1387 35.5851 30.5984 31.3056 30.1663 27.9454 24.2008
threshold=8.5000000000000018 4.5000000000000009 0 1 2 0.16722497955342441 36.500000000000007 16.500000000000004 5.5000000000000009 10.500000000000002 5.5000000000000009 0.6061802232854866 0.50315460552503788 9.5000000000000018 16.500000000000004 0.082393365918870379
decision_type=2 2 9 9 9 10 2 2 2 2 2 8 10 2 10 10
left_child=4 2 11 -3 -1 9 7 -5 -9 10 -4 12 -2 15 -7 -10
right_child=1 3 5 6 -6 14 -8 8 13 -11 -12 -13 -14 -15 -16 -17
leaf_value=-0.021334303725476522 0.0096634289325943559 0.009930869928756943 -0.0053632346507775834 -0.0142115703254918 -0.0034553975371086781 0.0020865997842051862 -0.030623204599325628 -0.015242804604463728 -0.022757955893048989 -0.0011921844046851641 -0.035087388565908692 -0.034272803267515028 0.035417331500343409 0.0011302615624532667 0.022587916998716345 0.036374143609434785
leaf_weight=1159.701928358525 5477.1820572093129 952.890316426754 382.12688115611672 1550.2627495937049 1541.0655814483762 4110.3905420899391 280.02301170304418 465.18451454490423 30.089443400502205 1032.6330708563328 322.0890400223434 60.880690135061741 208.39801662415266 410.40188612788916 305.33482286334038 238.71484088152647
leaf_count=11975 30448 5660 2463 10102 15165 21721 1832 2329 173 6447 2088 324 987 2115 1503 1205
internal_value=0.000470104 0.00247472 0.00496217 -0.00505723 -0.0112556 0.000127392 -0.00986938 -0.00768341 0.00118918 -0.00851466 -0.0191472 0.0101151 0.0106452 0.0124797 0.00353411 0.0293886
internal_weight=18527.4 15826.6 11899 3927.57 2700.77 6152.57 2974.68 2694.65 1144.39 1736.85 704.216 5746.46 5685.58 679.206 4415.73 268.804
internal_count=116537 89397 65981 23416 27140 34222 17756 15924 5822 10998 4551 31759 31435 3493 23224 1378
cat_boundaries=0 4 8 12
cat_threshold=1671955632 306185305 25273328 64 134287360 67848 438044160 13 1140870160 42107904 3271869504 136
is_linear=0
shrinkage=0.0659825


Tree=57
num_leaves=17
num_cat=3
split_feature=17 13 2 16 23 16 21 24 2 21 16 17 23 21 2 16
split_gain=73.5086 70.4426 48.0428 35.3242 36.3413 35.0197 35.9659 37.2568 30.418 28.7443 29.4065 22.7297 22.6625 21.8909 21.1427 20.7655
threshold=88.250000000000014 190.50000000000003 0 35.330000000000005 0.24214603783867425 22.460000000000004 1016.7500000000001 0.11755368814192345 1 1033.0500000000002 41.990000000000002 50.675000000000004 0.10671897752095433 1009.5500000000001 2 72.500000000000014
decision_type=10 8 9 10 2 8 10 10 9 10 10 10 2 8 9 10
left_child=1 -1 -3 -2 13 -4 8 -8 -7 10 11 -9 -13 -5 -12 -15
right_child=3 2 5 4 -6 6 7 9 -10 -11 14 12 -14 15 -16 -17
leaf_value=0.059954398024286419 0.037617526403616507 0.0035400018974190055 0.02337935595682937 0.02378112406981174 0.023425890022176661 0.0026286048782668248 -0.022515194258380736 -0.0065356784141998147 -0.0066886899934989275 0.028446773931683947 0.0022519405674956412 -0.035886376382414077 0.020000319086644902 -0.0040118343446009534 -0.012751104590981095 0.018446069579436428
leaf_weight=74.869532614946365 199.88332447037101 5194.8813978470862 191.56033934280276 188.39812554419041 530.54881872236729 3562.0550837703049 742.41549455374479 438.3387897759676 2644.5365668125451 94.270640183240175 488.93235994875431 28.92074315994978 355.47212508693337 1008.8082583844662 2521.9576805718243 211.44968690350652
leaf_count=355 1128 31589 1522 952 2793 21388 6666 3045 16011 643 3564 302 2528 5947 16890 1184
internal_value=0.000123773 -0.00138355 -0.00168883 0.0116071 0.00881395 -0.004143 -0.00464466 -0.00901461 -0.00135062 -0.00643116 -0.0073337 0.00369953 0.0152891 0.00323148 -0.01035 -4.61574e-05
internal_weight=18477.3 16338.2 16263.3 2139.09 1939.2 11068.5 10876.9 4670.31 6206.59 3927.89 3833.62 822.732 384.393 1408.66 3010.89 1220.26
internal_count=116507 104503 104148 12004 10876 72559 71037 33638 37399 26972 26329 5875 2830 8083 20454 7131
cat_boundaries=0 4 8 11
cat_threshold=591431168 361758826 707798942 96 3297276048 710967825 2156085312 25 4100 204800 2432958464
is_linear=0
shrinkage=0.0659825


Tree=58
num_leaves=17
num_cat=3
split_feature=5 21 5 16 16 7 7 21 7 7 16 1 21 0 16 3
split_gain=92.3339 50.8451 45.4597 71.974 39.0058 54.759 102.73 64.4133 99.2205 131.156 50.1904 36.5609 37.626 32.229 32.1364 46.1603
threshold=8.5000000000000018 1014.9500000000002 17.500000000000004 48.110000000000007 36.770000000000003 17.500000000000004 19.500000000000004 1021.0500000000001 30.500000000000004 39.500000000000007 43.520000000000003 0 1033.8500000000001 1 67.460000000000022 2
decision_type=2 10 2 8 10 2 2 10 2 2 10 1 10 9 10 9
left_child=13 2 -2 -4 -3 14 10 -8 -9 11 -7 -10 -13 -1 -6 -16
right_child=1 4 3 -5 5 6 7 8 9 -11 -12 12 -14 -15 15 -17
leaf_value=-0.0042273450170724853 0.0022326459597203641 0.0097434924723860481 -0.0013709882077112413 0.021347899669649117 -0.016822726700685089 0.10337868499342205 -0.010558904307338371 -0.0081022359522939964 0.022788009488089445 -0.0044791732384392253 0.027554398316780488 0.082952920708244227 0.021328694458846668 -0.018791667530679838 -0.015533079753221142 0.0030927167892989848
leaf_weight=1411.9287174195051 5387.5112706311047 1089.9651447087526 967.69031083583832 1619.746380276978 1397.7536759935319 46.597683861851692 1347.8004982806742 674.0132974088192 123.84626639634371 305.72679678723216 163.93734922260046 183.54584573954344 62.738935023546219 1270.8033344820142 937.85939029231668 1467.1355994269252
leaf_count=12225 29247 6942 4733 7231 9139 238 8102 4440 721 2111 949 1000 417 14969 5417 8482
internal_value=6.22914e-05 0.00198791 0.0056907 0.0128683 -0.00179902 -0.00368102 0.0031311 -0.000379689 0.00978573 0.0275357 0.0468313 0.0536155 0.0681704 -0.0112397 -0.00888728 -0.00424367
internal_weight=18458.6 15775.9 7974.95 2587.44 7800.92 6710.96 2908.21 2697.67 1349.87 675.858 210.535 370.131 246.285 2682.73 3802.75 2404.99
internal_count=116363 89169 41211 11964 47958 41016 17978 16791 8689 4249 1187 2138 1417 27194 23038 13899
cat_boundaries=0 1 2 4
cat_threshold=2 2657 402786304 8
is_linear=0
shrinkage=0.0659825


Tree=59
num_leaves=17
num_cat=1
split_feature=5 17 16 16 17 21 24 24 21 22 16 0 21 21 17 21
split_gain=82.3621 64.1674 45.8684 44.5443 46.8973 49.3721 44.2995 44.0281 43.2158 41.681 46.1139 40.2787 35.9109 32.8759 30.0037 29.7515
threshold=14.500000000000002 58.32500000000001 80.780000000000015 50.540000000000006 90.125000000000014 1017.1500000000002 0.11755368814192345 0.17917192295381373 1010.5500000000001 0.15963941921308014 44.780000000000008 0 1012.7500000000001 1016.0500000000001 85.760000000000005 1004.5500000000001
decision_type=2 8 10 10 10 10 10 10 10 2 10 9 10 10 8 8
left_child=9 2 -2 7 5 6 -5 -3 -4 14 11 -11 -10 -14 -1 -12
right_child=1 3 8 4 -6 -7 -8 -9 12 10 15 -13 13 -15 -16 -17
leaf_value=-0.018639311008567767 -0.0042856754933634405 -0.012158874551158678 0.031769896973669894 0.04678721347484268 0.034796328333282771 -0.0015604112308848037 0.01361915642163084 0.0099542085575556084 -0.024354789238761509 0.015966253779824219 0.022302342410789273 -0.0045869218202007874 0.025082397551732648 -0.0029689136318319324 0.0050775179957194419 -0.0063807947110350706
leaf_weight=1274.2937368564308 3969.9280626699328 668.96503389626741 301.21435662358999 190.97773061692715 412.35907114297152 912.41855677217245 1716.6120782643557 928.38517294079065 163.15620206296444 943.30415671318769 156.5500113889575 725.0860460922122 317.60397239029408 412.33797848969698 280.83787124231458 4999.2418037541211
leaf_count=13029 22302 3406 1302 848 1822 4623 7493 4233 727 6699 844 6472 1483 2141 2194 36359
internal_value=0.000195887 0.00423984 -0.000873843 0.00970179 0.0141492 0.0110598 0.0170816 0.000682036 0.0104305 -0.00462688 -0.00239931 0.00711796 0.00306272 0.00934569 -0.0143532 -0.00548393
internal_weight=18373.3 9993.96 5164.24 4829.72 3232.37 2820.01 1907.59 1597.35 1194.31 8379.31 6824.18 1668.39 893.098 729.942 1555.13 5155.79
internal_count=115977 50380 27955 22425 14786 12964 8341 7639 5653 65597 50374 13171 4351 3624 15223 37203
cat_boundaries=0 1
cat_threshold=42
is_linear=0
shrinkage=0.0659825


Tree=60
num_leaves=17
num_cat=0
split_feature=13 11 11 13 17 16 16 13 4 24 4 16 4 4 7 17
split_gain=61.7079 56.2461 46.8886 51.5393 42.8742 36.207 38.8952 35.2144 34.9808 32.3058 46.411 28.2668 28.0504 50.2048 69.0253 49.4206
threshold=210.50000000000003 -3.4999999999999996 60.500000000000007 342.50000000000006 86.64500000000001 24.440000000000001 80.330000000000013 600.50000000000011 3.5000000000000004 0.34555756318454578 2.5000000000000004 36.770000000000003 2.5000000000000004 4.5000000000000009 17.500000000000004 62.190000000000005
decision_type=8 8 10 10 10 8 10 10 2 10 2 10 2 2 2 10
left_child=-1 7 4 -4 5 -3 12 8 -2 -8 -11 -6 -7 14 -14 -16
right_child=1 2 3 -5 11 6 9 -9 -10 10 -12 -13 13 -15 15 -17
leaf_value=0.038803496624625879 -0.0065656653088166077 0.020507552604876866 0.062241633015802322 0.0021028975608434809 0.029636775368175636 -0.0071175600490004038 0.00021568698535978761 0.015430683170352014 -0.025276477645141179 0.030291435888668793 -0.00038309419160046222 0.0061060518555220936 -0.0030381657690516047 -0.0069413035107714028 0.0063135140475259564 0.031383328873359033
leaf_weight=169.10593132674694 1168.6817658618093 324.21881895884871 106.30899465829134 139.25937317311764 244.28973324224353 4686.2797425873578 1502.0656425580382 196.4934049770236 692.84073689579964 461.99964469671249 396.37474731728435 2032.283790782094 1983.255757175386 2781.973406676203 906.12262847274542 548.10566008463502
leaf_count=803 6989 2502 625 737 1385 31494 8644 1015 4171 2182 1947 11696 13125 19483 6107 3163
internal_value=-0.000151323 -0.000527067 0.000786401 0.0290355 0.000337946 -0.00106704 -0.00160371 -0.0107817 -0.0135909 0.0060654 0.0162263 0.00870521 -0.00326614 -0.000359909 0.00496938 0.0158562
internal_weight=18339.7 18170.6 16112.5 245.568 15867 13590.4 13266.2 2058.02 1861.52 2360.44 858.374 2276.57 10905.7 6219.46 3437.48 1454.23
internal_count=116068 115265 103090 1362 101728 88647 86145 12175 11160 12773 4129 13081 73372 41878 22395 9270
is_linear=0
shrinkage=0.0659825


Tree=61
num_leaves=17
num_cat=7
split_feature=5 2 11 13 16 3 2 5 17 0 17 2 16 2 2 16
split_gain=72.2097 75.3219 51.1027 40.2126 38.6473 70.8218 41.9616 45.9011 42.3354 36.4645 29.7733 23.7733 24.5852 23.487 21.5787 22.0577
threshold=16.500000000000004 0 35.500000000000007 175.50000000000003 38.930000000000014 1 2 7.5000000000000009 56.235000000000007 3 83.740000000000023 4 84.830000000000013 5 6 71.330000000000013
decision_type=2 9 8 8 8 9 9 2 8 9 10 9 10 9 9 10
left_child=3 14 11 -1 5 10 -6 -8 -9 -4 -5 12 -3 -7 -2 -16
right_child=1 2 9 4 6 13 7 8 -10 -11 -12 -13 -14 -15 15 -17
leaf_value=0.061288912229776026 -0.015891600015656492 -0.010965197866212823 0.0037001602813151635 -0.007569358999732591 -0.010756194827092773 0.043215741231143648 -0.016389823738661463 -0.0051759188881787275 0.0068640563710005579 0.019635094017449398 0.017593266210774349 0.0073263864779381507 0.034006243862034234 0.013530112546826827 -0.007670032811157741 0.0096957879286133069
leaf_weight=35.694800198078156 600.86867595463991 724.49172162264585 911.95916547626257 1139.5420058332384 3618.9901437237859 188.29012323915958 796.61774237453938 2650.6486319750547 2432.2214994877577 2131.744693480432 243.15722650662065 1087.0660917013884 51.026412472128868 369.85760521143675 813.48984953016043 514.52688179910183
leaf_count=174 2987 3839 4894 10372 25228 1185 8670 17480 14736 10182 1630 5433 247 2504 4133 2333
internal_value=-1.86703e-05 0.00534738 0.00967565 -0.00321616 -0.00345078 0.00502189 -0.00518418 -0.00172546 0.000586724 0.0149545 -0.00306308 0.00107993 -0.00766022 0.0244835 -0.0056783 -0.000921025
internal_weight=18310.2 6835.17 4906.29 11475 11439.3 1940.85 9498.48 5879.49 5082.87 3043.7 1382.7 1862.58 775.518 558.148 1928.89 1328.02
internal_count=116027 34048 24595 81979 81805 15691 66114 40886 32216 15076 12002 9519 4086 3689 9453 6466
cat_boundaries=0 4 6 10 11 14 17 21
cat_threshold=706838789 17400832 1998260610 204 1542 8 207644704 681708296 1353630752 130 36882 2483059760 335544321 134480932 144719888 831520768 99344 65793 16811008 84019456 132
is_linear=0
shrinkage=0.0659825


Tree=62
num_leaves=17
num_cat=5
split_feature=13 2 16 20 9 23 16 0 2 23 9 16 3 2 13 7
split_gain=62.8046 46.337 37.8268 37.1169 36.2402 31.8372 29.8217 27.1214 25.2763 23.3021 23.8378 21.3105 20.9683 20.105 27.1433 19.7575
threshold=205.50000000000003 0 23.540000000000003 1.3750000000000002 50.500000000000007 0.20794189296132362 33.890000000000008 1 2 0.18973613711834678 38.500000000000007 30.110000000000003 3 4 421.50000000000006 1.0000000180025095e-35
decision_type=8 9 8 8 2 2 10 9 9 2 2 8 9 9 8 2
left_child=7 9 -3 6 5 12 -4 -1 15 -2 11 -11 13 -5 -15 -7
right_child=1 2 3 4 -6 8 -8 -9 -10 10 -12 -13 -14 14 -16 -17
leaf_value=0.01066676441209915 -0.012992272615481141 0.027467694177848008 0.07866215606326353 -0.004435655900188208 0.012430029621821636 -0.029679820531521298 0.015660512694449472 0.072131359002152728 -0.00075282642404576102 0.020320558025682577 0.0082872770812353336 -0.0068956926136667816 -0.0062636456363687589 0.076848400244966447 0.0084579677653023547 0.0089923615659659763
leaf_weight=84.712242737412453 1469.3753507845104 232.325379896909 33.665957033634186 763.92824761196971 1006.8836992867291 52.996124893426895 212.36817290261388 55.719228252768517 3478.16087692976 125.23638300597668 646.45913865417242 2764.9720702543855 4414.9652924351394 20.196574553847313 658.95703111961484 2348.6518185064197
leaf_count=407 10751 1799 165 6036 6021 313 1270 269 19666 761 3938 15586 31472 120 4763 13099
internal_value=-0.000271762 -0.00061757 0.00143048 0.000952957 0.000456632 -0.000576521 0.0260152 0.0427319 0.00285202 -0.00601324 -0.00311285 -0.00567511 -0.00401717 0.00287645 0.0110128 0.00803088
internal_weight=18369.6 18229.1 13223.1 12990.8 12744.7 11737.9 246.034 140.431 5879.81 5006.04 3536.67 2890.21 5858.05 1443.08 679.154 2401.65
internal_count=116436 115760 84724 82925 81490 75469 1435 676 33078 31036 20285 16347 42391 10919 4883 13412
cat_boundaries=0 4 5 9 10 13
cat_threshold=2353129797 69829632 1429875202 128 48 537395376 297806401 704643276 33 805306372 276824112 537001985 2147500112
is_linear=0
shrinkage=0.0659825


Tree=63
num_leaves=17
num_cat=1
split_feature=5 16 3 5 16 13 7 20 16 21 16 7 16 7 20 4
split_gain=65.9716 38.7224 46.058 39.3934 35.0013 31.5302 31.3271 51.0703 46.8399 45.5562 36.5285 52.1624 28.7742 35.7661 45.6208 41.3237
threshold=16.500000000000004 42.890000000000008 0 7.5000000000000009 79.520000000000024 220.50000000000003 15.500000000000002 9.5000000000000018 52.520000000000003 1032.6500000000003 42.440000000000005 18.500000000000004 73.220000000000013 3.5000000000000004 2.7500000000000004 1.5000000000000002
decision_type=2 10 9 2 10 8 2 8 10 10 8 2 10 2 8 2
left_child=1 2 -1 -3 5 -2 12 8 -8 10 11 -9 13 -7 -15 -16
right_child=4 3 -4 -5 -6 6 7 9 -10 -11 -12 -13 -14 14 15 -17
leaf_value=0.018510958134773579 0.048608185979513351 -0.016492037982264816 -0.00085038560744158168 -0.0029993821820614125 0.01660981245571673 0.0092054699537568695 0.0081059204036943357 0.082554305585044008 0.055610602828003938 0.058866552114218651 -0.00024616597829116819 0.011493040846676999 0.010993683140876735 0.022552137230978035 -0.028393370422804372 -0.0057600031760602207
leaf_weight=715.69018353894353 60.837160900235176 1068.2817023769021 1989.4933378025889 7685.7839099690318 1064.0299849361181 593.45012368261814 190.06859378516674 48.259144186973572 170.48001857101917 59.411523021757603 1993.854293204844 274.46569336950779 628.4748365432024 170.59618370980024 503.38162295520306 1144.2417756319046
leaf_count=4637 298 11546 17038 48929 4876 3200 819 231 769 307 10093 1432 2906 761 2697 5973
internal_value=0.000544221 -0.00252491 0.00436787 -0.00465651 0.00563784 0.00362231 0.00309656 0.00820972 0.0311322 0.00465882 0.00311407 0.0234848 -0.00151336 -0.00479264 -0.00937737 -0.012756
internal_weight=18360.8 11459.2 2705.18 8754.07 6901.55 5837.52 5776.68 2736.54 360.549 2375.99 2316.58 322.725 3040.14 2411.67 1818.22 1647.62
internal_count=116512 82150 21675 60475 34362 29486 29188 13651 1588 12063 11756 1663 15537 12631 9431 8670
cat_boundaries=0 1
cat_threshold=402784256
is_linear=0
shrinkage=0.0659825


Tree=64
num_leaves=17
num_cat=3
split_feature=5 17 0 8 22 1 24 8 5 4 24 0 23 4 4 24
split_gain=69.0226 78.3117 59.3587 46.3504 34.1271 37.4701 47.2 33.3041 33.6479 31.9591 30.4234 28.8414 23.1572 27.1856 25.0076 28.7518
threshold=9.5000000000000018 60.790000000000013 0 14.500000000000002 0.12123930814426366 1 0.43836741397717011 16.500000000000004 18.500000000000004 4.5000000000000009 0.23932302153161053 2 0.24871076171140918 1.5000000000000002 3.5000000000000004 0.19552114552114555
decision_type=2 10 9 2 2 1 8 2 2 2 10 9 2 2 2 10
left_child=10 7 9 -4 -5 -6 12 -2 -9 -3 -1 -12 13 -7 15 -14
right_child=1 2 3 4 5 6 -8 8 -10 -11 11 -13 14 -15 -16 -17
leaf_value=-0.014118427582070608 -0.0096278938332135054 0.044986917860053183 -0.0064260215754390884 -0.018351329936712336 0.021792580358032727 -0.010082042106067099 0.024906606998882672 -0.0017950707182743364 0.011315546510154156 -0.004110663737728836 0.005676190007657257 -0.011821683003012602 0.038242093451453026 0.0052853539056044365 -0.0019339138500292837 0.0090761090410930497
leaf_weight=1823.2596757598221 1939.7995393425226 269.69670518487692 1058.3471938669682 188.41844503954053 919.73753026127815 739.32765291631222 539.60702642053366 5619.7534367963672 998.16622196882963 71.736936956644058 953.92963144928217 694.9570156596601 233.07907705008984 1522.7617733255029 342.72740091383457 396.39145075529814
leaf_count=20120 13130 1279 5632 1097 4615 3554 2461 32833 5060 355 7371 7007 1090 7385 1582 1791
internal_value=0.000106481 0.00206664 0.00765749 0.00605335 0.00877581 0.00988772 0.00695517 -0.00203993 0.000191179 0.0338103 -0.00825969 -0.00175256 0.00391794 0.000248837 0.012399 0.0201452
internal_weight=18311.7 14839.6 6281.83 5940.4 4882.05 4693.63 3773.89 8557.72 6617.92 341.434 3472.15 1648.89 3234.29 2262.09 972.198 629.471
internal_count=116362 81864 30841 29207 23575 22478 17863 51023 37893 1634 34498 14378 15402 10939 4463 2881
cat_boundaries=0 1 2 3
cat_threshold=24704 4 12841
is_linear=0
shrinkage=0.0659825


Tree=65
num_leaves=17
num_cat=4
split_feature=11 13 13 22 2 19 16 16 2 15 24 2 0 4 4 22
split_gain=46.4418 50.2149 47.0126 42.9484 39.0468 32.9618 24.1073 23.7146 23.4677 20.8707 20.7294 20.7681 20.4895 28.8544 28.4878 29.0083
threshold=59.500000000000007 359.50000000000006 198.50000000000003 0.12510905485678367 0 1.0000000180025095e-35 84.830000000000013 22.460000000000004 1 38.500000000000007 0.20689320388349516 2 3 2.5000000000000004 4.5000000000000009 0.16507560842321276
decision_type=10 10 8 2 9 10 8 8 9 10 8 9 9 2 2 2
left_child=2 -2 9 -4 6 7 12 -6 -7 -1 11 -9 13 -5 -14 -16
right_child=1 -3 3 4 5 8 -8 10 -10 -11 -12 -13 14 -15 15 -17
leaf_value=0.088330927572800061 0.057251385112310288 -0.00042502796503535943 -0.014450770782105011 -0.0066688255433174862 0.023283766492690143 -0.0047518067326206637 0.016646721330816735 -0.0007955049968347991 0.017134637109862478 0.021479274594652754 -0.0012815979013729457 -0.01090075465810323 0.011595825721442127 0.0048768986256171563 0.032851779141594074 -0.010650683112598949
leaf_weight=26.526431910693645 121.26218529045582 135.43252035975456 924.85737108811736 1693.2110430821776 134.10751163586974 325.83656523376703 590.7600257396698 1330.675104405731 585.24434652924538 69.770830228924751 5154.8279406949878 2697.8360335305333 1818.7744902595878 2109.2063995376229 70.439788535237312 513.18128878250718
leaf_count=122 752 716 7810 11023 980 1625 3019 9809 2863 335 30363 19137 10304 13858 534 3034
internal_value=3.31335e-06 0.0275339 -0.000397701 -0.000651989 0.000102672 -0.00247177 0.00397416 -0.003647 0.00946315 0.0441526 -0.00405583 -0.00759823 0.00275848 -0.000266202 0.00750405 -0.00510795
internal_weight=18301.9 256.695 18045.3 17949 17024.1 10228.5 6795.57 9317.45 911.081 96.2973 9183.34 4028.51 6204.81 3802.42 2402.4 583.621
internal_count=116284 1468 114816 114359 106549 64777 41772 60289 4488 457 59309 28946 38753 24881 13872 3568
cat_boundaries=0 4 7 11 12
cat_threshold=721953300 282206282 1242645404 48 79710208 2097664 268960832 3296723200 671678464 829506 129 2138
is_linear=0
shrinkage=0.0659825


Tree=66
num_leaves=17
num_cat=2
split_feature=11 13 18 13 7 11 6 15 18 21 16 4 7 4 0 0
split_gain=49.5795 47.64 46.1096 38.9175 38.7225 40.1137 36.2623 29.6364 26.537 26.5504 24.4661 31.2287 58.7511 38.7722 37.4931 36.4124
threshold=61.500000000000007 181.50000000000003 24.741770000000006 354.50000000000006 2.5000000000000004 -1.4999999999999998 739.00000000000011 21.000000000000004 7.4800700000000004 1033.0500000000002 77.540000000000006 2.5000000000000004 5.5000000000000009 4.5000000000000009 0 1
decision_type=10 8 10 10 2 8 2 8 10 10 8 2 2 2 9 9
left_child=1 -1 4 -2 -3 7 -5 -6 -7 10 11 12 -10 15 -14 -13
right_child=3 2 -4 6 5 8 -8 -9 9 -11 -12 13 14 -15 -16 -17
leaf_value=0.05588457329496975 0.056139220808627349 -0.011369053019064729 0.020973942937734982 -0.031405619699115983 -0.024102307370375477 -0.0038612965275701154 0.034821974258466601 -0.0047707299142702494 0.034922133767652082 0.035737928698847274 0.0081909803866908014 0.020772147734902865 0.0048648924884388423 -0.003493693794565616 -0.011451744393982862 0.0039968764072644773
leaf_weight=58.605661079287529 113.60194171220064 1508.2477842085063 408.5938633903861 61.429951637983322 404.73302986100316 3470.1276087984443 70.745345197618008 2193.6194033883512 149.96177237480879 99.383110124617815 2450.3268424645066 798.05938725173473 865.18080950528383 1754.2348481528461 2044.996862128377 1894.5935701429844
leaf_count=287 725 10134 2372 332 2579 24379 376 12439 851 698 13004 4708 5371 12201 14014 12294
internal_value=-0.000163291 -0.000567769 -0.000770416 0.028901 -0.00128151 -0.000333953 0.00401373 -0.00783249 0.00110938 0.00282587 0.00247518 0.00060426 -0.00452053 0.0041323 -0.00662345 0.00909713
internal_weight=18346.4 18100.7 18042.1 245.777 17633.5 16125.2 132.175 2598.35 13526.9 10056.7 9957.35 7507.03 3060.14 4446.89 2910.18 2692.65
internal_count=116764 115331 115044 1433 112672 102538 708 15018 87520 63141 62443 49439 20236 29203 19385 17002
cat_boundaries=0 1 2
cat_threshold=12832 16418
is_linear=0
shrinkage=0.0659825


Tree=67
num_leaves=17
num_cat=4
split_feature=22 17 2 21 2 16 21 4 4 17 4 2 2 16 7 4
split_gain=45.3804 43.5891 45.6927 36.0372 35.4159 33.467 38.7695 33.5952 31.0805 31.0242 39.7967 40.4468 31.761 31.508 30.558 29.7161
threshold=0.12510905485678367 83.740000000000023 0 1033.0500000000002 1 81.050000000000011 1018.1500000000002 3.5000000000000004 5.5000000000000009 60.975000000000001 2.5000000000000004 2 3 35.780000000000008 16.500000000000004 2.5000000000000004
decision_type=2 10 9 10 9 8 10 2 2 10 2 9 9 10 2 2
left_child=-1 3 -3 4 -2 9 7 -7 -9 10 13 -12 -11 -6 -10 -5
right_child=1 2 -4 15 5 6 -8 8 14 12 11 -13 -14 -15 -16 -17
leaf_value=-0.014384365420430971 -0.0068326102761245401 0.016049465482841262 -0.00065939564802551802 0.057630103822113518 0.0069895855433480354 0.023496510271383355 -0.0076284430393219515 -0.0083657886842183667 0.047523062282320172 -0.0029208305576600576 -0.0084783539119631188 0.0067287750861645618 0.0096419575981351313 -0.014372302984283294 -0.0085711638100946543 0.0027857362426451557
leaf_weight=917.35127219185233 3618.8201070204377 1476.6434209235013 1369.3640177808702 76.542161766439676 355.08874695748091 771.15288529917598 451.27145315334201 378.48996292054653 99.336959630250931 1614.7136235721409 1252.11859838292 1889.3739953860641 1888.5305711552501 1841.5065025426447 67.752593904733658 90.915516510605812
leaf_count=7818 22724 8463 7718 461 2608 3760 2801 1923 537 10478 8482 12875 11954 12206 364 632
internal_value=-0.000135067 0.00062801 0.00808007 -0.000848124 -0.00121229 0.00071344 0.00898449 0.0146872 0.00211068 -0.000944893 -0.0041094 0.000657248 0.00387578 -0.010909 0.0252883 0.0290249
internal_weight=18159 17241.6 2846.01 14395.6 14228.2 10609.3 1768 1316.73 545.58 8841.33 5338.09 3141.49 3503.24 2196.6 167.09 167.458
internal_count=115804 107986 16181 91805 90712 67988 9385 6584 2824 58603 36171 21357 22432 14814 901 1093
cat_boundaries=0 4 8 11 15
cat_threshold=482355248 371240488 8601944 5 3316158823 2760941568 1409387584 192 272706704 273221121 2150760992 805396496 50858104 2735620106 8
is_linear=0
shrinkage=0.0659825


Tree=68
num_leaves=17
num_cat=8
split_feature=5 2 2 0 8 11 1 8 13 22 11 13 2 2 3 2
split_gain=53.469 50.3958 39.6736 34.401 27.0546 26.2976 23.8805 23.7301 17.6662 17.153 16.5824 16.5268 22.6169 20.5472 17.8383 19.1679
threshold=16.500000000000004 0 1 2 6.5000000000000009 24.500000000000004 3 12.500000000000002 181.50000000000003 0.10332868193968359 70.500000000000014 665.50000000000011 4 5 6 7
decision_type=2 9 9 9 2 10 1 2 8 2 10 8 9 9 9 9
left_child=2 6 -1 5 -3 8 7 -2 -4 -6 11 12 -11 -13 15 -15
right_child=1 4 3 -5 9 -7 -8 -9 -10 10 -12 13 -14 14 -16 -17
leaf_value=0.0025756799000181308 -0.031234134435944909 -0.022871784159765915 0.049255645702430989 -0.012059882806243242 -0.016463959604803003 0.027454866305168867 -0.011524702815124027 0.0094405209088011741 -0.003440278056938962 -0.005419565302449211 0.037759638047073281 0.02221898994750637 0.010209205757908462 -0.026108857603465492 0.015151848536241436 0.0058321091746421916
leaf_weight=4123.7585356794298 64.227454975247383 115.1398192346096 21.636806666851044 2351.5931318588555 109.81406481564045 119.32548876851797 1014.9896363168955 549.10044879466295 4765.9343272969127 717.71219979226589 81.75557616353035 618.18816169351339 883.58146983385086 70.736553356051445 1106.7207052633166 1490.3098971098661
leaf_count=28752 302 589 100 20243 723 585 5093 2610 32428 3677 505 3065 4459 350 5338 7362
internal_value=0.000178704 0.00479513 -0.00258939 -0.00551946 0.00795966 -0.00235556 -0.00530708 0.00490919 -0.00313827 0.00870151 0.00927763 0.00875359 0.00324022 0.0114291 0.00876688 0.00413075
internal_weight=18204.5 6822.28 11382.2 7258.49 5193.96 4906.9 1628.32 613.328 4787.57 5078.82 4969 4887.25 1601.29 3285.96 2667.77 1561.05
internal_count=116181 34073 82108 53356 26068 33113 8005 2912 32528 25479 24756 24251 8136 16115 13050 7712
cat_boundaries=0 4 7 8 9 13 16 18 20
cat_threshold=136909221 18383904 1426156482 140 690033666 461406537 170091464 51880 1 3556779008 604045825 134644788 16 1140852752 67109377 262176 134219264 8 0 2097152
is_linear=0
shrinkage=0.0659825


Tree=69
num_leaves=17
num_cat=8
split_feature=5 8 2 2 2 5 5 2 16 3 16 1 16 2 2 16
split_gain=50.0427 54.5834 36.7691 35.6706 33.7088 31.4379 28.0327 23.8128 21.4574 18.6796 27.57 21.6093 17.8401 17.7938 16.8588 24.2324
threshold=9.5000000000000018 14.500000000000002 0 1 2 20.500000000000004 18.500000000000004 3 28.220000000000002 4 54.500000000000007 5 42.890000000000008 6 7 45.860000000000007
decision_type=2 2 9 9 9 2 2 9 8 9 10 1 10 9 9 10
left_child=2 4 -1 5 -2 9 -5 -8 -4 10 12 14 -3 -12 15 -11
right_child=1 3 8 6 -6 -7 7 -9 -10 11 13 -13 -14 -15 -16 -17
leaf_value=-0.014496057489178718 0.0024500318392888317 0.0019543688583699495 0.025675823105769116 -0.0023014539521717631 -0.013698165988258038 0.038135366901728376 -0.010415170361302004 0.012254781247172762 -0.0026591325496098045 0.058212371652654527 -0.0073751490175047304 0.0063927972583536106 -0.015253919136803386 0.010515550713577092 0.010487532084226982 0.018909376476430255
leaf_weight=1561.363943003118 918.08610068634152 556.67147650569677 118.43078092113137 4959.4168257564306 1434.5929675586522 132.6526839658618 233.68885099887848 1131.0885057523847 1738.4913510642946 94.316881835460663 282.60144249349833 2393.1526773236692 487.64640943333507 1393.4571665003896 561.31525067985058 247.47038390487432
leaf_count=16476 5532 3370 1236 28115 8802 617 1100 5536 16606 573 1510 12021 2950 7334 3392 1399
internal_value=9.13664e-05 0.00175123 -0.00709803 0.00349043 -0.00745453 0.00706033 4.56993e-06 0.0083567 -0.000767859 0.00634808 0.0022605 0.00967475 -0.00612399 0.00750147 0.0183744 0.0297503
internal_weight=18244.4 14826.2 3418.29 12473.5 2352.68 6149.28 6324.19 1364.78 1856.92 6016.63 2720.38 3296.26 1044.32 1676.06 903.103 341.787
internal_count=116569 82251 34318 67917 14334 33166 34751 6636 17842 32549 15164 17385 6320 8844 5364 1972
cat_boundaries=0 4 8 12 16 18 19 23 26
cat_threshold=1344292864 920652889 3515089472 8 553653268 899779081 2560680792 8 25690240 40471560 50667600 1 134217728 4195424 536872064 1 134750720 8 4 16777216 2097152 64 8 16 2097160 64
is_linear=0
shrinkage=0.0659825


Tree=70
num_leaves=17
num_cat=1
split_feature=5 11 8 23 24 21 16 7 21 7 7 7 21 21 1 16
split_gain=57.2208 43.3554 38.2635 35.6159 31.1328 27.6331 34.9377 30.7443 29.7187 28.0812 74.1952 45.7951 38.0359 37.854 35.3965 35.1276
threshold=12.500000000000002 62.500000000000007 6.5000000000000009 0.12238528227788655 0.44461302277606535 1032.8500000000001 47.480000000000011 15.500000000000002 1034.4500000000003 35.500000000000007 30.500000000000004 37.500000000000007 1017.2500000000001 1020.0500000000001 0 40.460000000000008
decision_type=2 10 2 2 10 8 10 2 8 2 2 2 10 10 1 8
left_child=4 2 -2 -4 -1 9 7 -7 -8 10 12 -11 -5 -12 -15 -14
right_child=1 -3 3 5 -6 6 8 -9 -10 11 13 -13 15 14 -16 -17
leaf_value=-0.0075279551897683081 -0.027552644052426068 0.031359832128007081 -0.012155759599262099 0.005431411499909335 0.0071853008390291972 -0.016957814337041334 0.068735406484334183 0.016951620799037236 0.016099659087289452 -0.044531167693114972 0.014569536360141971 -0.0031374713580556205 0.0086677224278986532 0.0097683612774644279 0.07887584049908658 -0.0071786462454656334
leaf_weight=5131.754308834672 185.91339229792356 211.61158578842878 708.62555757910013 4901.7535030692816 707.99620659649372 276.11136683821678 43.925593510270119 191.95947759598494 889.86560501158237 126.44949147850275 255.66201528906822 955.43756736069918 781.66271089762449 49.947774760425091 96.27121277153492 2682.8124213516712
leaf_count=46906 953 1266 4886 23521 5059 1240 212 846 3960 735 1291 5462 4345 268 445 14965
internal_value=-0.000359487 0.00218391 0.00165976 0.00212798 -0.00573839 0.0030338 0.0116804 -0.0030112 0.0190158 0.00179657 0.00303541 -0.00820332 0.001694 0.0305073 0.0566361 -0.00359419
internal_weight=18197.8 12358 12146.4 11960.5 5839.75 11251.9 1401.86 468.071 933.791 9850 8768.11 1081.89 8366.23 401.881 146.219 3464.48
internal_count=116360 64395 63129 62176 51965 57290 6258 2086 4172 51032 44835 6197 42831 2004 713 19310
cat_boundaries=0 1
cat_threshold=2
is_linear=0
shrinkage=0.0659825


Tree=71
num_leaves=17
num_cat=6
split_feature=5 17 2 7 7 7 16 2 2 16 7 21 2 7 2 2
split_gain=42.0211 37.5176 57.0832 46.9932 72.0808 45.3286 42.5395 40.0282 38.6454 34.4994 36.5424 48.1543 31.98 28.0329 27.8686 26.6644
threshold=7.5000000000000009 55.980000000000011 0 15.500000000000002 19.500000000000004 23.500000000000004 72.500000000000014 1 2 65.480000000000004 17.500000000000004 1015.2500000000001 3 25.500000000000004 4 5
decision_type=2 10 9 2 2 2 10 9 9 10 2 10 9 2 9 9
left_child=12 8 -3 6 9 -6 7 -4 -2 10 -5 -12 -1 -7 -8 -15
right_child=1 2 3 4 5 13 14 -9 -10 -11 11 -13 -14 15 -16 -17
leaf_value=-0.017139609618537364 -0.0069097666927639533 -0.011169222642782282 -0.011461380627021161 0.021434864343359585 -0.007999237054202234 0.031753207921072772 0.021714358628543751 0.0054567412705526178 0.0021379912946439352 0.014941593853328694 0.036270266543883878 0.10359944513307057 0.0022542787772783491 -0.0043189858011859683 0.0038899100897350127 0.014998854575616585
leaf_weight=993.58712109550834 3748.1657366119325 912.35412511229515 1364.1237346641719 222.50677694007754 692.94562670961022 259.48186771944165 533.07362008467317 1077.8387055285275 4516.6770313121378 448.3598769530654 148.65977125614882 69.985025681555271 585.65864311531186 476.65298130735755 1314.5886615477502 862.16937915608287
leaf_count=11541 23939 4823 7969 1168 3944 1395 2837 6366 28427 2309 743 329 6345 2662 7080 4777
internal_value=0.000203695 0.00118083 0.00428957 0.00619195 0.0122694 0.00604619 0.00168863 -0.00402368 -0.00197312 0.0281456 0.0411695 0.0600998 -0.0100608 0.012143 0.00922642 0.00821252
internal_weight=18226.8 16647.6 8382.74 7470.39 3180.76 2291.25 4289.62 2441.96 8264.84 889.511 441.152 218.645 1579.25 1598.3 1847.66 1338.82
internal_count=116654 98768 46402 41579 17327 12778 24252 14335 52366 4549 2240 1072 17886 8834 9917 7439
cat_boundaries=0 4 8 12 16 19 23
cat_threshold=127013 2148007936 1680500744 192 1163921408 543334441 436471504 8 352882224 682296928 11567408 133 335562768 379653128 2609119568 9 272629776 1146880 168034832 1149242368 542148608 452984896 8
is_linear=0
shrinkage=0.0659825


Tree=72
num_leaves=17
num_cat=6
split_feature=5 17 2 2 21 2 16 2 21 18 3 2 16 14 5 16
split_gain=48.7587 44.5374 54.988 42.105 31.4305 27.6739 27.1718 29.0352 29.7529 24.6912 23.1023 29.5048 22.077 20.1908 20.1319 20.0189
threshold=7.5000000000000009 78.860000000000014 0 1 1018.5500000000001 2 81.590000000000018 3 1017.4500000000002 23.590990000000001 4 5 72.500000000000014 8.5000000000000018 11.500000000000002 42.890000000000008
decision_type=2 10 9 9 8 9 10 9 10 10 9 9 10 10 2 8
left_child=5 3 4 15 -3 -1 9 14 -9 10 -5 -12 -4 -13 -8 -2
right_child=1 2 12 6 -6 -7 7 8 -10 -11 11 13 -14 -15 -16 -17
leaf_value=0.015851162249627977 0.012463715913794809 0.029563555124069708 -0.0035229069991688923 -0.010833565293158922 0.010009114821854065 -0.01350071917584726 -0.012094335570638695 0.0048651347930478723 -0.022298245392159688 0.01453076138671433 -0.010614875866623592 -0.0052878705535452791 0.012769521371747798 0.0059403656799245658 0.020146787304720949 0.0022985545310770313
leaf_weight=142.98907125741243 1087.7424693144858 576.51424467936158 1430.4863458164036 2399.0955988653004 955.11736559122801 1416.2869789004326 94.849184177815914 575.17574078589678 245.44546905532479 267.99680421873927 1366.0837683342397 1211.6986502744257 477.87732145935297 1625.0310796201229 557.76411288231611 3701.7901430353522
leaf_count=1353 7028 2805 7220 15177 4871 16518 722 2881 1520 1661 9416 8201 2346 10168 2777 21539
internal_value=0.000389521 0.00144047 0.00811649 -0.000311289 0.0173469 -0.0107416 -0.00313998 0.00497252 -0.00332618 -0.00488718 -0.00568842 -0.00270752 0.000582217 0.00113918 0.0151606 0.00461076
internal_weight=18131.9 16572.7 3440 13132.7 1531.63 1559.28 8343.14 1473.23 820.621 6869.91 6601.91 4202.81 1908.36 2836.73 652.613 4789.53
internal_count=116203 98332 17242 81090 7676 17871 52523 7900 4401 44623 42962 27785 9566 18369 3499 28567
cat_boundaries=0 4 8 12 15 16 20
cat_threshold=1571300400 642853889 131952 1 184578048 328729162 1059594330 73 536887296 16785920 1152 132 805306416 2197505 1082556928 1536 4294694 671154177 2147518976 148
is_linear=0
shrinkage=0.0659825


Tree=73
num_leaves=17
num_cat=2
split_feature=22 5 4 4 7 21 0 23 1 21 16 16 21 5 21 7
split_gain=36.7226 39.3677 37.8706 69.701 52.8349 38.1247 34.3227 29.5115 28.5094 28.0897 27.8815 27.4255 27.0861 25.0212 24.2176 23.8993
threshold=0.12510905485678367 12.500000000000002 4.5000000000000009 5.5000000000000009 10.500000000000002 1032.8500000000001 0 0.35585607045236883 1 1010.7500000000001 61.520000000000003 47.480000000000011 1004.1500000000002 15.500000000000002 1010.6500000000002 47.500000000000007
decision_type=2 2 2 2 2 10 9 2 1 10 10 10 8 2 10 2
left_child=-1 12 5 8 13 6 7 9 -4 10 -3 -7 -2 -5 -15 -6
right_child=1 2 3 4 15 11 -8 -9 -10 -11 -12 -13 -14 14 -16 -17
leaf_value=-0.013270462047027903 0.02458029547331967 0.0082629693096765346 -0.0040960574129930531 0.00060445061613080889 -0.0019665318929757533 -0.0080553621532823451 0.0018080518853022425 -0.0027014710060404047 -0.023568781748581066 0.0093936924910850532 0.038436993438610734 0.073236533607654766 -0.0049843359651203451 0.054420663314048594 0.018880046071710444 -0.047620101726217778
leaf_weight=900.31339637935162 132.27975832298398 216.72642059624195 584.17292220145464 203.1058742031455 928.1917357519269 24.319230049848557 6436.6428173184395 502.45145653933287 747.42644222080708 1150.676850065589 358.46229139715433 53.168579153716564 5366.9227213636041 112.09801334142685 328.70479706674814 46.560149729251862
leaf_count=7851 906 1007 3143 1141 5125 155 33089 2291 4028 5678 1658 253 47407 513 1683 273
internal_value=-0.000327304 0.000355081 0.00252018 -0.00393809 0.00525479 0.00470086 0.00426946 0.0112958 -0.0150851 0.0154311 0.0272785 0.0490255 -0.0042461 0.0198272 0.0285522 -0.0044365
internal_weight=18092.2 17191.9 11692.7 2950.26 1618.66 8742.45 8664.96 2228.32 1331.6 1725.87 575.189 77.4878 5499.2 643.909 440.803 974.752
internal_count=116201 108350 60037 15906 8735 44131 43723 10634 7171 8343 2665 408 48313 3337 2196 5398
cat_boundaries=0 1 2
cat_threshold=20704 2
is_linear=0
shrinkage=0.0659825


Tree=74
num_leaves=17
num_cat=4
split_feature=20 5 2 2 16 4 4 16 7 16 16 2 16 2 9 22
split_gain=41.2978 40.0007 44.5274 41.7206 34.211 29.8739 43.3341 46.5605 43.3062 28.0392 23.9044 20.8595 20.7251 19.1725 17.21 22.2581
threshold=1.3750000000000002 11.500000000000002 0 1 33.890000000000008 3.5000000000000004 2.5000000000000004 81.590000000000018 16.500000000000004 36.770000000000003 50.540000000000006 2 66.560000000000016 3 37.500000000000007 0.16507560842321276
decision_type=8 2 9 9 10 2 2 10 2 10 10 9 10 9 2 2
left_child=4 3 14 -2 -1 6 7 -4 9 -8 -10 -7 -11 -5 -3 -16
right_child=1 2 5 13 -6 11 8 -9 10 12 -12 -13 -14 -15 15 -17
leaf_value=0.073016909122011697 -0.015535716138199554 -0.0067664094704805288 0.0002722144220950101 0.022507320999549597 0.013475299790245582 -0.0053577201061325522 0.030608217699629826 0.019703298893909565 0.01200396687430518 -0.018266307457183634 0.040736369705523169 0.0049533109772277178 0.0084970590007077372 -0.0028843047665158333 -0.0099128003480293322 0.0073962696244271814
leaf_weight=43.478526085615158 1368.130983684212 3149.5007322691381 3083.1261155083776 118.83676831424236 304.08933379128575 1878.9928839281201 159.12507966905832 643.89190719276667 198.23719467222691 181.63110733777285 376.56095423549414 1539.2594211399555 376.07810274511576 3181.7238423414528 469.60914167761803 1004.3100936040282
leaf_count=212 13740 16877 16410 874 1795 10357 904 3105 1073 1044 1842 8201 1815 29727 3013 5170
internal_value=-0.000240301 -0.000685518 0.00118876 -0.00592326 0.0220809 0.00403741 0.00727937 0.00365654 0.0176652 0.00674685 0.0310626 -0.000715216 -0.000324817 -0.00186432 -0.004008 0.00186283
internal_weight=18076.6 17729 13060.3 4668.69 347.568 8436.9 5018.65 3727.02 1291.63 716.834 574.798 3418.25 557.709 3300.56 4623.42 1473.92
internal_count=116159 114152 69811 44341 2007 44751 26193 19515 6678 3763 2915 18558 2859 30601 25060 8183
cat_boundaries=0 4 8 11 14
cat_threshold=354536229 2165442600 1176063012 128 138415120 44040704 1359003648 137 146801808 910272064 17203906 65542 1048608 385
is_linear=0
shrinkage=0.0659825


Tree=75
num_leaves=17
num_cat=5
split_feature=2 17 8 2 16 11 5 17 1 2 2 24 8 16 21 21
split_gain=42.4145 39.0141 29.9211 28.2249 28.0666 28.6111 25.3478 28.0684 46.6287 38.2186 32.2576 28.229 29.0138 26.8025 34.5905 27.8048
threshold=0 84.335000000000022 16.500000000000004 1 26.330000000000002 62.500000000000007 8.5000000000000018 57.895000000000003 2 3 4 0.56436906969135137 22.500000000000004 88.520000000000024 1016.0500000000001 1026.3500000000001
decision_type=9 10 2 9 8 10 2 8 1 9 9 8 2 10 10 10
left_child=2 4 -1 -3 -2 6 -6 10 11 -10 13 12 -9 15 -15 -8
right_child=1 3 -4 -5 5 -7 7 8 9 -11 -12 -13 -14 14 -16 -17
leaf_value=-0.01638184089610108 0.018400665101944484 9.0690496636452545e-05 -0.0030830581508910601 0.015509971975418594 -0.0094723728408408221 0.02996402328167809 -0.0098396871477199315 0.014301037578730556 0.0079970173276414265 -0.0079103502308560409 0.0038024659166453678 -0.045539733953450269 0.051164243959619618 0.033697743549693786 -0.0081647819851778415 0.0086897837132770238
leaf_weight=940.56996772810817 342.88047289848328 849.77320010587573 3336.8860632516444 1329.1163646057248 1332.5998399779201 125.5908225029707 3190.0038106441498 950.26933702081442 1287.5825837254524 1310.3700935617089 2229.6240387707949 25.484711550176144 98.545475117862225 155.74026513844728 178.929957062006 391.44157239794731
leaf_count=6195 2734 4846 21205 7809 15253 735 20443 5328 6629 6875 12848 132 708 735 1086 2831
internal_value=-0.000285344 0.00149543 -0.00601291 0.00958525 -2.46801e-05 -0.000594824 -0.000955593 0.00020568 0.00476511 -2.58268e-05 -0.00252078 0.0162841 0.018047 -0.00611532 0.0115766 -0.00780287
internal_weight=18075.4 13798 4277.46 2178.89 11619.1 11276.2 11150.6 9817.99 3672.25 2597.95 6145.74 1074.3 1048.81 3916.12 334.67 3581.45
internal_count=116392 88992 27400 12655 76337 73603 72868 57615 19672 13504 37943 6168 6036 25095 1821 23274
cat_boundaries=0 4 8 9 13 17
cat_threshold=203798849 2693956384 1426860064 130 4195328 84476936 176293072 1 4 822100992 269026369 706840082 1 3519563312 371785729 9536276 1
is_linear=0
shrinkage=0.0659825


Tree=76
num_leaves=17
num_cat=7
split_feature=17 23 3 8 2 2 0 17 2 2 2 18 18 8 21 21
split_gain=45.4322 35.1753 32.1843 33.1991 37.3734 30.6176 29.5002 24.8193 29.6218 23.0001 22.5769 22.345 20.4464 19.3973 18.7232 17.7332
threshold=94.080000000000013 0.12238528227788655 0 15.500000000000002 1 2 3 62.795000000000009 4 5 6 17.83709 18.987870000000004 28.500000000000004 1032.0500000000002 1017.4500000000002
decision_type=10 2 9 2 9 9 9 10 9 9 9 10 8 2 10 8
left_child=1 11 -3 5 -5 -4 10 8 -8 -2 -6 13 -7 -1 -12 -13
right_child=9 2 3 4 6 12 7 -9 -10 -11 14 15 -14 -15 -16 -17
leaf_value=-0.019110673630681401 -0.013764260090123576 0.0081968015434995926 0.00061749937400769133 -0.0050027127601824399 -0.010032126251910219 -0.017089797452842986 0.011912624096629038 0.013978150184706785 -0.0027348593377184188 0.023092167683538192 0.001062252990239971 -0.0085546850969265009 0.009708007786992769 0.031417307346188098 0.037483042686547945 0.029607517982755065
leaf_weight=792.448097076267 78.09198135882616 1963.7212023735046 1066.9816013835371 3569.309562433511 874.16347724944353 1222.6479627788067 987.97930166870356 1470.9204312004149 1488.6595437563956 503.68266451358795 3589.1786496713758 127.17859566584229 133.84820683300495 29.035145755857229 56.289652597159147 82.257638741284609
leaf_count=7193 468 13395 6653 22281 5760 7900 5722 8380 8637 2796 23647 1029 852 410 404 601
internal_value=0.000170523 -0.00043704 0.000307068 -0.000772596 0.000646725 -0.00780855 0.00303248 0.00718887 0.00316054 0.0182099 -0.000610565 -0.012222 -0.0143082 -0.0171012 0.00168316 0.0068571
internal_weight=18036.4 17454.6 16423.7 14460 12036.5 2423.48 8467.19 3947.56 2476.64 581.775 4519.63 1030.92 1356.5 821.483 3645.47 209.436
internal_count=116128 112864 103631 90236 74831 15405 52550 22739 14359 3264 29811 9233 8752 7603 24051 1630
cat_boundaries=0 2 6 10 11 14 17 20
cat_threshold=805314628 1 2483142721 39857184 1161037570 153 80240640 2196833281 193265776 4 39002 1623204628 620921360 33710080 8404992 67584 576 551559184 536904193 32768
is_linear=0
shrinkage=0.0659825


Tree=77
num_leaves=17
num_cat=0
split_feature=17 7 7 7 24 4 21 4 4 21 7 4 4 19 24 7
split_gain=37.0448 36.5166 53.0286 42.2753 33.961 39.4683 32.2119 42.3968 33.7771 36.9015 27.6281 38.1918 38.0141 34.126 27.9771 26.8032
threshold=57.045000000000009 15.500000000000002 19.500000000000004 11.500000000000002 0.21114689323603644 4.5000000000000009 1018.5500000000001 2.5000000000000004 5.5000000000000009 1001.4500000000002 23.500000000000004 4.5000000000000009 2.5000000000000004 0.045000000000000005 0.31198770491803285 8.5000000000000018
decision_type=8 2 2 2 10 2 8 2 2 10 2 2 2 10 10 2
left_child=-1 3 4 6 5 -3 7 15 9 -9 -4 12 13 14 -12 -2
right_child=1 2 10 -5 -6 -7 -8 8 -10 -11 11 -13 -14 -15 -16 -17
leaf_value=-0.0028254123064076478 0.013450700911062317 0.045330363743996162 -0.0066996908570679074 -0.014251102190670157 0.011567594180053601 -0.0091311827275743791 -0.0031360707780577844 0.041409022166047561 0.024144695006615237 -0.0083297104138699649 -0.0078423363829864187 -0.012252292427334889 0.022414071628361072 0.060959429585670473 0.018453943874590203 0.043951140903001361
leaf_weight=8676.3754086531699 783.36010824143887 318.7500202357769 861.43976783379912 807.14932345598936 738.72828829661012 68.214464388787746 2430.8229927569628 63.434053763747215 201.39240652322769 962.44322788342834 621.19568609818816 349.88796455785632 756.34437044709921 35.021623581647873 238.65573512390256 146.12489321827888
leaf_count=57462 4504 1835 5429 5591 4179 432 15703 340 1244 5963 4382 2250 4463 157 1416 903
internal_value=0.000281256 0.00315394 0.00793601 -0.00038645 0.0200274 0.0357373 0.00206899 0.00792759 -0.000137981 -0.00502222 0.00314783 0.00739466 0.0115883 0.0023464 -0.000463245 0.018507
internal_weight=18059.3 9382.96 3988.24 5394.73 1125.69 386.964 4587.58 2156.75 1227.27 1025.88 2862.55 2001.11 1651.22 894.873 859.851 929.485
internal_count=116253 58791 24543 34248 6446 2267 28657 12954 7547 6303 18097 12668 10418 5955 5798 5407
is_linear=0
shrinkage=0.0659825


Tree=78
num_leaves=17
num_cat=6
split_feature=11 5 2 2 2 17 16 2 4 24 4 4 24 2 4 0
split_gain=31.3092 41.0958 43.6867 39.6733 34.892 33.287 19.9551 24.2009 19.7914 18.3313 18.9329 24.816 22.0312 24.8127 21.4677 19.505
threshold=-2.4999999999999996 8.5000000000000018 0 1 2 55.980000000000011 87.440000000000012 3 2.5000000000000004 0.62194460871279333 4.5000000000000009 5.5000000000000009 0.44957584421062502 4 1.5000000000000002 5
decision_type=8 2 9 9 9 10 10 9 2 8 2 2 10 9 2 9
left_child=3 4 -3 -1 -2 6 7 -4 -8 10 12 -12 13 14 15 -7
right_child=1 2 5 -5 -6 9 8 -9 -10 -11 11 -13 -14 -15 -16 -17
leaf_value=-0.015323989293891777 0.0043674650204291376 -0.0041918278851774482 0.0051614867405735607 0.001111385889900021 -0.012096124200901632 -0.0031702189529800814 0.027753545564239576 -0.0045436043038108373 0.0012466101803369164 -0.037348225388189923 -0.009248031149298893 0.011085081204562199 0.024565903827336921 0.0027613621477432294 0.020834397357219307 0.017903965507522709
leaf_weight=1233.5953242778778 826.34785093739629 3228.2393813692033 1918.1324763000011 1312.5217054188251 1696.8650094084442 434.73361394181848 222.0996743068099 2636.7440915964544 266.23963784053922 31.481273740530014 509.61234793812037 523.45150566846132 463.00273083895445 1465.4238582625985 1002.6808176375926 322.08363110944629
leaf_count=7683 8614 18384 11730 7316 18452 2458 1163 16754 1401 193 2830 2925 2237 7554 5217 1648
internal_value=-0.000152039 0.00095953 0.00245322 -0.00692526 -0.00673741 0.00464396 0.000912413 -0.000453807 0.0135003 0.00860717 0.00896255 0.00105942 0.0111708 0.00920395 0.0144436 0.00606467
internal_weight=18093.3 15547.1 13023.9 2546.12 2523.21 9795.69 5043.22 4554.88 488.339 4752.47 4720.99 1033.06 3687.92 3224.92 1759.5 756.817
internal_count=116559 101560 74494 14999 27066 56110 31048 28484 2564 25062 24869 5755 19114 16877 9323 4106
cat_boundaries=0 4 8 12 16 20 21
cat_threshold=205624229 17432856 356060834 128 1881172992 646979616 2156840304 132 700523618 621936736 134808080 2 270551040 682666050 1074159708 72 1887964176 335610401 2156036368 5 6170
is_linear=0
shrinkage=0.0659825


Tree=79
num_leaves=17
num_cat=0
split_feature=13 11 13 13 5 8 5 16 6 23 9 23 16 13 4 17
split_gain=54.3274 44.7459 42.9722 32.2582 51.6518 43.8824 28.4459 26.2792 24.7847 23.7518 23.5399 21.9602 27.2776 20.7896 20.6852 20.6157
threshold=208.50000000000003 49.500000000000007 295.50000000000006 600.50000000000011 18.500000000000004 18.500000000000004 7.5000000000000009 17.510000000000002 912.50000000000011 0.13974417423862384 51.500000000000007 0.20560562600755186 44.780000000000008 385.50000000000006 5.5000000000000009 93.365000000000009
decision_type=8 10 10 8 2 2 2 8 2 2 2 2 8 10 2 8
left_child=-1 3 -3 5 6 15 7 -5 13 -6 11 -8 -13 -4 -11 -2
right_child=1 2 8 4 9 -7 10 -9 -10 14 -12 12 -14 -15 -16 -17
leaf_value=0.038400627209858956 -0.01549832577026629 0.062371596195261225 0.016063961416393577 0.048096008177010388 -0.015924987799399923 -0.00024053841288671231 -0.003309357745077519 -0.010367944308417861 0.036332143231918169 0.0090108963781794383 0.015428254478946347 0.013839636591163619 0.00066385064263359121 -0.033749131875926944 0.026998916476307526 0.022404049054597534
leaf_weight=155.21180826053023 1556.46797542274 86.973862431943417 67.958027027547359 28.14622950553894 138.38366224616766 2653.5869030728936 4643.8772178664804 1499.9224215038121 78.543561302125454 1846.9174238741398 437.08601462468505 839.79465030878782 3577.408354960382 66.248125836253166 324.96678481996059 59.757802091538906
leaf_count=754 9129 557 409 318 858 14052 33642 17551 428 8689 2376 5061 20487 363 1575 266
internal_value=0.000297472 -4.60843e-05 0.0249705 -0.00048066 0.00111782 -0.00546777 -0.00076347 -0.00909969 0.00833795 0.0100745 0.000582761 -0.000143485 0.00318482 -0.00893255 0.011772 -0.0140161
internal_weight=18061.3 17906 299.724 17606.3 13336.5 4269.81 11026.2 1528.07 212.75 2310.27 9498.17 9061.08 4417.2 134.206 2171.88 1616.23
internal_count=116515 115761 1757 114004 90557 23447 79435 17869 1200 11122 61566 59190 25548 772 10264 9395
is_linear=0
shrinkage=0.0659825


Tree=80
num_leaves=17
num_cat=3
split_feature=5 2 0 13 18 4 16 17 21 2 17 4 4 19 11 16
split_gain=36.3162 57.293 35.4055 34.4932 34.5684 49.1145 43.1877 39.5911 36.5886 32.3448 31.4668 29.0788 32.1972 25.4621 23.8351 23.5177
threshold=15.500000000000002 0 1 235.50000000000003 12.083190000000002 1.5000000000000002 52.520000000000003 93.495000000000019 1014.85 2 34.405000000000008 5.5000000000000009 3.5000000000000004 0.025000000000000005 20.500000000000004 76.460000000000022
decision_type=2 9 9 8 10 2 8 10 10 9 10 2 2 10 10 10
left_child=1 14 -2 -4 5 7 13 15 11 -6 -10 12 -8 -7 -1 -5
right_child=2 -3 3 4 9 6 8 -9 10 -11 -12 -13 -14 -15 -16 -17
leaf_value=-0.0089786735935213444 0.021988913634635336 0.0019018212935312325 0.03310359051165699 -0.020226934522564723 -0.0028882246067806023 -0.0059652622757447272 0.024518447682944779 0.030422359416809024 0.029722481337286159 0.011021245395261829 -0.003954585843721329 0.046949959226930515 -0.0041749973853643704 -0.058242709218785167 0.024727470435296637 -0.0012592339229382326
leaf_weight=4315.4942045323551 400.51939336955547 5328.9383080713451 148.353959094733 982.46175301447511 1058.6996133215725 988.64196795225143 430.42588143795729 84.148816108703613 132.62245070189238 2296.1352621056139 921.88568758964539 129.66474761068821 276.44730322062969 36.205475017428398 87.458455637097359 400.83955152705312
leaf_count=34580 1894 39316 757 5199 5316 5389 1901 376 736 11840 4710 582 1255 160 424 1913
internal_value=2.98344e-05 -0.00270286 0.00323859 0.00223901 0.00162396 -0.00223347 0.00272305 -0.0120521 0.0086251 0.00665876 0.000430936 0.0188746 0.0133586 -0.00815368 -0.00825635 -0.014761
internal_weight=18018.9 9731.89 8287.05 7886.53 7738.18 4383.34 2915.89 1467.45 1891.05 3354.83 1054.51 836.538 706.873 1024.85 4402.95 1383.3
internal_count=116348 74320 42028 40134 39377 22221 14733 7488 9184 17156 5446 3738 3156 5549 35004 7112
cat_boundaries=0 4 5 9
cat_threshold=1544051920 543294241 1368162560 169 24576 8425472 68716544 1469678482 68
is_linear=0
shrinkage=0.0659825


Tree=81
num_leaves=17
num_cat=4
split_feature=13 2 18 23 15 24 2 2 17 2 23 17 13 21 21 4
split_gain=39.7763 32.011 33.0969 31.583 26.4407 23.5693 26.6531 22.6751 19.5962 17.3952 16.963 16.8281 18.7735 16.5895 16.5824 18.4472
threshold=235.50000000000003 0 25.892550000000004 0.20684963882548976 178.50000000000003 0.13380447585394586 1 2 52.255000000000003 3 0.12086700937928439 88.580000000000013 720.50000000000011 1028.3500000000001 1017.35 3.5000000000000004
decision_type=8 9 10 2 8 10 9 9 8 9 2 8 8 10 10 2
left_child=4 14 3 9 -1 7 11 -5 -8 13 -11 12 -7 -3 15 -2
right_child=1 2 -4 5 -6 6 8 -9 -10 10 -12 -13 -14 -15 -16 -17
leaf_value=0.014070320345214844 0.0025347006058975149 -0.0090098592962958492 0.024854707092721178 -0.016894313223046589 0.070816216274899979 -0.010870609906391243 0.0023442139822393345 0.002733942810150844 0.012008289157499054 -0.010204420017306228 0.00096468499027484275 0.017011633303440184 0.0022128723060305419 0.014187659679505729 -0.013458412033632763 -0.01137818790496091
leaf_weight=423.07279277965426 1048.2690205276012 2096.2186839096248 238.15965001657605 433.69626551494002 33.586749546229839 738.83928085118532 1475.433860398829 590.99602147191763 2407.8512264937162 677.62578253820539 4401.5094246566296 206.18000332638621 1324.9507790766656 137.87607044354081 1051.8329719565809 678.58057709783316
leaf_count=2252 5856 14456 1414 2989 196 3754 8065 3768 14026 6209 32065 1112 7795 1181 7195 3931
internal_value=5.19376e-05 -0.000452661 0.000775231 0.000369488 0.019143 0.00347724 0.00502029 -0.005763 0.00832473 -0.00268114 -0.000535075 -0.000673627 -0.00248969 -0.00750916 -0.00692657 -0.00295379
internal_weight=17964.7 17508 14729.3 14491.2 456.66 7177.95 6153.26 1024.69 3883.29 7313.23 5079.14 2269.97 2063.79 2234.09 2778.68 1726.85
internal_count=116264 113816 96834 95420 2448 41509 34752 6757 22091 53911 38274 12661 11549 15637 16982 9787
cat_boundaries=0 4 8 12 16
cat_threshold=86611265 4195073 67242670 194 2160091780 2819654688 2166211840 20 134244352 345219080 142869824 8 536872992 77602816 3238002704 9
is_linear=0
shrinkage=0.0659825


Tree=82
num_leaves=17
num_cat=0
split_feature=11 13 13 8 21 5 21 7 21 19 22 5 6 8 7 7
split_gain=35.0603 52.9966 41.216 28.9608 24.6856 25.4652 18.8776 29.6095 20.2061 19.5559 18.1781 16.1219 15.9696 20.0064 15.7306 35.7893
threshold=39.500000000000007 480.50000000000006 181.50000000000003 6.5000000000000009 1004.1500000000002 15.500000000000002 1032.8500000000001 34.500000000000007 1016.4500000000002 1.0000000180025095e-35 0.13414506862938738 17.500000000000004 1618.5000000000002 26.500000000000004 40.500000000000007 30.500000000000004
decision_type=10 10 8 2 8 2 10 2 10 10 2 2 2 2 2 2
left_child=2 -2 -1 -4 -5 -6 8 -8 10 14 -7 -12 13 -13 15 -10
right_child=1 -3 3 4 5 6 7 -9 9 -11 11 12 -14 -15 -16 -17
leaf_value=0.05439237998400321 0.031403763452742983 -0.025356564137068202 -0.022535572361505208 0.013849006825410385 -0.0025594930219210062 -0.0099387728501892942 -0.020388219368201645 0.052800581049391636 -0.0037766567898300583 0.023481084254187861 0.0012818864863220058 0.011312100250006688 -0.0012241581329052011 0.050984117016295329 -0.018998654619012324 0.022402902951361953
leaf_weight=54.396186634898186 327.45762025937438 86.108631573617458 240.69285171106458 553.73500498011708 9200.3644300252199 314.47924063354731 31.281639702618122 69.264814920723438 2544.018829267472 121.78061149269342 1590.1337653249502 1832.686986297369 452.39118980616331 51.478058397769928 235.45070230960846 243.37423031032085
leaf_count=271 1916 447 1718 2867 70946 1833 214 343 13997 530 7551 8403 2063 230 1398 1340
internal_value=0.000540316 0.0193843 8.91478e-05 -9.91925e-05 0.000222087 -0.000235123 0.00262117 0.0301697 0.00222097 -0.00178522 0.00518962 0.00641508 0.00989572 0.0125608 -0.00284943 -0.00144588
internal_weight=17949.1 413.566 17535.5 17481.1 17240.4 16686.7 7486.34 100.546 7385.79 3144.62 4241.17 3926.69 2336.56 1884.17 3022.84 2787.39
internal_count=116067 2363 113704 113433 111715 108848 37902 557 37345 17265 20080 18247 10696 8633 16735 15337
is_linear=0
shrinkage=0.0659825


Tree=83
num_leaves=17
num_cat=1
split_feature=3 23 13 13 15 6 18 4 13 15 8 21 23 4 6 13
split_gain=29.4994 53.732 27.2554 26.4154 24.1735 23.3282 21.9549 42.7548 21.8002 21.7479 21.4355 18.1851 15.8607 22.876 18.6849 15.6616
threshold=0 0.15229608721352778 439.50000000000006 175.50000000000003 18.000000000000004 542.50000000000011 13.233970000000001 4.5000000000000009 235.50000000000003 38.500000000000007 3.5000000000000004 1031.4500000000003 0.20560562600755186 1.5000000000000002 715.00000000000011 215.50000000000003
decision_type=9 2 8 8 10 2 10 2 10 8 2 10 2 2 2 8
left_child=2 4 5 -3 -2 -1 9 11 -9 15 -4 -8 13 -11 -14 -5
right_child=1 3 10 6 -6 -7 7 8 -10 12 -12 -13 14 -15 -16 -17
leaf_value=-0.0031913175694224371 0.0052837661535347054 0.051398877516797302 -0.030821916336717031 0.031089047974356295 -0.020032336130140643 0.026625456242400782 0.0065806561000838724 -0.0028898580660168946 -0.025569942090854277 -0.014617817531693817 0.003116045954306413 0.050005920836790167 -0.003062953225353163 -0.0013794587151003891 0.0054229374043095703 -0.015356376680334415
leaf_weight=159.06449825316668 196.90494755282998 36.380313955247402 76.34137774258852 27.384267382323742 918.41951229050756 388.27663577720523 2988.5472760796547 727.28830749168992 241.90463539958 831.85896668583155 4375.9970536641777 36.512955479323864 2464.2253103032708 1769.9475999101996 2075.4290623813868 711.04220957309008
leaf_count=1163 1620 202 557 136 7666 2162 17010 4540 1352 5835 30630 224 13977 12893 11953 4602
internal_value=-9.65226e-05 -0.00175026 0.00420392 -0.000451233 -0.0155584 0.0180221 -0.000637028 0.0033448 -0.00867813 -0.00265644 0.00249178 0.00720675 -0.0015361 -0.00563694 0.000818728 -0.0133877
internal_weight=18025.5 13025.8 4999.68 11910.5 1115.32 547.341 11874.1 3994.25 969.193 7879.89 4452.34 3025.06 7141.46 2601.81 4539.65 738.426
internal_count=116522 82010 34512 72724 9286 3325 72522 23126 5892 49396 31187 17234 44658 18728 25930 4738
cat_boundaries=0 2
cat_threshold=805306438 1
is_linear=0
shrinkage=0.0659825


Tree=84
num_leaves=17
num_cat=6
split_feature=18 2 5 17 2 0 2 4 24 22 2 2 4 24 4 4
split_gain=30.9787 28.5607 26.8272 27.12 31.8489 25.0302 40.8487 23.5162 23.1926 19.7282 18.8053 18.0813 16.8208 15.4759 17.1137 31.0799
threshold=24.741770000000006 0 6.5000000000000009 59.770000000000003 1 2 3 5.5000000000000009 0.44957584421062502 0.13981640119424874 4 5 4.5000000000000009 0.19167416925847114 1.5000000000000002 3.5000000000000004
decision_type=10 9 2 10 9 9 9 2 10 2 9 9 2 10 2 2
left_child=1 -1 10 5 12 6 9 -2 13 -4 -3 -7 -5 14 -6 -16
right_child=7 2 3 4 8 11 -8 -9 -10 -11 -12 -13 -14 -15 15 -17
leaf_value=-0.005453433809790794 0.025157300182812974 -0.019933493180202006 -0.018673720106638356 0.01193308351559747 -0.0097350487200626966 0.0006913745635999082 -0.0021368109093619055 -0.01548486459323717 0.016282544199468021 0.014147556242647644 0.0016468940051056324 -0.0097251204727937662 0.00010685946562457601 -0.0068236181295546318 0.023335495309425795 -0.0036343914320165946
leaf_weight=3721.6553059481084 336.34950219839811 421.0059877038002 80.010242938995361 2540.3902711421251 287.41745618358254 1209.8142386078835 2818.6587774045765 71.220912978053093 322.11220937594771 1215.9076589420438 297.75030684843659 1806.4019612744451 659.28542148321867 1425.0794824399054 345.38584875687957 391.94234874099493
leaf_count=23579 1893 5281 624 14688 1920 9330 16561 449 1720 6910 3248 13507 4139 8028 2039 2513
internal_value=8.46378e-05 -0.000336166 0.0010468 0.00173045 0.0050084 -0.00101662 0.00232935 0.0179288 -0.000186797 0.0119496 -0.0113087 -0.00556571 0.00947173 -0.0023889 0.00378228 0.00908897
internal_weight=17950.4 17542.8 13821.2 13102.4 5971.61 7130.79 4114.58 407.57 2771.94 1295.92 718.756 3016.22 3199.68 2449.83 1024.75 737.328
internal_count=116429 114087 90508 81979 35047 46932 24095 2342 16220 7534 8529 22837 18827 14500 6472 4552
cat_boundaries=0 4 8 9 12 15 18
cat_threshold=2150173669 2348876544 1677773862 201 1035994130 312476705 2293236496 16 18600 1300234240 26869776 2332762760 1417674768 304095241 33816848 1107312640 840998921 2551054656
is_linear=0
shrinkage=0.0659825


Tree=85
num_leaves=17
num_cat=5
split_feature=17 2 21 4 16 2 16 21 4 2 7 5 4 4 2 2
split_gain=32.9857 46.7389 32.5098 69.1133 36.986 39.4564 37.9222 31.6892 31.5 29.279 24.7006 21.5555 22.6377 23.2195 20.6513 20.3229
threshold=57.045000000000009 0 1032.6500000000003 2.5000000000000004 40.460000000000008 1 78.890000000000015 1010.5500000000001 2.5000000000000004 2 2.5000000000000004 9.5000000000000018 3.5000000000000004 1.5000000000000002 3 4
decision_type=10 9 10 2 8 9 8 8 2 9 2 2 2 2 9 9
left_child=2 10 4 -4 9 -6 8 -8 15 -1 -2 -12 13 14 -13 -7
right_child=1 -3 3 -5 5 6 7 -9 -10 -11 11 12 -14 -15 -16 -17
leaf_value=-0.0063030072543105702 -0.010351704989333263 -0.0021405356660649582 0.068483741815248175 -0.0080513554588530541 0.002183752704728553 -0.0032727787152962715 0.015135317630321965 -0.0065031603326676278 -0.0083270642144296185 0.0096304584239354837 0.00038544303722617062 -0.0025179589912648131 0.0039199825539942557 0.023562312365692721 0.017090548977744414 -0.025850848561607787
leaf_weight=806.13787174969912 315.02301743626595 5030.9983225539327 77.977001212537289 128.78007931262255 1652.7134107090533 227.57113656774163 365.43578791618347 1416.8825386576355 1719.7895089685917 1281.2527889981866 1007.107376050204 411.90288834646344 1068.5747800953686 900.53795225545764 523.78243772685528 1041.1025882847607
leaf_count=6237 2023 32002 420 975 10393 1702 1719 8118 12216 9069 9799 2061 5468 4422 2707 7268
internal_value=-0.000584173 0.00215795 -0.0034957 0.0219749 -0.00413012 -0.00660817 -0.00963717 -0.00202918 -0.0141931 0.0034925 0.00725764 0.00870847 0.0115871 0.0160205 0.00865383 -0.0220652
internal_weight=17975.6 9257.93 8717.64 206.757 8510.89 6423.49 4770.78 1782.32 2988.46 2087.39 4226.93 3911.91 2904.8 1836.22 935.685 1268.67
internal_count=116599 58482 58117 1395 56722 41416 31023 9837 21186 15306 26480 24457 14658 9190 4768 8970
cat_boundaries=0 4 8 12 15 18
cat_threshold=1464337458 349310529 1163828 129 136359936 122265640 2315526284 200 557843472 123961856 2559312416 13 71304192 5376000 66064 1095237632 545390592 8520192
is_linear=0
shrinkage=0.0659825


Tree=86
num_leaves=17
num_cat=7
split_feature=2 23 5 24 2 2 0 8 2 0 3 24 18 21 23 15
split_gain=29.4788 32.352 33.1859 25.7042 24.3948 24.3184 22.0604 17.6233 17.142 17.0096 15.8415 14.4913 13.49 13.0777 13.0745 14.0191
threshold=0 0.12086700937928439 15.500000000000002 0.29745314103602877 1 2 3 6.5000000000000009 4 5 6 0.25425213312990907 14.384750000000002 1020.7500000000001 0.24322047365422095 87.500000000000014
decision_type=9 2 2 10 9 9 9 2 9 9 9 10 10 10 2 8
left_child=-1 3 5 10 -4 9 8 -6 -7 -3 -2 -10 -5 -13 -9 -16
right_child=1 2 4 12 7 6 -8 14 11 -11 -12 13 -14 -15 15 -17
leaf_value=-0.0074382360208970748 -0.028011310986660484 -0.013070697286154235 -0.00022919894382953648 -0.0043204606817402874 -0.02290209645020326 0.00087999211833396081 -0.0023969053176365498 0.0065209363239370263 0.0056931283654034284 -0.0024052868524534108 -0.0080211034831629488 0.015495037359380886 0.030083110132208279 0.043992341166780247 0.0088053520688700475 0.023589739126657822
leaf_weight=1937.5882276892662 278.10320656001568 835.44204394519329 2271.070165399462 109.68409557268023 72.164443545043468 1156.6663078740239 2239.6435684263706 3187.3518324643373 683.63550320267677 2848.1213182806969 506.52035073935986 465.99751296639442 82.390443716198206 80.373649131506681 725.02100658789277 461.67171450704336
leaf_count=11948 2666 7519 11314 893 384 7457 18173 16330 5023 20718 4795 2733 591 521 3391 2140
internal_value=0.000213698 0.00114659 0.00190517 -0.0104509 0.00535171 -0.000882768 0.00230057 0.00818083 0.00669507 -0.004871 -0.0157273 0.0120807 0.0109196 0.0201369 0.00874425 0.0146505
internal_weight=17941.4 16003.9 15027.2 976.698 6717.28 8309.88 4626.32 4446.21 2386.67 3683.56 784.624 1230.01 192.075 546.371 4374.04 1186.69
internal_count=116596 104648 95703 8945 33559 62144 33907 22245 15734 28237 7461 8277 1484 3254 21861 5531
cat_boundaries=0 4 8 12 13 17 18 19
cat_threshold=372997 2684356608 1157827590 210 1629488768 119047208 809001824 4 1558203424 7471632 2156167168 9 29352 524480 478159945 2097440 4 28674 131584
is_linear=0
shrinkage=0.0659825


Tree=87
num_leaves=17
num_cat=4
split_feature=21 16 0 23 5 17 1 7 7 7 1 16 5 0 5 4
split_gain=32.1501 30.0159 30.7526 26.9987 25.631 33.7593 44.5811 24.9887 107.358 50.1571 33.0613 32.6942 37.2214 24.9366 22.9087 22.9039
threshold=1004.85 35.330000000000005 0 0.097982910628530998 8.5000000000000018 75.945000000000007 1 30.500000000000004 35.500000000000007 37.500000000000007 2 77.540000000000006 20.500000000000004 3 12.500000000000002 5.5000000000000009
decision_type=8 8 9 2 2 10 1 2 2 2 1 10 2 9 2 2
left_child=-1 2 -2 -3 -5 7 13 11 10 -10 -9 -6 -13 -7 -8 -16
right_child=1 3 -4 4 5 6 14 8 9 -11 -12 12 -14 -15 15 -17
leaf_value=0.013807554102702055 0.017042846382253025 -0.030875034350534479 0.00066824001194748734 -0.0083924431818578928 -0.0071036776249144779 0.0062578486497335221 -0.012101118124317469 0.0046981403872906318 -0.032976444674558965 0.00074771442674317467 0.040805749104044602 0.00011924763622477418 0.039832900689001194 0.033493988867580503 0.0019647405273150336 0.022664611587951095
leaf_weight=706.14913069456816 785.227619510144 129.0598623380065 1340.6159014292061 1909.5957938618958 4823.2707412056625 289.3464539796114 419.58813396468759 159.94979052618146 227.12364749982953 1081.7373572289944 363.43420764431357 3256.4016015306115 99.851159803569317 329.28260101377964 1732.1865091174841 262.87992211431265
leaf_count=3771 5024 1285 10607 20742 30458 1441 2536 940 1492 7351 1957 17648 476 1645 7879 1198
internal_value=7.1727e-05 -0.000496691 0.00683184 -0.00153195 -0.00126593 -0.000219203 0.00587182 -0.00206712 0.00488644 -0.00523317 0.0299565 -0.00362729 0.00137255 0.0215811 0.00180186 0.00475447
internal_weight=17915.7 17209.6 2125.84 15083.7 14954.6 13045.1 3033.28 10011.8 1832.25 1308.86 523.384 8179.52 3356.25 618.629 2414.65 1995.07
internal_count=116450 112679 15631 97048 95763 75021 14699 60322 11740 8843 2897 48582 18124 3086 11613 9077
cat_boundaries=0 1 2 3 4
cat_threshold=163 4 2 554
is_linear=0
shrinkage=0.0659825


Tree=88
num_leaves=17
num_cat=0
split_feature=16 20 5 7 7 21 7 21 4 24 16 24 5 24 4 4
split_gain=24.3227 23.7546 24.7521 29.1698 55.0531 53.5697 48.4465 34.3032 41.343 45.7723 42.9558 37.0519 33.3394 27.797 35.373 28.4953
threshold=22.460000000000004 1.1250000000000002 7.5000000000000009 30.500000000000004 35.500000000000007 1018.0500000000001 37.500000000000007 1019.2500000000001 3.5000000000000004 0.097892635314995577 75.110000000000014 0.22259759759759762 20.500000000000004 0.27531182144119587 3.5000000000000004 1.5000000000000002
decision_type=8 8 2 2 2 10 2 10 2 8 8 8 2 10 2 2
left_child=-1 -2 -3 7 5 -5 -6 8 9 -4 11 -11 -12 14 15 -8
right_child=1 2 3 4 6 -7 13 -9 -10 10 12 -13 -14 -15 -16 -17
leaf_value=0.019297754536844562 0.017084961449266883 -0.0088908673598718565 0.027044556446819256 0.0069782115083218861 -0.026639850998924939 0.04327210878934596 -0.0044481216729919662 -0.0062886578764772341 -0.0044371702535627878 0.0055682754622113952 0.0081414968273195755 -0.0083440022178164173 0.047892587017710979 0.021935431120826226 -0.01503498261602627 0.021999330420613798
leaf_weight=278.33212558180094 335.26718175783753 1396.1480400674045 360.88546945154667 433.09414261579514 241.25421290844679 296.75933368131518 344.34998553991318 3759.395580932498 3629.0543131865561 1562.0331624224782 2289.2411766536534 1772.9403981380165 89.850000984966755 318.97050635516644 418.2386016137898 355.70207619294524
leaf_count=2118 1950 16827 2283 2518 1677 1615 2407 26128 20745 9097 11590 9751 426 1693 2956 2438
internal_value=0.000161698 -0.000147608 -0.000488244 0.000254092 0.00693231 0.0219773 0.000333223 -0.000943185 0.0011304 0.0044575 0.00300299 -0.00182955 0.00976422 0.00495651 1.86752e-05 0.00906574
internal_weight=17881.5 17603.2 17267.9 15871.8 2408.37 729.853 1678.52 13463.4 9704 6074.95 5714.06 3334.97 2379.09 1437.26 1118.29 700.052
internal_count=116219 114101 112151 95324 15304 4133 11171 80020 53892 33147 30864 18848 12016 9494 7801 4845
is_linear=0
shrinkage=0.0659825


Tree=89
num_leaves=17
num_cat=4
split_feature=13 24 20 11 13 2 13 2 23 2 18 4 16 2 16 24
split_gain=40.5843 29.3674 27.9286 25.6753 43.8549 31.8459 27.3331 20.8124 19.6826 23.5395 18.8791 17.5575 28.2357 16.7335 15.7905 15.5297
threshold=181.50000000000003 0.069624405445300977 1.1250000000000002 -1.0000000180025095e-35 595.50000000000011 0 235.50000000000003 1 0.24322047365422095 2 22.440210000000004 1.5000000000000002 87.890000000000015 3 33.890000000000008 0.062063366187077536
decision_type=8 8 8 8 10 9 8 9 2 9 10 2 10 9 10 10
left_child=-1 15 14 4 5 -4 -5 -8 11 -10 -7 12 13 -9 -3 -2
right_child=1 2 3 6 -6 10 7 8 9 -11 -12 -13 -14 -15 -16 -17
leaf_value=0.052912038019640818 -0.0046578418247200009 0.055942812461507355 -0.01881639623680861 0.028733093350728309 0.017905880640006672 -0.0043756553533347833 -0.0031681809977228436 -0.0090768864142642298 0.017295964413282634 0.0041123365443402728 0.024830363958114745 0.003343888213969348 0.028766838426311649 0.0030052102099264125 0.014007382835401726 -0.031679694888486529
leaf_weight=59.324529718607664 201.41080842167139 40.649021327495575 749.09431292489171 159.60130339488387 328.40775310248137 1813.654599327594 2911.9850438013673 1483.927068669349 785.53235547617078 2338.4178308695555 95.566893223673105 5610.0719889253378 106.55360680446029 741.96172179281712 290.76355940848589 169.27078973501921
leaf_count=318 1670 198 4629 795 1688 10575 18510 10447 4478 13236 532 39829 570 5532 1712 1568
internal_value=0.00109585 0.000904944 0.00129796 0.000927077 -0.00462547 -0.00744444 0.0021016 0.00178484 0.00308928 0.00752371 -0.00282281 0.00134447 -0.00346068 -0.00507959 0.0200905 -0.0173177
internal_weight=17886.2 17826.9 17456.2 17124.8 2986.72 2658.32 14138.1 13978.4 11066.5 3123.95 1909.22 7942.51 2332.44 2225.89 331.413 370.682
internal_count=116287 115969 112731 110821 17424 15736 93397 92602 74092 17714 11107 56378 16549 15979 1910 3238
cat_boundaries=0 3 7 11 15
cat_threshold=1075932160 603989040 17424 2353107873 405799504 1697384994 192 536879104 8519720 2315256144 9 1610612752 67250185 436387920 9
is_linear=0
shrinkage=0.0659825


Tree=90
num_leaves=17
num_cat=6
split_feature=5 17 2 2 1 23 23 5 2 7 2 19 17 17 23 3
split_gain=37.3653 43.8169 55.4312 30.2935 23.577 20.9419 19.4601 18.7459 16.793 14.6363 16.2567 15.6241 14.3148 13.3467 15.9788 13.2044
threshold=7.5000000000000009 74.950000000000003 0 1 2 0.13224965969629868 0.24322047365422095 15.500000000000002 3 16.500000000000004 4 0.20500000000000004 89.035000000000011 92.38000000000001 0.24163907431349171 5
decision_type=2 8 9 9 1 2 2 2 9 2 9 8 10 10 2 9
left_child=8 3 4 -2 -3 15 7 -6 -1 11 -11 -4 -9 -10 -15 -5
right_child=1 2 9 5 6 -7 -8 12 13 10 -12 -13 -14 14 -16 -17
leaf_value=-0.014884007772000215 -0.0063855901468361665 0.028002503562137345 -0.0058785487366346152 -0.025899912171998038 -0.0046851010783675725 0.0021124785715784774 0.021842152095025699 0.0051747147763962602 -0.0045890655557960913 -0.0057678946122127431 0.013507143811245537 0.027822531656675389 0.026439702945457076 -0.0038530880060328094 0.05286132354286497 -0.0044441955822953471
leaf_weight=934.54808064550161 3028.208929207176 472.43224366009235 1296.6957566179335 151.55871857702732 426.96690164506435 8532.1346596255898 485.61653022095561 361.68129570782185 477.72274263575673 285.24754574149847 525.47041157633066 56.645735993981361 220.48626527190208 43.18166533857584 35.561349727213383 560.22411068528891
leaf_count=11730 18400 2494 6902 1401 2609 52071 2396 1632 5429 1413 2638 251 983 456 253 5193
internal_value=0.000392181 0.00130249 0.00717462 -0.000676925 0.0151336 0.00120183 0.0110675 0.00578009 -0.00958623 -0.000152073 0.00682779 -0.00434663 0.0134236 -0.000351765 0.0237621 -0.00962086
internal_weight=17894.4 16403.4 4131.24 12272.1 1967.18 9243.92 1494.75 1009.13 1491.01 2164.06 810.718 1353.34 582.168 556.466 78.743 711.783
internal_count=116251 98383 21318 77065 10114 58665 7620 5224 17868 11204 4051 7153 2615 6138 709 6594
cat_boundaries=0 4 8 9 13 16 17
cat_threshold=79701040 913450528 2417181488 5 84485638 3037265937 1418840066 135 4 1358957584 44239912 2206500368 9 553734144 100352 50856960 512
is_linear=0
shrinkage=0.0659825


Tree=91
num_leaves=17
num_cat=2
split_feature=17 2 13 16 11 13 2 16 5 8 11 13 11 8 5 17
split_gain=27.7978 25.1618 23.2978 23.018 20.2211 31.5152 20.1507 21.0298 21.3857 19.4502 18.9117 22.49 21.609 20.3677 17.5887 17.1713
threshold=93.365000000000009 0 190.50000000000003 34.970000000000006 38.500000000000007 510.50000000000006 1 46.670000000000009 19.500000000000004 6.5000000000000009 3.5000000000000004 314.50000000000006 9.5000000000000018 16.500000000000004 12.500000000000002 58.500000000000007
decision_type=10 9 8 10 10 10 9 10 2 2 8 8 10 2 2 10
left_child=1 2 -1 -2 9 -6 7 -5 -9 -3 13 -12 -13 -4 -8 -15
right_child=3 4 10 6 5 -7 14 8 -10 -11 11 12 -14 15 -16 -17
leaf_value=0.049866540840173716 0.05971554666590892 -0.024408419621501344 -0.026896395450406931 -0.033044097447932887 0.030628104485396098 -0.029927489520173569 0.0035041016697693952 -0.0025521323681233568 0.051654660488738464 0.00063989855281984444 0.015945573406985197 -0.0029580181799086706 -0.024815338733405516 -0.01489098282599647 0.028735120993352396 0.0041900832502725811
leaf_weight=27.315313413739204 34.872750654816628 130.25293407589197 311.78459360823035 75.951094210147858 194.49501108750701 40.715622365474701 220.24084629118443 212.02349945157766 30.907350808382034 12029.146598860621 249.3591965585947 3016.1130106933415 204.69236905872822 502.61133990064263 264.09184205159545 340.48706424236298
leaf_count=149 178 1064 2162 443 1132 212 1575 1346 148 80172 1243 19662 974 3201 1233 1704
internal_value=-0.000241908 -0.000820441 -0.00494875 0.0114447 0.000734244 0.0196428 0.00890439 -0.00404041 0.00546621 0.000359186 -0.00534998 -0.00290499 -0.00439246 -0.0126415 0.0171038 -0.00721091
internal_weight=17885.1 17047 4652.36 838.087 12394.6 235.211 803.215 318.882 242.931 12159.4 4625.05 3470.16 3220.81 1154.88 484.333 843.098
internal_count=116598 111675 29095 4923 82580 1344 4745 1937 1494 81236 28946 21879 20636 7067 2808 4905
cat_boundaries=0 4 7
cat_threshold=3154229605 813728816 1144457248 1 545275904 2230273 184549968
is_linear=0
shrinkage=0.0659825


Tree=92
num_leaves=17
num_cat=8
split_feature=2 9 3 2 2 7 6 0 5 7 8 5 0 2 2 15
split_gain=25.35 23.3678 19.2436 30.0428 22.8723 18.1541 32.0615 19.58 19.3573 16.924 16.9107 18.288 14.4266 19.1698 15.7444 14.0708
threshold=0 50.500000000000007 1 2 3 31.500000000000004 745.50000000000011 4 10.500000000000002 19.500000000000004 13.500000000000002 20.500000000000004 5 6 7 264.50000000000006
decision_type=9 2 9 9 9 2 2 9 2 2 2 2 9 9 9 10
left_child=10 2 3 15 -4 7 -7 9 -9 -3 -1 -12 13 -5 -14 -2
right_child=1 5 4 12 -6 6 -8 8 -10 -11 11 -13 14 -15 -16 -17
leaf_value=-0.0074225599804156909 -0.0014020585443555375 0.0025896216905109746 -0.0050884641268706477 -0.0069898012160243897 0.002982319121400452 0.070602449573997569 0.00017707117516567469 -0.010790446432293748 0.020940961134349286 -0.024392325095569902 0.00438253024899855 0.036408251513328528 0.0022552380487171615 -0.022739382297455295 -0.01094240676604046 0.028707867490844072
leaf_weight=533.30721248686314 2746.9781133793294 355.79700502380729 2581.6897427663207 703.7531520165503 3698.632132768631 45.427587043493986 61.876958072185516 103.54049816727638 368.04189244657755 134.64633912965655 4102.6424788720906 73.036857284605503 642.36752857640386 704.9459061846137 993.23214881494641 63.028620637953281
leaf_count=3179 18696 2162 17131 5164 23966 259 415 1026 1858 841 25717 342 4209 4839 6635 393
internal_value=-0.000574884 -0.00205673 -0.00288323 -0.00559817 -0.000339955 0.00726538 0.0322351 0.0042903 0.0136386 -0.00493226 0.00357421 0.00499623 -0.0101266 -0.0150406 -0.00578794 -0.000662177
internal_weight=17912.9 13204 12134.6 5854.31 6280.32 1069.33 107.305 962.026 471.582 490.443 4708.99 4175.68 3044.3 1408.7 1635.6 2810.01
internal_count=116832 87594 81033 39936 41097 6561 674 5887 2884 3003 29238 26059 20847 10003 10844 19089
cat_boundaries=0 4 6 10 13 14 15 19 23
cat_threshold=722052100 541590865 950413120 48 134219264 8 1084234496 278110722 34111488 198 2162432081 2240848384 2215168030 14338 51 272646144 50333728 65552 8 67108880 100663304 16777376 1
is_linear=0
shrinkage=0.0659825


Tree=93
num_leaves=17
num_cat=3
split_feature=13 2 11 5 17 11 13 23 18 2 17 16 17 18 13 3
split_gain=31.2121 23.5038 19.3433 16.3239 16.8573 16.124 22.8353 15.4174 19.2833 13.8815 19.9874 24.6281 24.8135 16.521 15.0529 14.6648
threshold=181.50000000000003 0 -7.4999999999999991 15.500000000000002 93.495000000000019 62.500000000000007 451.50000000000006 0.10952406173432357 13.233970000000001 1 51.245000000000012 87.890000000000015 25.085000000000004 9.7816300000000016 274.50000000000006 2
decision_type=8 9 8 2 10 10 10 2 10 9 10 10 8 10 8 9
left_child=-1 2 -2 -4 -5 7 -7 8 -3 14 11 12 13 -11 -9 -12
right_child=1 5 3 4 -6 6 -8 9 -10 10 15 -13 -14 -15 -16 -17
leaf_value=0.046199141852809066 -0.017372203798310202 -0.026482929458293954 0.0011681150838775977 0.006932256158323922 0.033744324269986491 0.039023576305869973 -0.016830278706631278 -0.029772090037608962 0.0027968288744494542 0.035946263547229518 -0.0016161126483354264 0.012516262813725379 -0.0074864389638526537 0.0019085113335644758 -0.0051994185916895046 0.0051028650321486273
leaf_weight=58.781683664768934 179.74121971428394 229.69372838363051 3411.8858556114137 2690.2716552205384 100.4577616378665 89.851753883063793 43.335241131484509 112.50743824243546 165.54235189035535 85.353316843509674 2502.5650919191539 348.3912084326148 3083.3871583268046 195.03817728161812 1332.1114926859736 3223.04433606565
leaf_count=322 1127 2358 26400 13751 474 615 238 573 1517 514 15603 1871 20807 1181 7656 21272
internal_value=0.000568767 0.000401866 0.00360318 0.00423368 0.0079706 -0.00139164 0.0209105 -0.00166768 -0.0143665 -0.0011985 -0.000270348 -0.00403797 -0.00577253 0.0128273 -0.00718355 0.00217364
internal_weight=17852 17793.2 6382.36 6202.62 2790.73 11410.8 133.187 11277.6 395.236 10882.4 9437.78 3712.17 3363.78 280.391 1444.62 5725.61
internal_count=116279 115957 41752 40625 14225 74205 853 73352 3875 69477 61248 24373 22502 1695 8229 36875
cat_boundaries=0 4 8 10
cat_threshold=556287632 588392528 939689132 39 67141991 2223505408 2225678338 144 671222272 1
is_linear=0
shrinkage=0.0659825


Tree=94
num_leaves=17
num_cat=5
split_feature=8 5 13 3 0 13 5 0 17 7 7 13 1 14 1 4
split_gain=25.7171 26.1675 23.5662 17.8966 24.8863 17.6755 16.9628 16.8591 16.02 15.6104 15.4052 15.5362 14.3207 14.2538 14.0121 21.4182
threshold=14.500000000000002 20.500000000000004 175.50000000000003 0 1 225.50000000000003 16.500000000000004 2 60.975000000000001 36.500000000000007 4.5000000000000009 268.50000000000006 3 17.500000000000004 4 4.5000000000000009
decision_type=2 2 8 9 9 10 2 9 10 2 2 10 1 10 1 2
left_child=5 2 -2 -4 -5 7 8 12 -6 14 -8 13 -1 -12 15 -10
right_child=1 -3 3 4 6 -7 10 -9 9 -11 11 -13 -14 -15 -16 -17
leaf_value=-0.0096090065613516178 0.051223998847264265 0.023793291994433214 0.013155234027903312 -0.0033994613935941164 -0.0027517040886811659 -0.013325217572725912 0.017223949669627037 -0.0093421178993745874 0.017757018325285909 0.021576706696188351 0.0092866561543775809 -0.0043079291223326226 0.010416068278775059 -0.012567666836578508 -3.549046104580692e-05 -0.021458967587909307
leaf_weight=209.49329958483577 33.496623627841473 206.30848063156009 444.2690355591476 5827.3630024045706 3475.2712609134614 978.18784298747778 466.74909554421902 671.48323004692793 429.39274385198951 199.05675316601992 1570.1972927972674 671.71486807242036 555.17991411313415 136.22901909053326 1865.6839142814279 65.025406681001186
leaf_count=1282 202 984 3280 42361 22843 5563 2264 5464 2830 1425 7446 3393 3693 660 12117 486
internal_value=-0.000191827 0.000802176 0.000480146 0.0003469 -5.4347e-05 -0.00651404 0.0021432 -0.00183723 0.000163796 0.00412003 0.00633977 0.00416405 0.00483381 0.0075025 0.00259463 0.012396
internal_weight=17805.1 15390.8 15184.4 15151 14706.7 2414.34 8879.32 1436.16 6034.43 2559.16 2844.89 2378.14 764.673 1706.43 2360.1 494.418
internal_count=116293 100291 99307 99105 95825 16002 53464 10439 39701 16858 13763 11499 4975 8106 15433 3316
cat_boundaries=0 2 3 4 5 6
cat_threshold=805314624 1 36894 21160 1 4
is_linear=0
shrinkage=0.0659825


Tree=95
num_leaves=17
num_cat=3
split_feature=18 21 4 1 8 15 16 17 15 16 7 16 7 4 0 0
split_gain=35.6223 39.7312 26.7745 30.0521 24.2098 18.9099 21.2378 39.6856 28.3793 25.6274 23.2968 32.0961 26.6702 32.7976 24.0902 23.062
threshold=17.83709 1023.35 5.5000000000000009 0 3.5000000000000004 38.500000000000007 73.220000000000013 49.435000000000009 67.500000000000014 87.890000000000015 15.500000000000002 36.770000000000003 35.500000000000007 1.5000000000000002 1 2
decision_type=10 10 2 1 2 10 10 10 10 10 2 8 2 2 9 9
left_child=4 2 3 -2 -1 -6 10 9 -9 -8 11 14 -12 -14 -7 -10
right_child=1 -3 -4 -5 5 6 7 8 15 -11 12 -13 13 -15 -16 -17
leaf_value=-0.03219378947372209 -0.001070927299972946 0.039426255469359094 -0.012025572683456675 0.015743803609249079 -0.0059757055642402912 0.013657468387840406 -0.010118423378946785 -0.0046508621878035431 0.0057199128763325028 0.0083985061292985233 0.0050993008298724374 -0.009698417145865031 -0.0270887629237258 -0.00068637005430060986 -0.0052877875638966286 0.019462256689866324
leaf_weight=106.55087789520621 871.04337094724178 147.4962421245873 345.05432331189513 979.19917650148273 3246.7217463497072 518.92758701741695 1163.9958689399064 609.19517625495791 1355.1019922755659 445.36089309304953 2539.8199417442083 2822.0836238153279 265.34653671830893 834.81186225637794 631.3387114405632 900.30601949244738
leaf_count=925 5053 975 2205 5878 23062 3095 6594 3246 7991 2312 16611 19692 2076 6091 5310 5132
internal_value=-0.000583698 0.00698669 0.0047015 0.00785092 -0.00173479 -0.0015101 -0.000308047 0.00329709 0.0079488 -0.00498154 -0.00242784 -0.00591804 0.00138466 -0.00717131 0.00335908 0.0113555
internal_weight=17782.4 2342.79 2195.3 1850.24 15439.6 15333 12086.3 4473.96 2864.6 1609.36 7612.33 3972.35 3639.98 1100.16 1150.27 2255.41
internal_count=116248 14111 13136 10931 102137 101212 78150 25275 16369 8906 52875 28097 24778 8167 8405 13123
cat_boundaries=0 1 2 3
cat_threshold=2 16547 10258
is_linear=0
shrinkage=0.0659825


Tree=96
num_leaves=17
num_cat=7
split_feature=2 13 1 14 11 13 13 13 2 0 2 0 17 11 9 2
split_gain=27.3417 25.5992 23.0532 21.4395 25.5619 27.6821 27.2635 29.7297 23.4826 20.973 19.9358 18.2282 18.0384 17.6969 17.3677 15.9675
threshold=0 253.50000000000003 1 16.500000000000004 5.5000000000000009 295.50000000000006 675.50000000000011 205.50000000000003 2 3 4 5 22.275000000000002 54.500000000000007 50.500000000000007 6
decision_type=9 8 1 10 8 8 10 10 9 9 9 9 8 10 2 9
left_child=1 2 -1 4 6 13 7 -2 -7 -10 -9 -3 -12 -6 -11 -13
right_child=3 11 -4 -5 5 8 -8 10 9 14 12 15 -14 -15 -16 -17
leaf_value=0.076298575913226432 0.032082108027109632 0.00043907273023921235 0.015829595338785703 0.0067108960128658352 0.010790448242523839 -0.0082400366607489981 0.019039582826168452 0.0011851245782592537 -0.004865190852107599 0.0028438104480774215 0.027930967039214563 0.001429068051393504 -0.017148195178041663 0.053038576728950709 0.02815362682578974 0.01248849475529615
leaf_weight=27.840537264943123 60.913606107234955 4930.5934051051736 171.42095058783889 1124.0662004873157 245.48362732306123 1832.9575810544193 132.93304745107889 370.75795739516616 1953.1109803654253 2954.2593631967902 34.23927903175354 1045.1816413290799 1513.2566793598235 47.594708856195211 116.85206476226449 1264.9470412582159
leaf_count=150 290 33112 902 8073 1152 11959 685 2097 14775 18106 219 6980 9139 354 674 7744
internal_value=0.000317536 0.0033666 0.0263401 -0.00186871 -0.00291576 -0.00102874 -0.00928215 -0.0112383 -0.00188449 0.000456992 -0.0127136 0.00271687 -0.0159399 0.0186148 0.00384949 0.00752975
internal_weight=17826.4 7439.98 199.261 10386.4 9262.36 7150.26 2112.1 1979.17 6857.18 5024.22 1918.25 7240.72 1547.5 293.078 3071.11 2310.13
internal_count=116411 48888 1052 67523 59450 47020 12430 11745 45514 33555 11455 47836 9358 1506 18780 14724
cat_boundaries=0 4 5 9 10 14 15 19
cat_threshold=1329594964 14756443 169976576 36 4 2147582241 269615360 3582462114 210 6226 8388640 268566528 2156658848 1 2585 1090519632 2164745 65792 4
is_linear=0
shrinkage=0.0659825


Tree=97
num_leaves=17
num_cat=1
split_feature=13 11 13 3 13 11 13 6 21 7 21 18 11 18 21 21
split_gain=22.2922 27.829 19.9126 20.1019 18.9113 31.1865 27.3179 22.6999 17.4826 15.7459 15.0422 14.3419 13.7708 12.7514 13.9415 13.1787
threshold=665.50000000000011 -3.4999999999999996 215.50000000000003 0 494.50000000000006 49.500000000000007 317.50000000000006 869.00000000000011 1000.5500000000001 15.500000000000002 1016.35 18.987870000000004 10.500000000000002 7.4800700000000004 1029.7500000000002 1032.8500000000001
decision_type=10 8 8 9 10 10 10 2 8 2 10 10 10 10 8 10
left_child=1 9 -3 -4 5 8 -7 -8 -5 11 -2 -1 -6 14 -10 -15
right_child=10 2 3 4 12 6 7 -9 13 -11 -12 -13 -14 15 -16 -17
leaf_value=-0.015227335458679405 0.02884833885522245 0.026447483790769531 0.01449445718719717 0.021911115198201565 -0.0047699132714014662 0.050707139104132305 -0.01453479008874072 0.043475530394672356 -0.0014770690628308073 -0.0006024096659069866 0.0010780811437552109 0.0090731416778185876 -0.029333227371179337 0.0009832655094021165 -0.012695174364336292 0.022109006632098263
leaf_weight=974.15207112953067 191.77519861608744 126.16714423894882 433.56284914538264 155.93653314560652 305.47823287546635 94.396992906928062 86.107337139546871 36.880585432052612 2852.5065579339862 835.10965288057923 149.55852997303009 114.39079129323363 143.31391508132219 10658.490766923875 574.77232246845961 123.90556121245027
leaf_count=6105 908 672 3279 774 1550 665 505 221 21148 5154 808 706 676 68898 3863 831
internal_value=0.000371817 4.34408e-05 0.000968233 0.000749781 0.000337624 0.000750863 0.0252017 0.00412116 0.000370075 -0.00743103 0.0169185 -0.0126365 -0.0129087 0.000124162 -0.00337807 0.00123869
internal_weight=17856.5 17515.2 15591.5 15465.4 15031.8 14583 217.385 122.988 14365.6 1923.65 341.334 1088.54 448.792 14209.7 3427.28 10782.4
internal_count=116763 115047 103082 102410 99131 96905 1391 726 95514 11965 1716 6811 2226 94740 25011 69729
cat_boundaries=0 2
cat_threshold=805314624 1
is_linear=0
shrinkage=0.0659825


Tree=98
num_leaves=17
num_cat=2
split_feature=18 6 4 8 17 4 22 0 23 23 17 7 7 0 4 7
split_gain=24.1094 31.6198 33.193 22.325 18.3066 18.9408 18.0584 17.9203 16.8021 16.1495 15.3051 13.778 26.7279 15.1087 17.3841 24.8226
threshold=17.83709 1630.0000000000002 4.5000000000000009 12.500000000000002 19.205000000000002 4.5000000000000009 0.27901890472477558 0 0.10026627499484701 0.1817257498631116 87.675000000000026 47.500000000000007 45.500000000000007 1 5.5000000000000009 9.5000000000000018
decision_type=10 2 2 2 8 2 2 9 2 2 10 2 2 9 2 2
left_child=3 2 7 6 5 9 -1 -2 -6 -5 11 12 13 -10 -15 -16
right_child=1 -3 -4 4 8 -7 -8 -9 10 -11 -12 -13 -14 14 15 -17
leaf_value=-0.0061555949417963895 0.028547615267352562 -0.010215694668511421 -0.0053096865418690038 -0.0019459167971189798 -0.018221713758659421 -0.025172505816357851 -0.028889323113823289 0.010401619410542811 -0.0039754414803098914 0.056049144271416225 0.0058235380083359522 -0.022927268476001579 0.024059211224397213 -0.00046331718211394804 0.026706226185697814 0.0024514747644109902
leaf_weight=1196.6090411096811 308.73659030348063 418.81469558179379 480.13112399354577 29.660214718431234 222.71771353296936 21.292072303593159 169.20600360631943 1140.8533534668386 4880.8047158718109 61.411268323659897 1615.2915825396776 117.24679024145007 179.56017509102821 6144.4809728264809 250.26201017946005 652.45262043550611
leaf_count=8101 1553 2655 3041 205 2212 145 897 6878 34326 310 9552 1010 1276 38589 1577 4415
internal_value=-0.000111653 0.00611028 0.00967509 -0.00105398 -0.000275962 0.025538 -0.00909067 0.0146398 -0.000493464 0.0382485 -0.000200087 -0.00099857 -0.000774507 -0.00116074 0.000794992 0.00931297
internal_weight=17889.5 2348.54 1929.72 15541 14175.2 112.364 1365.82 1449.59 14062.8 91.0715 13840.1 12224.8 12107.6 11928 7047.2 902.715
internal_count=116742 14127 11472 102615 93617 660 8998 8431 92957 515 90745 81193 80183 78907 44581 5992
cat_boundaries=0 1 2
cat_threshold=16544 37391
is_linear=0
shrinkage=0.0659825


Tree=99
num_leaves=17
num_cat=5
split_feature=21 20 2 5 8 2 4 2 21 0 4 2 7 4 7 20
split_gain=22.9238 21.8935 21.4446 15.9214 20.6183 18.1322 15.8244 31.2615 24.5746 23.5779 22.1943 17.0421 16.3161 20.0366 27.0383 18.3415
threshold=1000.5500000000001 1.3750000000000002 0 9.5000000000000018 28.500000000000004 1 4.5000000000000009 2 1032.6500000000003 3 1.5000000000000002 4 15.500000000000002 2.5000000000000004 19.500000000000004 9.5000000000000018
decision_type=8 8 9 2 2 9 2 9 10 9 2 9 2 2 2 10
left_child=-1 -2 -3 4 5 -4 8 -8 9 10 -5 -12 15 14 -14 -11
right_child=1 2 3 6 -6 -7 7 -9 -10 12 11 -13 13 -15 -16 -17
leaf_value=0.021873663300299946 0.016070618809430452 -0.0050151659248653616 -0.013065546287314513 -0.0071336565297817562 0.0073186506333371782 -0.00036806088511853746 -0.012438030980258717 0.0024345515731323073 0.03798254597955842 -0.0095798166620640283 -0.0031518180249017519 0.0079435663798210574 0.026163994055754692 0.018744585092064565 -0.00023598378870461471 0.005275635921545254
leaf_weight=200.10217095911503 344.58015306666493 3704.8973732180893 1048.7891986630857 1524.2287645302713 535.35718024894595 919.18115271069109 917.63694036006927 1794.646654818207 81.043390545994043 436.02010422199965 1076.6661112271249 1337.0205936394632 203.2988516651094 789.04601963236928 870.21873297169805 1989.3847288265824
leaf_count=1008 1984 23446 11827 9365 5718 9529 5496 10970 454 2061 6101 8109 972 4006 4651 10669
internal_value=9.21616e-06 -0.000247449 -0.000579546 0.000640711 -0.00410259 -0.00722289 0.00172058 -0.00265105 0.00314887 0.00277713 -0.000913665 0.00301872 0.00615083 0.0108 0.00488596 0.0025873
internal_weight=17772.1 17572 17227.4 13522.5 2503.33 1967.97 11019.2 2712.28 8306.93 8225.88 3937.92 2413.69 4287.97 1862.56 1073.52 2425.4
internal_count=116366 115358 113374 89928 27074 21356 62854 16466 46388 45934 23575 14210 22359 9629 5623 12730
cat_boundaries=0 4 8 11 12 15
cat_threshold=3422646625 2692743424 2425965346 153 817891328 375390232 170165320 4 291505284 289441289 19038208 14358 536870912 2293769 50331712
is_linear=0
shrinkage=0.0659825


Tree=100
num_leaves=17
num_cat=0
split_feature=16 20 23 13 16 8 7 21 15 13 16 7 15 21 23 13
split_gain=35.2733 24.7374 19.3134 18.5109 16.0835 15.8325 18.6435 18.2162 17.3304 24.3783 20.9624 13.9114 13.0506 17.3537 12.8686 12.2478
threshold=24.440000000000001 1.3750000000000002 0.090737098000203575 175.50000000000003 33.440000000000005 14.500000000000002 30.500000000000004 1026.2500000000002 38.500000000000007 220.50000000000003 48.110000000000007 1.0000000180025095e-35 190.00000000000003 1018.5500000000001 0.25168111152349509 268.50000000000006
decision_type=8 8 2 8 10 2 2 10 8 10 10 2 8 10 2 8
left_child=-1 4 -3 -4 -2 6 11 -8 9 10 -7 -5 13 -13 -11 -10
right_child=1 2 3 5 -6 8 7 -9 15 14 -12 12 -14 -15 -16 -17
leaf_value=0.020169906666428473 0.053552252665366826 -0.02485210464367095 0.042198498493752339 -0.038837497938065915 0.011267808784705867 0.020408469072356966 0.001557892455031167 0.041590181963352992 0.010483967638044787 -0.012907891512287103 -0.007727206367101642 -0.0057506749020979015 -0.00038358457595088162 -0.023146922977942921 -0.039621139065630355 0.00046673610391943598
leaf_weight=369.55867481604218 39.628633268177509 135.77693843096495 38.014090407639742 56.410548560321331 314.71118896827102 169.08893904648721 297.74751728773117 53.23710111528635 547.56413810700178 372.03548261895776 330.64371666871011 752.02324821799994 751.64278788864613 372.12929099798203 97.802819084376097 13155.306502033025
leaf_count=2788 192 1438 230 381 1851 1337 2124 383 3096 2344 2573 4539 4926 2737 529 85400
internal_value=0.000168797 -0.000261022 -0.000620833 -0.00041817 0.0168424 -0.000529217 -0.00563257 0.00825089 0.000266977 -0.00822923 0.00192714 -0.00817295 -0.00712497 -0.0116054 -0.0189154 0.000871616
internal_weight=17853.3 17483.8 17129.4 16993.6 354.34 16955.6 2283.19 350.985 14672.4 969.571 499.733 1932.21 1875.8 1124.15 469.838 13702.9
internal_count=116868 114080 112037 110599 2043 110369 15090 2507 95279 6783 3910 12583 12202 7276 2873 88496
is_linear=0
shrinkage=0.0659825


Tree=101
num_leaves=17
num_cat=3
split_feature=5 17 0 3 4 24 24 24 5 5 24 4 17 0 4 20
split_gain=19.655 20.6428 28.8707 25.5813 25.1951 32.1944 27.9504 21.5331 18.0175 17.701 17.6291 20.8113 56.2004 17.3969 16.4399 19.1911
threshold=6.5000000000000009 53.45000000000001 0 1 2.5000000000000004 0.24810595190265741 0.19697454961395486 0.43836741397717011 12.500000000000002 12.500000000000002 0.50881023163631867 3.5000000000000004 26.545000000000005 2 4.5000000000000009 1.3750000000000002
decision_type=2 10 9 9 2 10 8 8 2 2 10 2 10 9 2 10
left_child=-1 4 9 14 5 6 -2 -5 -8 -3 11 12 -6 -7 15 -4
right_child=1 2 3 7 10 13 8 -9 -10 -11 -12 -13 -14 -15 -16 -17
leaf_value=-0.010171386262911874 -0.0059025958039684258 0.0020230678234388778 0.031247548574328911 -0.0042991736672437697 0.051703479002813781 -0.00087318718940830001 -0.010075709043243317 0.0089418288471360078 0.020138322340644312 0.030575085155773812 0.024435730600789084 -0.0027092113897519165 0.0028364014256410434 -0.01863760244291807 -0.0023861070090996231 0.0058667559069476415
leaf_weight=830.20000886917114 1332.6320993155241 153.33856068179011 128.7263988442719 3569.1539431046695 107.55783772841096 325.00077820196748 109.1227324642241 622.76865212246776 348.40639060363173 244.24051504954696 127.54731755331159 3088.3177006989717 1037.6436861678958 1029.0506248697639 1095.5060758404434 3635.4458870459348
leaf_count=10031 9935 1117 684 21697 554 1535 964 3334 1927 1153 775 20715 6872 6233 7159 21658
internal_value=-0.00029746 0.000189598 0.00224086 0.00145644 -0.00239267 -0.00688883 -0.00107057 -0.00231615 0.0128935 0.0192871 0.000854161 0.00010875 0.00768155 -0.0145408 0.00470753 0.00678504
internal_weight=17784.7 16954.5 9449.18 9051.6 7505.28 3144.21 1790.16 4191.92 457.529 397.579 4361.07 4233.52 1145.2 1354.05 4859.68 3764.17
internal_count=116343 106312 56802 54532 49510 20594 12826 25031 2891 2270 28916 28141 7426 7768 29501 22342
cat_boundaries=0 1 3 4
cat_threshold=16512 805323782 8 32
is_linear=0
shrinkage=0.0659825


Tree=102
num_leaves=17
num_cat=1
split_feature=17 7 21 7 24 23 3 11 7 7 5 7 11 21 14 21
split_gain=21.7385 18.2284 28.5792 35.1707 32.6318 27.2599 26.5782 24.6378 20.3918 35.1897 21.8148 26.948 21.7136 20.2298 17.5043 24.9625
threshold=94.080000000000013 16.500000000000004 1020.9500000000002 19.500000000000004 0.14927849927849932 0.17245094949026016 0 -1.4999999999999998 30.500000000000004 39.500000000000007 14.500000000000002 38.500000000000007 -11.499999999999998 1000.5500000000001 6.5000000000000009 1017.2500000000001
decision_type=10 2 10 2 10 2 9 8 2 2 2 2 10 8 10 10
left_child=1 7 3 5 -4 -3 14 -1 -6 10 11 12 -10 -9 -5 -16
right_child=-2 2 4 6 8 -7 -8 13 9 -11 -12 -13 -14 -15 15 -17
leaf_value=-0.010300290526854545 0.012109994229436137 0.026937499911222695 -0.0041962446821589717 -0.0097798578114268366 0.0055026404600315324 0.0035958241598957881 -0.0089309087614306004 0.025480304253388306 -0.0089480990153454447 0.00053850021634289686 0.046404260225927328 0.064004789152945205 0.048151785910947771 -0.00177510111818674 0.0088723109671921159 -0.011263256580153475
leaf_weight=1602.5047151148319 562.5227703936398 276.25104977935553 562.7542761862278 456.01972880586982 540.99219059199095 962.87017259001732 2097.7702648304403 114.04845566675067 127.18215822800994 208.27622926607728 243.92415980249643 34.404394082725048 30.838832370936871 8308.666754571721 1301.9197453148663 331.43772156909108
leaf_count=9728 3215 1728 4841 3057 3886 5422 13728 595 1015 1580 1162 312 167 55930 7855 2284
internal_value=-0.00058189 -0.00100122 0.00153715 -0.000828975 0.00885751 0.00890863 -0.00371964 -0.00281766 0.015043 0.02292 0.0334447 0.0160744 0.00360232 -0.00138744 0.00155876 0.0047591
internal_weight=17762.4 17199.9 7174.64 5426.27 1748.37 1239.12 4187.15 10025.2 1185.62 644.626 436.35 192.425 158.021 8422.72 2089.38 1633.36
internal_count=116505 113290 47037 34074 12963 7150 26924 66253 8122 4236 2656 1494 1182 56525 13196 10139
cat_boundaries=0 1
cat_threshold=805439494
is_linear=0
shrinkage=0.0659825


Tree=103
num_leaves=17
num_cat=7
split_feature=2 13 14 11 13 13 5 2 2 0 2 13 8 24 2 2
split_gain=19.8225 28.9677 23.3243 21.6586 25.6866 19.0035 36.456 33.5845 32.2487 31.996 24.3645 22.1956 19.633 19.4028 21.6668 19.1543
threshold=0 215.50000000000003 8.5000000000000018 64.500000000000014 349.50000000000006 610.50000000000011 18.500000000000004 1 2 3 4 484.50000000000006 16.500000000000004 0.20789119781879814 5 6
decision_type=9 8 10 10 10 8 2 9 9 9 9 10 2 10 9 9
left_child=-1 2 -2 5 -5 7 9 -3 -8 13 -11 12 -9 14 -7 -15
right_child=1 3 -4 4 -6 6 8 11 -10 10 -12 -13 -14 15 -16 -17
leaf_value=-0.0079792294031502502 0.061278687993650049 -0.0097547646734392392 0.0084864818774887611 0.051597360785621466 0.0011269940747465855 0.0074108157609592664 -0.0027479219895425169 -0.0076739621403957518 0.014581274664080008 -0.0078716716960946821 6.1085852607076305e-05 -0.012647567136963205 0.010440100902640413 0.019026321791738941 -0.0097165638444227688 0.0041382202134375712
leaf_weight=1319.4601641185582 52.903680557385087 2108.3270116373897 101.29829354584217 71.057439211755991 102.2738426476717 662.20006723701954 691.08883012086153 336.63528159633279 1425.3163899034262 2651.6174339354038 4587.418000837788 331.76174812018871 1090.5874248333275 629.41605688631535 595.23684854060411 958.71632466837764
leaf_count=7673 291 12400 522 543 594 4551 3315 1951 6937 20263 36166 1733 5841 3562 4406 5582
internal_value=-0.000249829 0.000379631 0.0282786 0.000104217 0.0228923 -0.000150399 0.00112739 -0.00417701 0.00898693 -0.000526599 -0.00285576 0.00256013 0.00615277 0.00538312 -0.000723023 0.0102354
internal_weight=17715.3 16395.9 154.202 16241.7 173.331 16068.3 12201 3867.31 2116.41 10084.6 7239.04 1758.98 1427.22 2845.57 1257.44 1588.13
internal_count=116330 108657 813 107844 1137 106707 84782 21925 10252 74530 56429 9525 7792 18101 8957 9144
cat_boundaries=0 3 7 11 12 16 20 23
cat_threshold=2282324166 2290614304 86002688 1348500528 605135873 197168 141 4215809 20972544 838861456 24 49888 341843968 3320328 144310370 1 874512400 21014080 560 129 568352768 17826305 8585264
is_linear=0
shrinkage=0.0659825


Tree=104
num_leaves=17
num_cat=8
split_feature=2 0 2 3 13 2 21 8 13 9 16 2 0 2 13 11
split_gain=32.1653 22.6577 19.8299 25.4337 19.5556 19.1836 18.3236 14.3597 13.9718 13.3568 13.27 17.1198 12.9964 12.5586 11.6934 16.9532
threshold=0 1 2 3 686.50000000000011 4 1028.3500000000001 7.5000000000000009 224.50000000000003 43.500000000000007 78.440000000000012 5 6 7 292.50000000000006 19.500000000000004
decision_type=9 9 9 9 10 9 10 2 8 2 10 9 9 9 10 10
left_child=14 5 6 4 10 -2 -3 -7 -9 -8 12 -12 13 -4 15 -1
right_child=1 2 3 -5 -6 7 9 8 -10 -11 11 -13 -14 -15 -16 -17
leaf_value=-0.0039081292153024553 -0.0010549745200885106 -0.0047332064123490405 0.01497386736183501 0.010252390932964492 0.049129350322251249 -0.019730228023624244 0.0054626379200161763 0.033570536845419864 0.0070887400311177963 0.045216457969692779 0.018682499752036171 -0.0035483804143457884 -0.012066869007576874 -0.0030009823554924104 -0.012469535291429872 0.029363100754318038
leaf_weight=2741.2249617949128 1718.1007037274539 3731.7840723395348 179.79454322531819 1336.0176724847406 27.344328865408897 79.363055929541588 140.71469430997968 82.74144583567977 4477.4105323813856 44.645008962601423 272.18411411717534 311.52863189205527 600.70386228337884 1222.3189310617745 728.74943920969963 62.146873019635677
leaf_count=17570 10257 25970 1238 9240 135 437 1328 445 26915 351 1525 1924 5252 9411 3992 362
internal_value=0.000578861 0.00197857 -0.000390118 0.00290297 -0.000893624 0.00490316 -0.00370902 0.00710555 0.00761449 0.0161993 -0.00154297 0.0071624 -0.00409449 -0.000550944 -0.00504297 -0.00310692
internal_weight=17756.8 14224.7 7867.04 3949.89 2613.87 6357.62 3917.14 4639.52 4560.15 185.36 2586.53 583.713 2002.82 1402.11 3532.12 2803.37
internal_count=116352 94428 56374 28725 19485 38054 27649 27797 27360 1679 19350 3449 15901 10649 21924 17932
cat_boundaries=0 4 5 9 11 15 18 19 22
cat_threshold=4244673 2890409521 1948534784 194 25320 1015021600 2228232 9111152 9 131584 8 2415999744 277970944 134226050 20 1073741840 0 167772160 2050 4096 65792 16777344
is_linear=0
shrinkage=0.0659825


Tree=105
num_leaves=17
num_cat=8
split_feature=2 24 7 2 0 2 21 2 2 2 5 7 21 17 18 2
split_gain=31.2839 15.9429 17.5287 16.5593 21.4396 22.0568 15.4965 17.2957 14.9169 14.4572 13.8124 14.8125 13.7393 12.9845 12.8522 24.2102
threshold=0 0.11499128919860628 24.500000000000004 1 2 3 1021.9500000000002 4 5 6 9.5000000000000018 10.500000000000002 1018.1500000000002 58.715000000000011 17.83709 7
decision_type=9 10 2 9 9 9 10 9 9 9 2 2 10 8 10 9
left_child=14 2 8 -3 5 -5 9 -8 -2 -6 -10 -12 -13 -7 -1 -16
right_child=1 3 -4 4 6 13 7 -9 10 -11 11 12 -14 -15 15 -17
leaf_value=0.0027175745431959409 -0.014767779081683356 -0.010301071037620072 -0.021510468630926486 -0.013984996362420399 0.0060205574764808437 -0.0069290035675512972 0.021396598014162379 0.0035440897364448997 -0.019019735830800681 -0.001786672235651742 -0.00084007049320837979 0.035291138796755869 -0.006739990818362615 0.0057827729208406054 -0.0016225408995460284 0.019664640740681097
leaf_weight=6258.438370609656 339.32597400434315 730.05868683382869 336.10148352198303 834.22874841839075 1405.9786283075809 681.52542635425925 321.0114364773035 846.06442063301802 103.46497682668269 3754.2016113251448 349.41865161061287 110.40427618846297 45.211462948471308 705.80690317600965 398.87781124562025 549.06702079996467
leaf_count=43360 2647 4185 2839 5745 8065 4841 2187 5733 1293 22052 2275 606 322 4509 2516 3302
internal_value=0.000456022 -0.00183021 -0.00870473 -0.00087573 -5.17837e-05 -0.00560451 0.00190719 0.00875485 -0.0040527 0.000353441 0.002216 0.00678903 0.0232908 -0.000461627 0.00380303 0.0109445
internal_weight=17769.2 10562.8 1283.93 9278.88 8548.82 2221.56 6327.26 1167.08 947.825 5160.18 608.499 505.034 155.616 1387.33 7206.38 947.945
internal_count=116477 67299 9982 57317 53132 15095 38037 7920 7143 30117 4496 3203 928 9350 49178 5818
cat_boundaries=0 4 8 9 13 16 20 24 28
cat_threshold=1790978048 307824673 680968452 60 2147582917 2155880960 1140850698 128 23 67108896 69338112 17367712 1 67125248 67272704 2147549232 287835136 539000832 2449474560 1 337641504 1104 2164859936 1 1212155904 1114145 134479872 4
is_linear=0
shrinkage=0.0659825


Tree=106
num_leaves=17
num_cat=5
split_feature=2 20 23 22 9 2 7 0 17 23 17 2 5 0 7 15
split_gain=29.2388 21.309 18.3223 16.4403 16.3385 16.7809 13.3745 16.9455 14.8125 13.2197 12.4799 13.1749 12.3109 17.0878 14.5502 14.2624
threshold=0 2.2500000000000004 0.24386470281513214 0.22610769791589283 50.500000000000007 1 31.500000000000004 2 67.230000000000004 0.35398842549664716 88.425000000000026 3 10.500000000000002 4 30.500000000000004 160.50000000000003
decision_type=9 8 2 2 2 9 2 9 8 2 10 9 2 9 2 8
left_child=2 3 12 -2 5 -3 7 8 -6 -5 11 -4 13 15 -14 -1
right_child=1 4 10 9 6 -7 -8 -9 -10 -11 -12 -13 14 -15 -16 -17
leaf_value=-0.01431397402389187 0.0034917109786141895 -0.0078664847020111575 0.019025798553626037 0.042272097196983993 0.0037521110052787581 -0.001514183140059344 0.027623783608151944 -0.0051929035007316424 0.03178380973073118 -0.0029995300025716259 0.026860659113924358 0.0043611815854525775 0.0016589169846622518 -0.011828622850677737 0.012945982143175411 0.014727421575275743
leaf_weight=97.192072421312332 292.01154858618975 2352.4334134291857 340.24904819205403 102.68023084104061 224.24859554693103 7774.1643572989851 105.33665321022272 453.96897869184613 125.02831413224339 36.772948626428843 163.29640026763082 1171.1277860701084 3077.1386997401714 575.82586691528559 587.44211216643453 252.99375877901912
leaf_count=1000 1663 15587 1896 549 1363 51136 658 2713 814 176 898 6580 17871 7127 3639 2716
internal_value=0.000305284 -0.00167507 0.00392419 0.012604 -0.0022417 -0.00300303 0.00620635 0.00320625 0.0137809 0.0307174 0.00982495 0.00788137 0.00176967 -0.00500512 0.00348721 0.00637862
internal_weight=17731.9 11466.6 6265.27 431.465 11035.2 10126.6 908.583 803.246 349.277 139.453 1674.67 1511.38 4590.59 926.012 3664.58 350.186
internal_count=116386 74659 41727 2388 72271 66723 5548 4890 2177 725 9374 8476 32353 10843 21510 3716
cat_boundaries=0 4 8 9 12 13
cat_threshold=956837954 316810066 939934404 16 2098993 2147483680 1159736344 134 537 536870912 2097664 268436032 11137
is_linear=0
shrinkage=0.0659825


Tree=107
num_leaves=17
num_cat=5
split_feature=16 2 2 19 14 23 22 2 13 2 21 21 2 23 8 8
split_gain=22.211 34.3382 24.9081 19.5718 16.8795 16.1952 13.7855 15.6139 14.1288 13.8091 13.6423 13.5123 13.1329 12.9894 12.4558 12.3218
threshold=36.230000000000011 0 1 0.015000000000000001 19.500000000000004 0.10331002615257139 0.15869374999949454 2 238.50000000000003 3 1013.2500000000001 1012.4500000000002 4 0.16044851135802568 9.5000000000000018 3.5000000000000004
decision_type=8 9 9 10 10 2 2 9 10 9 8 10 9 2 2 2
left_child=1 3 5 4 13 -2 -4 15 9 -9 -6 -3 -13 -1 -14 -8
right_child=2 11 6 -5 10 -7 7 8 -10 -11 -12 12 14 -15 -16 -17
leaf_value=-0.022237111758980597 -0.023868708462830499 0.0034245800122503401 -0.0095318308994149937 0.027583938055414939 -0.018303283412168095 0.0030686795121915018 -0.033826748082553607 0.0052334858966020777 -0.010126635949395899 -0.0049998409110677492 0.031248574964153463 0.00086822744376443075 -0.018491548743047398 -0.0036587631570409195 0.023705470511892437 0.0014171890666121352
leaf_weight=209.22624531015754 92.612778665497899 413.1952650770545 1162.0554720964283 80.559155113995075 28.362884700298309 5896.9513534642756 37.416797772049904 804.73748276755214 1391.9456911794841 1903.389029532671 83.934809911996126 174.01571227237582 27.433677300810814 698.41053153574467 693.15799233317375 4020.4851137325168
leaf_count=1923 940 2717 9660 416 244 38544 321 4870 7508 12431 769 1419 188 4766 5114 24740
internal_value=0.00023452 0.00611621 -0.000692824 -0.00249895 -0.00505279 0.00262336 -0.0028241 -0.00186552 -0.00472758 -0.00195304 0.0184284 0.0132612 0.0178965 -0.00806409 0.021656 0.00103818
internal_weight=17717.9 2408.3 15309.6 1100.49 1019.93 5989.56 9320.03 8157.97 4100.07 2708.13 112.298 1307.8 894.607 907.637 720.592 4057.9
internal_count=116570 17556 99014 8118 7702 39484 59530 49870 24809 17301 1013 9438 6721 6689 5302 25061
cat_boundaries=0 4 8 12 16 19
cat_threshold=541145092 627278377 2592097184 136 805908498 522421858 2173248384 32 2160101376 2151680017 1244661844 65 220202116 536870912 32 4 25165824 3072 393216
is_linear=0
shrinkage=0.0659825


Tree=108
num_leaves=17
num_cat=1
split_feature=9 21 13 7 23 7 7 13 5 20 13 7 13 3 23 21
split_gain=18.8603 17.8134 14.7879 13.4698 13.1003 17.0804 22.1189 12.8686 13.8197 14.1536 12.9911 12.384 12.1152 17.9671 11.9214 23.0185
threshold=50.500000000000007 1035.4500000000003 175.50000000000003 45.500000000000007 0.12086700937928439 15.500000000000002 19.500000000000004 479.50000000000006 17.500000000000004 2.2500000000000004 675.50000000000011 17.500000000000004 300.50000000000006 0 0.15229608721352778 1027.1500000000003
decision_type=2 10 8 2 2 2 2 10 2 10 10 2 10 9 2 10
left_child=1 2 -1 14 5 -4 11 8 -6 -10 -9 -7 -11 -14 -2 -16
right_child=3 -3 4 -5 7 6 -8 10 9 12 -12 -13 13 -15 15 -17
leaf_value=0.036498742903769719 -0.018211960694054282 0.035378166624990569 -0.013571415275027102 0.05007808647257677 -0.0011886252089099447 0.0079595611931634128 -0.0063375027952244853 -0.011120223249741337 0.024721301538740054 0.0045976633950613188 0.0048035212802838177 0.063051541434159947 0.009076753366256532 -0.011933493680820037 0.0067747969981697695 0.059690353655259376
leaf_weight=39.743456151336432 70.741586770862341 53.000980328768492 710.38199552707374 26.426093708723783 10675.850843816996 37.210136860609055 169.1496168859303 881.35803567618132 125.22771463543177 2922.370312999934 293.90697707980871 31.825607050210238 257.97884806990623 495.15760512277484 947.76373539865017 31.126811895519495
leaf_count=249 597 353 6778 177 75513 263 1785 4641 597 14409 1466 192 1312 2615 5602 195
internal_value=-0.000191991 -0.000738991 -0.000867258 0.00824907 -0.000970409 -0.00847382 0.00668795 -0.000512473 2.7909e-05 0.00344137 -0.00713372 0.0364808 0.00267564 -0.00475882 0.00690599 0.00882514
internal_weight=17769.2 16693.2 16640.2 1076.06 16600.4 948.567 238.185 15651.9 14476.6 3800.73 1175.27 69.0357 3675.51 753.136 1049.63 978.891
internal_count=116744 110173 109820 6571 109571 9018 2240 100553 94446 18933 6107 455 18336 3927 6394 5797
cat_boundaries=0 1
cat_threshold=268435974
is_linear=0
shrinkage=0.0659825


Tree=109
num_leaves=17
num_cat=5
split_feature=5 2 2 8 2 4 7 7 16 4 7 16 3 4 2 16
split_gain=27.2295 40.4148 24.9317 17.9397 17.4262 17.3646 20.6564 14.6162 29.9165 49.743 35.4913 14.4285 13.201 13.0899 14.2864 13.566
threshold=16.500000000000004 0 1 6.5000000000000009 2 5.5000000000000009 40.500000000000007 15.500000000000002 75.110000000000014 3.5000000000000004 3.5000000000000004 43.520000000000003 3 1.0000000180025095e-35 4 40.460000000000008
decision_type=2 9 9 2 9 2 2 2 8 2 2 8 9 2 9 8
left_child=2 -2 11 -3 -5 7 -7 8 10 -10 12 -1 -6 14 -4 -15
right_child=1 3 13 4 5 6 -8 -9 9 -11 -12 -13 -14 15 -16 -17
leaf_value=0.0089849637278710225 -0.012615421460723744 -0.016793572231497925 0.013530490574354468 0.010773831927422603 -0.0011542136295624389 0.017313161701113428 -0.023092356352623522 0.0060016069628158492 0.019564208915938634 -0.021911353899672772 -0.014941068633476428 -0.00017438477747257531 0.025161684977482827 0.00072003596710560345 -0.0027258122944960241 -0.0070580733094287255
leaf_weight=1010.1615556851029 616.7904886007309 155.38282391428947 326.12337630614638 1860.7938523702323 200.57443924248219 544.73921354115009 55.793983742594719 1553.9920257888734 481.5091121122241 163.96888376772404 942.60440777614713 2842.8097133748233 127.85081863030791 1216.4672519247979 742.48202190548182 4915.3132941946387
leaf_count=8258 3094 865 2326 9568 1111 2811 307 7829 2213 761 5031 20299 689 10343 5606 35397
internal_value=-3.66946e-05 0.00327927 -0.00204858 0.00491372 0.00550768 0.00305389 0.0133602 0.00125849 -0.00259445 0.00891929 -0.00845659 0.00223186 0.0100859 -0.0043361 0.0023857 -0.00551583
internal_weight=17757.4 6704 11053.4 6087.21 5931.83 4071.03 600.533 3470.5 1916.51 645.478 1271.03 3852.97 328.425 7200.39 1068.61 6131.78
internal_count=116508 34279 82229 31185 30320 20752 3118 17634 9805 2974 6831 28557 1800 53672 7932 45740
cat_boundaries=0 4 8 11 13 17
cat_threshold=1665 18351168 604056832 128 143131654 2466882584 436364736 6 1145065488 838861321 26263584 514 8 1428242432 612368384 2155905056 8
is_linear=0
shrinkage=0.0659825


Tree=110
num_leaves=17
num_cat=6
split_feature=2 16 9 9 14 0 2 23 8 5 8 21 0 0 2 8
split_gain=23.7911 20.4616 18.5899 26.8811 18.3613 20.6295 21.3859 17.5115 13.1575 11.7938 11.7698 14.5318 12.3618 11.6467 10.9922 15.746
threshold=0 25.520000000000003 51.500000000000007 52.500000000000007 19.500000000000004 1 2 0.18774187320914301 25.500000000000004 14.500000000000002 22.500000000000004 1004.85 3 4 5 20.500000000000004
decision_type=9 8 2 2 10 9 9 2 2 2 2 10 9 9 9 2
left_child=1 -1 9 7 5 6 -2 -4 -8 -3 -11 -12 -13 -5 15 -6
right_child=4 2 3 13 14 -7 8 -9 -10 10 11 12 -14 -15 -16 -17
leaf_value=0.02171843383180723 -0.01727120460151187 -0.0096018950289642017 0.049422056579758046 0.0064639183760934428 -0.0073450808706729126 0.001853257642983327 0.002047460541610798 0.0088832609871532884 -0.016332189243825686 -0.0063932773410319251 -0.016069786693423259 -0.0050603598442947361 0.011546028275925584 -0.013097637140180012 0.014655163534914781 0.012466200540121113
leaf_weight=128.33655363693833 501.18880257382989 2039.6670775804669 77.17588284611702 283.21135952323675 338.89429219439626 9232.6519200298935 976.04740924760699 112.31410640105605 198.74298682436347 1596.3843802809715 146.16008350998163 285.3499326556921 564.79622082039714 222.58693905547261 669.28413254767656 347.84826404228806
leaf_count=897 3825 15779 449 1583 2701 59084 7504 659 1694 8327 676 1595 2817 1405 5171 2225
internal_value=-8.22456e-05 -0.00370065 -0.00434462 0.00567836 0.00153025 0.000629158 -0.00607095 0.0264441 -0.0011223 -0.00585462 -0.00289066 0.00272646 0.0060516 -0.00232885 0.00875425 0.00267305
internal_weight=17720.6 5455.98 5327.65 695.288 12264.7 10908.6 1675.98 189.49 1174.79 4632.36 2592.69 996.306 850.146 505.798 1356.03 686.743
internal_count=116391 34187 33290 4096 82204 72107 13023 1108 9198 29194 13415 5088 4412 2988 10097 4926
cat_boundaries=0 4 5 8 9 10 14
cat_threshold=67703409 536946224 2820787254 145 32790 8388608 2228225 17302016 26 2593 562036736 131072 302776384 8
is_linear=0
shrinkage=0.0659825


Tree=111
num_leaves=17
num_cat=6
split_feature=2 11 2 5 2 2 16 0 8 2 16 21 8 11 10 5
split_gain=25.3963 16.6702 26.9019 17.9814 25.8794 19.7367 17.4904 14.7239 14.4431 13.9749 15.4423 13.0394 11.691 10.6177 10.8067 22.4367
threshold=0 -1.0000000180025095e-35 1 8.5000000000000018 2 3 37.670000000000009 4 29.500000000000004 5 40.460000000000008 1030.3500000000001 20.500000000000004 22.500000000000004 2.5000000000000004 20.500000000000004
decision_type=9 8 9 2 9 9 8 9 2 9 8 10 2 10 2 2
left_child=7 2 12 5 -5 6 -3 9 11 10 -1 13 -2 14 15 -9
right_child=1 3 -4 4 -6 -7 -8 8 -10 -11 -12 -13 -14 -15 -16 -17
leaf_value=-0.0082099805695039652 -0.0049953062893378659 0.024914555224941428 -0.0132166294408787 0.0035120686825403625 -0.0046363260765945723 -0.013185380532055405 -0.0037696893070955509 -0.0016867506386394392 0.019737340928814635 0.0047001196048311366 0.024171511994770137 0.021587978032031219 0.012465757013357224 0.017678117618562594 -0.016431261091551727 0.02277321553964139
leaf_weight=75.585413873195648 350.29777847602963 115.0157174654305 1261.4828428253531 4532.7945170011371 2690.5743812695146 929.88316336460412 385.85747199505568 3632.1328052915633 158.94568866491318 2358.1927307918668 336.55162899196148 110.57380180433393 308.436270006001 125.31968733295798 191.01782154291868 164.69897368550301
leaf_count=516 2093 1188 8103 26184 16133 10539 3969 24348 1649 14852 1987 885 1668 660 981 779
internal_value=-4.81418e-05 -0.00210099 -0.00765422 -0.00086661 0.000474001 -0.00760751 0.00298395 0.00298455 0.000596227 0.00673739 0.0177741 -0.000150749 0.00317299 -0.00076699 -0.00137337 -0.000590072
internal_weight=17727.4 10574.3 1920.22 8654.13 7223.37 1430.76 500.873 7153.02 4382.69 2770.33 412.137 4223.74 658.734 4113.17 3987.85 3796.83
internal_count=116534 69877 11864 58013 42317 15696 5157 46657 29302 17355 2503 27653 3761 26768 26108 25127
cat_boundaries=0 4 8 12 16 17 21
cat_threshold=176169474 40928586 2583864732 84 1681981440 285411857 27787296 1 4045429780 880812064 1090863680 9 90263648 620955680 589857 2 25136 134217728 33554432 131088 64
is_linear=0
shrinkage=0.0659825


Tree=112
num_leaves=17
num_cat=5
split_feature=5 2 2 17 16 16 2 0 0 14 19 16 21 21 21 24
split_gain=25.4165 39.4631 37.7905 24.7899 25.0815 22.4831 19.9473 17.4746 16.0856 15.6304 14.4925 13.8083 26.3672 17.7644 24.0945 20.2698
threshold=10.500000000000002 0 1 84.335000000000022 73.670000000000016 39.560000000000009 2 3 4 2.5000000000000004 1.0000000180025095e-35 82.220000000000013 1015.9500000000002 1013.7500000000001 1009.4500000000002 0.33384458077709617
decision_type=2 9 9 10 10 8 9 9 9 8 10 10 10 8 10 10
left_child=1 9 -2 11 6 8 -5 -7 10 -1 -3 -4 13 14 -13 -16
right_child=2 5 3 4 -6 7 -8 -9 -10 -11 -12 12 -14 -15 15 -17
leaf_value=-0.020941476282357464 -0.0039042478854002375 0.004928904087072433 0.00083686803388688543 -0.0022202690976902638 0.032254287550002675 -0.0024011939499168394 0.01561675201846683 -0.018149034047293306 -0.012283972626048538 0.004416582973218305 0.047469443962800777 0.026582549084141215 -0.0040097535719236712 0.031556876344433653 -0.017179926394725143 0.015933204458083872
leaf_weight=107.33447667211294 4591.7048997581005 307.15140635892749 6592.9168136864901 492.76706786826253 212.71648401767015 421.85321331769228 594.96765857934952 1296.3470841087401 231.44056922383606 1559.5085207484663 33.404069870710373 203.18314043432474 449.96121302619576 222.01147168874741 172.34582452476025 140.36134205013514
leaf_count=1180 24540 3525 39293 2250 1002 4011 2802 13409 2520 15084 220 937 2652 1058 894 659
internal_value=-0.000381887 -0.00503452 0.000966299 0.00343048 0.0118447 -0.0106181 0.00769211 -0.0144245 0.000664538 0.0026955 0.00960432 0.00202019 0.00854919 0.0161768 0.0092598 -0.00229586
internal_weight=17630 3957.04 13672.9 9081.23 1300.45 2290.2 1087.73 1718.2 571.996 1666.84 340.555 7780.78 1187.86 737.902 515.89 312.707
internal_count=116036 39949 76087 51547 6054 23685 5052 17420 6265 16264 3745 45493 6200 3548 2490 1553
cat_boundaries=0 4 8 11 12 13
cat_threshold=770248770 1248865 170492289 130 203539205 5901424 1108451506 193 541070336 35749897 419956224 2565 2098
is_linear=0
shrinkage=0.0659825


Tree=113
num_leaves=17
num_cat=2
split_feature=13 15 11 13 3 13 17 3 16 16 15 24 23 5 4 18
split_gain=16.356 21.8964 17.9089 26.4301 14.4649 23.243 14.5067 20.3751 21.9089 18.768 23.9573 25.9717 25.3225 25.9624 19.0685 18.7451
threshold=208.50000000000003 38.500000000000007 80.500000000000014 375.50000000000006 0 418.50000000000006 51.955000000000005 1 42.440000000000005 73.670000000000016 67.500000000000014 0.58922321809645772 0.23510952561244067 16.500000000000004 5.5000000000000009 12.083190000000002
decision_type=8 10 10 10 9 8 10 9 8 10 8 10 2 2 2 8
left_child=1 -1 4 -4 5 -2 7 8 -6 15 -11 12 13 -12 -15 -8
right_child=2 -3 3 -5 6 -7 9 -9 -10 10 11 -13 -14 14 -16 -17
leaf_value=0.058081620663508797 0.075594705352386826 0.0035331655198450954 0.053334943114897539 -0.0042025042560605288 0.011638900605448624 0.0075152200287285486 -0.0038379971176180118 -0.00573989652091445 -0.0022447761488478485 -0.0050346897669683727 -0.0017683894507855634 -0.036605468211696322 0.019177981828352699 0.0097183613929443715 0.039964836390321744 0.0033256583642305563
leaf_weight=42.412179097533226 16.809455581009388 96.407277189195156 60.317205991595984 70.985851380974054 692.84867802634835 469.21993647888303 4264.1551150083542 4465.8604260273278 1688.7337796892971 797.69730950519443 1059.6856476478279 49.410915642976761 742.75100057944655 542.17712415754795 104.66910599172115 2528.0955357979983
leaf_count=222 101 509 490 403 4554 3458 30839 30817 10583 4488 7367 265 3998 2448 481 15383
internal_value=-8.30183e-05 0.0219818 -0.000265272 0.0234502 -0.000452344 0.0105839 -0.000778633 -0.00312168 0.00180657 0.000811831 0.00489208 0.00806581 0.0090578 0.00459923 0.014948 -0.00117106
internal_weight=17692.2 138.819 17553.4 131.303 17422.1 486.029 16936.1 6847.44 2381.58 10088.6 3296.39 2498.69 2449.28 1706.53 646.846 6792.25
internal_count=116406 731 115675 893 114782 3559 111223 45954 15137 65269 19047 14559 14294 10296 2929 46222
cat_boundaries=0 2 3
cat_threshold=805306432 1 139268
is_linear=0
shrinkage=0.0659825


Tree=114
num_leaves=17
num_cat=2
split_feature=24 13 24 17 8 19 1 24 24 7 5 17 1 24 24 7
split_gain=17.7832 13.0677 12.9339 22.1862 12.4544 10.8524 15.4801 10.5985 22.1452 27.4523 17.4561 16.0227 22.2529 35.8378 26.65 24.5842
threshold=0.076105717367853307 175.50000000000003 0.062063366187077536 75.945000000000007 6.5000000000000009 0.15500000000000003 0 0.305877616747182 0.30897684567826406 6.5000000000000009 8.5000000000000018 55.980000000000011 1 0.46091776270459806 0.43836741397717011 17.500000000000004
decision_type=8 8 10 10 2 10 1 10 10 2 2 10 1 10 10 2
left_child=2 -2 3 -1 -3 7 -7 10 9 -9 -6 -10 13 15 -14 -13
right_child=1 4 -4 -5 5 6 -8 8 11 -11 -12 12 14 -15 -16 -17
leaf_value=-0.012578674665540515 0.037549568172178319 -0.014411360851184404 -0.020517658333037824 0.034769625258584881 -0.0074291606649407437 0.043626488007161679 0.0035452970822202673 -0.017779786694860855 -0.0020227390342525834 0.06062335473853956 0.00028004607974987938 0.012854743082149187 -0.0026924316772082529 -0.01163522248657621 0.010995782730155281 0.043627419901779187
leaf_weight=143.53506166487932 35.093459468334913 237.21715610101819 301.61432313360274 54.24551247805357 1466.4028239287436 54.769077867269516 138.34025927633047 25.268160000443459 2241.6412572972476 53.904541589319706 9709.1096060574055 300.53685269504786 1622.6901317872107 149.27390814572573 993.32745131850243 183.06397767364979
leaf_count=1345 222 1757 2687 341 17609 285 704 138 12742 311 59412 1946 9455 959 5606 1080
internal_value=0.000137651 0.000495793 -0.0120587 0.00107438 0.000406463 0.000619218 0.0159236 0.000436855 0.00278656 0.0361303 -0.000735107 0.00226525 0.00522204 0.0162617 0.00251893 0.0249112
internal_weight=17710 17210.6 499.395 197.781 17175.5 16938.3 193.109 16745.2 5569.71 79.1727 11175.5 5490.53 3248.89 632.875 2616.02 483.601
internal_count=116599 112226 4373 1686 112004 110247 989 109258 32237 449 77021 31788 19046 3985 15061 3026
cat_boundaries=0 1 2
cat_threshold=4 4
is_linear=0
shrinkage=0.0659825


Tree=115
num_leaves=17
num_cat=6
split_feature=2 16 18 16 2 5 22 21 13 0 22 13 2 0 19 2
split_gain=26.4498 21.3321 17.5309 16.7356 29.7316 18.5264 16.6644 16.1583 18.0396 14.9794 13.2011 27.9159 15.9092 19.8217 18.2772 15.4164
threshold=0 20.480000000000004 25.892550000000004 81.050000000000011 1 15.500000000000002 0.2024238969628335 1010.35 428.50000000000006 2 0.27364495464929633 220.50000000000003 3 4 1.0000000180025095e-35 5
decision_type=9 8 10 10 9 2 2 10 10 9 2 8 9 9 10 9
left_child=9 -2 3 10 6 -6 -5 -7 -9 -1 11 -3 13 -13 -15 -12
right_child=1 2 -4 4 5 7 -8 8 -10 -11 15 12 -14 14 -16 -17
leaf_value=-0.0014513905382901305 0.024526898109389541 0.036363897204337178 0.01851149217495093 0.032449519801847217 -0.0069334792224594755 0.02830273554893175 0.01064827970579451 0.0091551628703422806 -0.027591564510549511 -0.011553234234671949 0.012313595166723541 0.010846635995279999 0.0010675260848154254 -0.0069400890370147151 0.0071205991554216504 0.00040854895897292668
leaf_weight=1586.8416489250958 167.85614688321948 81.016479838639498 246.85247762873769 210.86682111024857 689.27194763720036 138.30526775121689 552.57256277278066 299.27099311351776 65.627803578972816 1068.6262915320694 759.64505879208446 341.40770715102553 6140.8896590135992 3659.853899942711 447.043422896415 1230.1904159896076
leaf_count=9146 1279 469 1444 1175 4316 624 2856 1418 330 7216 4315 2379 43592 26759 2308 6836
internal_value=0.000488717 0.00156225 0.00129375 0.000995176 0.00666531 6.8487e-05 0.0166678 0.00962831 0.00219312 -0.00556215 0.000116314 -0.000804571 -0.00111021 -0.00410703 -0.00538797 0.00504149
internal_weight=17686.1 15030.7 14862.8 14616 1955.92 1192.48 763.439 503.204 364.899 2655.47 12660 10670.2 10589.2 4448.31 4106.9 1989.84
internal_count=116462 100100 98821 97377 10719 6688 4031 2372 1748 16362 86658 75507 75038 31446 29067 11151
cat_boundaries=0 4 7 8 11 12 15
cat_threshold=234914181 2224652592 2231642406 133 541074480 2057 436765184 18978 564164688 809510400 33784448 41090 539521024 20980225 570556624
is_linear=0
shrinkage=0.0659825


Tree=116
num_leaves=17
num_cat=2
split_feature=18 11 13 24 24 21 0 13 11 8 24 3 13 24 21 20
split_gain=23.5839 21.0178 22.4027 16.2975 21.8062 36.3793 18.8667 15.3668 15.7237 16.7595 14.5686 13.6022 22.2661 17.8192 20.3324 13.4309
threshold=25.892550000000004 58.500000000000007 320.50000000000006 0.44957584421062502 0.45194705289405279 1014.7500000000001 0 175.50000000000003 -4.4999999999999991 18.500000000000004 0.16033298328520176 1 235.50000000000003 0.40056497175141254 1005.5500000000001 4.5000000000000009
decision_type=10 10 10 8 8 10 9 8 8 2 10 9 8 10 8 10
left_child=1 3 -3 7 5 -5 -6 -1 9 -9 -2 -10 -13 14 15 -14
right_child=10 2 -4 4 6 -7 -8 8 11 -11 -12 12 13 -15 -16 -17
leaf_value=0.041501288716326329 -0.0055259165135041859 0.048216675451633655 0.0040146605750919044 0.056591863818210617 0.00746969311796351 -0.025483141104937036 -0.0074492417499846635 -0.017725503310012429 0.0014204497773688783 -0.0030404962573958943 0.025772662920694356 0.051102569971343895 -0.024663707238645111 -0.014271232846778954 -0.0028997334487386854 0.021062617861004992
leaf_weight=29.099201887845993 87.20043108612299 69.659572659060359 149.59638406708837 73.780480332672596 1159.9704258218408 29.030923411250114 523.49378056079149 540.75499453395605 4884.2582065872848 895.68046833202243 225.29915478825569 26.89526903629303 26.461233869194984 575.16689435765147 8191.4583660382777 227.82847261428833
leaf_count=177 522 602 878 406 6390 180 3196 3847 31736 5442 1286 146 126 3347 57113 1325
internal_value=-0.000684469 -0.00100987 0.0190044 -0.00127205 0.00468345 0.0332841 0.0028202 -0.00196457 -0.00206369 -0.00862156 0.0171019 -0.001384 -0.00289622 -0.00309567 -0.00232461 0.0158272
internal_weight=17715.6 17403.1 219.256 17183.9 1786.28 102.811 1683.46 15397.6 15368.5 1436.44 312.5 13932.1 9047.81 9020.91 8445.75 254.29
internal_count=116719 114911 1480 113431 10172 586 9586 103259 103082 9289 1808 93793 62057 61911 58564 1451
cat_boundaries=0 1 3
cat_threshold=30760 805447748 1
is_linear=0
shrinkage=0.0659825


Tree=117
num_leaves=17
num_cat=4
split_feature=18 3 4 17 17 5 0 15 0 13 11 3 13 6 24 11
split_gain=18.2564 20.9706 26.0599 15.6605 17.5247 17.08 21.6867 16.1363 15.9267 14.274 20.452 13.3837 12.3709 12.2964 12.0934 13.1729
threshold=17.83709 0 4.5000000000000009 51.955000000000005 28.415000000000003 10.500000000000002 1 238.50000000000003 2 253.50000000000003 25.500000000000004 3 414.50000000000006 1512.5000000000002 0.1301249622470553 6.5000000000000009
decision_type=10 9 2 10 8 2 9 10 9 10 10 9 8 2 10 8
left_child=3 2 12 4 14 7 11 8 -5 10 -6 -7 -2 -3 -1 -16
right_child=1 13 -4 5 9 6 -8 -9 -10 -11 -12 -13 -14 -15 15 -17
leaf_value=-0.0084725074886490993 0.0058635262122262062 0.0048668420270065972 -0.0067351835219349749 -0.013941529423627556 -0.0031140704177477939 0.0051949186864642767 0.0093998766195051674 0.025516566107311039 -0.0016511137430441931 -0.010572536780753143 0.048783210520895327 -0.0019094048977656853 0.027494444927918818 -0.0077549005379785822 0.032232731466684442 0.0059842439206573873
leaf_weight=151.49095886945724 164.84424646571279 1101.3456471059471 186.84814461320639 573.26717628911138 3918.9145768824965 1752.6556434594095 1573.1341672763228 74.990120090544224 2125.841636762023 1332.6102112047374 27.112703926861286 3308.8391466196626 408.95486342906952 476.24968523159623 107.7361885458231 323.87589301541448
leaf_count=1225 931 6628 1153 8071 28147 8482 8638 977 19063 7948 163 16979 2339 3007 648 1878
internal_value=2.4229e-05 0.0054456 0.0143113 -0.000807788 -0.00348296 0.000860082 0.00267741 -0.00348255 -0.00434528 -0.00468336 -0.00268097 0.000559376 0.0214102 0.00103446 0.00731831 0.0129025
internal_weight=17608.7 2338.24 760.647 15270.5 5861.74 9408.73 6634.63 2774.1 2699.11 5278.64 3946.03 5061.49 573.799 1577.6 583.103 431.612
internal_count=116277 14058 4423 102219 40009 62210 34099 28111 27134 36258 28310 25461 3270 9635 3751 2526
cat_boundaries=0 1 2 3 4
cat_threshold=268566532 2603 4114 3078
is_linear=0
shrinkage=0.0659825


Tree=118
num_leaves=17
num_cat=4
split_feature=2 17 9 2 15 8 3 23 23 22 15 17 23 15 5 2
split_gain=18.7761 16.1113 15.557 24.9387 15.8559 14.9967 13.4918 12.7043 17.0384 13.4014 12.2376 14.1693 11.8022 11.967 10.1642 11.6299
threshold=0 94.080000000000013 37.500000000000007 1 180.50000000000003 10.500000000000002 2 0.24322047365422095 0.22831825588035756 0.18317161804904072 148.00000000000003 95.970000000000013 0.14728751760501466 175.00000000000003 10.500000000000002 3
decision_type=9 10 2 9 10 2 9 2 2 2 10 10 2 8 2 9
left_child=5 2 3 6 12 -1 -2 8 -6 -9 -3 -12 13 -4 15 -5
right_child=1 10 4 14 7 -7 -8 9 -10 -11 11 -13 -14 -15 -16 -17
leaf_value=-0.012102615068606935 0.010579275198315332 0.023159672150401656 -0.0026211038341683816 -0.01208391840786914 0.0084504088764602962 0.0037742328526214138 -0.013546910271957894 -0.0057098572226327964 -0.010148508735830661 0.029803807958752385 0.024480053205606169 -0.010226175980387579 6.8722163486418017e-05 -0.024317418247939687 -0.00088613569898681865 0.00033006522314125557
leaf_weight=267.73399129323661 100.06593963131309 185.57833369076252 273.09491199627519 827.89729467220604 863.63634084910154 4807.8355163130909 1342.2052969429642 60.122969221323729 278.83537798002362 171.49786713719368 67.884530570358038 159.44444260373712 2276.6986386179924 181.87225795909762 5197.6158164218068 545.69837314262986
leaf_count=1786 680 1040 2602 8316 5987 31661 9070 368 1756 1008 382 939 14579 1725 28748 5551
internal_value=-0.000463034 -0.00183366 -0.00227392 -0.00396506 0.00102781 0.00291715 -0.0117738 0.00679267 0.0038806 0.0206775 0.010886 0.000515157 -0.00188093 -0.011506 -0.00222034 -0.00725813
internal_weight=17607.7 12532.1 12119.2 8013.48 4105.76 5075.57 1442.27 1374.09 1142.47 231.621 412.907 227.329 2731.67 454.967 6571.21 1373.6
internal_count=116198 82751 80390 52365 28025 33447 9750 9119 7743 1376 2361 1321 18906 4327 42615 13867
cat_boundaries=0 4 8 9 13
cat_threshold=1132548096 830579971 545613006 34 2148050965 136839184 1191706624 128 4 1006632960 71303688 404783616 13
is_linear=0
shrinkage=0.0659825


Tree=119
num_leaves=17
num_cat=8
split_feature=2 8 0 2 5 2 18 2 4 2 2 7 7 17 5 2
split_gain=17.7688 15.4856 21.3931 22.7711 16.8193 23.4454 27.4229 14.7529 12.9661 21.0594 16.6187 15.4587 18.954 15.1256 19.2851 22.046
threshold=0 15.500000000000002 1 2 18.500000000000004 3 9.7816300000000016 4 1.0000000180025095e-35 5 6 5.5000000000000009 2.5000000000000004 52.740000000000002 10.500000000000002 7
decision_type=9 2 9 9 2 9 10 9 2 9 9 2 2 8 2 9
left_child=-1 2 7 -4 8 -6 -7 -2 9 -3 -10 12 -11 -12 -15 -16
right_child=1 4 3 -5 5 6 -8 -9 10 11 13 -13 -14 14 15 -17
leaf_value=0.0046974987761014986 -0.0074513406807744948 -0.005291015578522169 0.0099454007132753017 -0.020708539487151945 -0.0055665415872213951 0.0006287210027384663 0.020066414262359226 0.0051758960824408711 -0.0059335474081668909 0.004839379430281677 -0.0035130697576702158 0.0072575205465657622 0.052896519152087831 -0.0032854441424519185 0.012992207627094562 -0.00068352845061644366
leaf_weight=3497.7380033843219 801.18257528916001 554.15071875229478 122.39766373857856 562.2413330078125 509.72139299288392 584.6732491441071 682.4656488224864 778.95182351768017 2674.1015988979489 68.573394248262048 2517.3735163509846 839.06423011980951 71.63572159782052 1227.3206380251795 1177.8840733021498 905.58695827051997
leaf_count=21976 5752 3882 876 3824 2454 2929 3421 5282 18375 595 17388 5857 403 12501 6009 4523
internal_value=0.000500296 -0.000547134 -0.00553753 -0.0151248 0.000411612 0.00631688 0.0110579 -0.00123722 -0.000637218 0.0049352 -0.00164512 0.0106643 0.0306014 0.000336358 0.0032654 0.00712263
internal_weight=17575.1 14077.3 2264.77 684.639 11812.6 1776.86 1267.14 1580.13 10035.7 1533.42 8502.27 979.273 140.209 5828.17 3310.79 2083.47
internal_count=116047 94071 15734 4700 78337 8804 6350 11034 69533 10737 58796 6855 998 40421 23033 10532
cat_boundaries=0 4 5 8 11 14 18 22 26
cat_threshold=40718338 139996690 2553298946 104 6680 1073741824 8421376 42008576 671088645 85983232 554239900 25167920 838893576 33982464 1610624000 100663296 17106000 1 469803424 849444928 1149273120 128 562039824 67108865 66064 5
is_linear=0
shrinkage=0.0659825


Tree=120
num_leaves=17
num_cat=6
split_feature=24 24 16 2 2 21 21 17 2 17 2 3 21 23 3 17
split_gain=22.8906 29.8742 21.3154 45.6408 28.6875 23.7352 16.9348 19.407 14.8497 14.5302 17.8561 15.6499 13.7954 14.7599 22.8768 16.6396
threshold=0.62194460871279333 0.50315460552503788 36.770000000000003 0 1 1032.6500000000003 1021.2500000000001 40.400000000000006 2 81.730000000000004 3 4 1003.6500000000002 0.15845100365918111 5 93.365000000000009
decision_type=10 10 8 9 9 10 10 10 9 10 9 9 8 2 9 8
left_child=1 2 3 -1 9 12 7 -3 -9 11 -11 -4 -6 14 -14 -15
right_child=-2 6 4 -5 5 -7 -8 8 -10 10 -12 -13 13 15 -16 -17
leaf_value=-0.004644767839207229 -0.032079663139185782 -0.03796568145691423 0.0038187093756676276 0.013552958902202135 0.013733783642484666 0.027691202772844238 0.056135719253620979 0.028026650064480664 0.0059499596348962288 0.014287454699013888 -0.0053445305238924053 -0.0091016003504485084 -0.020511259761159931 0.00022837561364755078 -0.0012053483421094501 0.013106469347530408
leaf_weight=1072.0614587441087 89.390681874006987 27.451532166451216 464.04109674319625 1332.9579484947026 318.35532492026687 133.99442583322525 32.974621258676052 194.60371158272028 421.62916414067149 311.6212899312377 510.22601259127259 3137.5285008996725 352.25743843428791 7816.1742091421038 995.58943433500826 456.44170367345214
leaf_count=8143 560 171 3260 9443 1672 855 213 1123 2282 1862 3060 20940 2883 48807 8855 2573
internal_value=0.000113963 0.000289015 -0.000257575 0.00548706 -0.0012126 0.000734853 0.013819 0.0111326 0.0136788 -0.00563099 0.00225897 -0.00744781 0.000355007 -9.63387e-05 -0.00648262 0.000948275
internal_weight=17667.3 17577.9 16901.2 2405.02 14496.2 10072.8 676.659 643.684 616.233 4423.42 821.847 3601.57 9938.82 9620.46 1347.85 8272.62
internal_count=116702 116142 112353 17586 94767 65645 3789 3576 3405 29122 4922 24200 64790 63118 11738 51380
cat_boundaries=0 4 8 12 15 16 18
cat_threshold=1086339104 828613160 176161248 192 218202227 244918528 84724800 19 8389648 304154625 33554432 8 201326640 67117056 17055744 939532292 512 8
is_linear=0
shrinkage=0.0659825


Tree=121
num_leaves=17
num_cat=6
split_feature=16 18 2 2 23 3 3 7 16 16 13 2 5 2 4 7
split_gain=19.5559 17.7093 20.8968 19.3018 18.5155 24.2506 16.369 15.9199 16.5361 15.4886 14.1372 26.2152 21.4823 26.1837 13.5615 21.6486
threshold=22.460000000000004 23.590990000000001 0 1 0.14468866137192574 2 3 16.500000000000004 88.520000000000024 43.520000000000003 249.50000000000003 4 18.500000000000004 5 1.0000000180025095e-35 5.5000000000000009
decision_type=8 10 9 9 2 9 9 2 10 10 10 9 2 9 2 2
left_child=6 3 -3 7 5 -5 -1 8 -2 -9 12 -12 14 -14 15 -6
right_child=1 2 -4 4 10 -7 -8 9 -10 -11 11 -13 13 -15 -16 -17
leaf_value=-0.0010951370822145617 -0.008487569320676 -0.0052412617558140074 0.020791777060297788 0.0012656020869820932 0.031581231739724241 -0.015326810579610259 0.030053268194939805 0.012940430868805594 0.012604312288094523 -0.00211633330108827 -0.0075821444059507165 0.0058253987254894583 -0.0029870086903553573 0.017661822674107364 0.00086159458996291026 0.0049916951665511383
leaf_weight=132.23835156857967 2468.884579282254 204.74842987209558 360.53442930802703 955.34964170865715 151.38468651846051 624.87856380082667 161.30097963288426 362.96131087839603 167.71956074237823 1524.5887434966862 1510.813852019608 1072.2417877502739 382.79802774637938 871.82067561522126 5772.9504101201892 888.82851995714009
leaf_count=1004 15877 1211 2036 8556 1019 5960 1166 2425 902 9551 8333 5675 1785 4157 40600 6206
internal_value=0.00054799 0.000258705 0.0116803 -0.000130843 0.00123162 -0.00541877 0.0172565 -0.00380521 -0.00711926 0.000812092 0.00222207 -0.00202275 0.00358165 0.0114944 0.00211535 0.00902671
internal_weight=17614 17320.5 565.283 16755.2 12231.1 1580.23 293.539 4524.15 2636.6 1887.55 10650.8 2583.06 8067.78 1254.62 6813.16 1040.21
internal_count=116463 114293 3247 111046 82291 14516 2170 28755 16779 11976 67775 14008 53767 5942 47825 7225
cat_boundaries=0 3 7 9 10 14 18
cat_threshold=1342178320 35717120 167772752 88146471 55060249 3288403176 66 268435462 8 1538 1352692880 605126656 295696 141 1610629120 0 570950420 24
is_linear=0
shrinkage=0.0659825


Tree=122
num_leaves=17
num_cat=5
split_feature=2 16 24 2 8 2 24 15 23 17 17 2 24 18 2 8
split_gain=19.7218 12.5923 12.7262 18.8902 12.0959 17.1502 15.7104 12.1884 11.0722 10.3815 10.8678 17.4449 12.3356 11.6348 9.77579 9.97603
threshold=0 36.230000000000011 0.1301249622470553 1 29.500000000000004 2 0.26362120088954782 190.00000000000003 0.10952406173432357 23.270000000000003 59.085000000000008 3 0.34021917309210131 24.741770000000006 4 32.500000000000007
decision_type=9 8 8 9 2 9 10 10 2 8 10 9 8 10 9 2
left_child=1 2 -1 -4 8 -6 14 -8 -2 -3 13 -12 -13 -11 -7 -16
right_child=4 9 3 -5 5 6 7 -9 -10 10 11 12 -14 -15 15 -17
leaf_value=0.025708401162119029 -0.0090431864079980918 0.015949723304367759 0.014818426406253088 -0.011434090409928018 -0.0053380094402604474 -0.011186239051527493 0.024582819366836796 0.073364881882389626 0.0011048082374218221 -0.010701510685915705 0.0032974932347254768 -0.015688913485639045 0.0025939696715136145 0.033137656468976755 0.032540624432690492 -0.0085299825987094416
leaf_weight=99.306258130818605 479.93483298271894 88.759104378521442 198.62522565200925 252.14262177050114 181.01380098238587 72.139534804970026 123.68569426238537 25.45435569435358 12598.901505975053 1632.803169677034 973.34236491099 519.43014217168093 229.10058549046516 20.878627810627222 72.588230058550835 34.994810368865728
leaf_count=736 4791 500 1234 1619 1816 744 1151 286 82046 10022 5786 3209 1291 113 745 436
internal_value=-8.23309e-05 -0.00413607 0.0050849 0.000252226 0.0011188 0.0110275 0.0195432 0.0355227 0.000728284 -0.00561864 -0.00621418 -0.00253087 -0.00998566 -0.0100254 0.00658619 0.0178757
internal_weight=17603.1 4014.39 550.074 450.768 13588.7 509.876 328.863 149.14 13078.8 3464.31 3375.55 1721.87 748.531 1653.68 179.723 107.583
internal_count=116525 24510 3589 2853 92015 5178 3362 1437 86837 20921 20421 10286 4500 10135 1925 1181
cat_boundaries=0 4 8 12 16 19
cat_threshold=2154644225 2688590144 1437665360 33 2179072 32768 16777280 1 1962935296 67240448 168034816 8 4718592 541065280 271648784 1 32 304087041 525312
is_linear=0
shrinkage=0.0659825


Tree=123
num_leaves=17
num_cat=2
split_feature=16 21 7 21 7 15 7 21 5 17 16 21 11 17 1 0
split_gain=14.7057 22.2384 17.6349 41.247 49.3916 21.795 40.3121 21.7419 28.3974 27.6168 34.3397 30.0035 24.2268 20.6688 21.5173 40.0604
threshold=36.230000000000011 1016.4500000000002 30.500000000000004 1020.9500000000002 39.500000000000007 211.00000000000003 41.500000000000007 1018.5500000000001 15.500000000000002 42.705000000000005 46.670000000000009 1017.9500000000002 31.500000000000004 90.125000000000014 0 1
decision_type=8 8 2 10 2 8 2 10 2 10 10 10 8 10 1 9
left_child=1 -1 7 -4 -5 -6 -7 8 -2 -10 11 -11 -9 14 15 -12
right_child=2 -3 3 4 5 6 -8 12 9 10 13 -13 -14 -15 -16 -17
leaf_value=-0.0033445596034552575 -0.0032676080976791469 0.0097859117409453428 -0.0013004528900886611 0.030646509014248719 -0.0095291755949818042 0.10036151327701365 -0.013247203069935692 -0.014961911005124246 -0.0078864456334058475 -0.010058718237015301 0.0024012065454677763 0.056305372119411029 -0.0026670558703468187 0.025957770606287196 0.0039730724786176935 0.033995658356121741
leaf_weight=880.30882574617863 4812.3746793158352 1532.431149173528 1693.5951004214585 463.10006054863334 286.32718038000166 17.569592867046595 28.789829008281231 932.95483491197228 691.51921520382166 635.70909069851041 382.98453086428344 24.927848525345325 2729.3275076746941 295.16278025507927 1898.9712599255145 319.78317066282034
leaf_count=6510 33272 10995 11572 2810 2276 156 278 6171 3584 3319 1811 136 21835 1433 8678 1540
internal_value=0.000220087 0.00499888 -0.000539552 0.00453242 0.0168594 -0.0025433 0.0366122 -0.00153361 0.000201298 0.00412912 0.00647445 -0.00705077 -0.00581927 0.0095674 0.00765024 0.0174639
internal_weight=17625.8 2412.74 15213.1 2489.38 795.787 332.687 46.3594 12723.7 9061.43 4249.06 3557.54 660.637 3662.28 2896.9 2601.74 702.768
internal_count=116376 17505 98871 17092 5520 2710 434 81779 53773 20501 16917 3455 28006 13462 12029 3351
cat_boundaries=0 1 2
cat_threshold=4 531
is_linear=0
shrinkage=0.0659825


Tree=124
num_leaves=17
num_cat=6
split_feature=2 24 4 21 2 9 17 22 0 2 20 4 1 8 2 21
split_gain=35.9059 12.2979 13.0039 11.1507 10.4561 10.0583 11.6752 9.51377 12.3389 10.9765 9.0407 11.1533 10.1742 9.07711 8.36082 8.09551
threshold=0 0.069624405445300977 3.5000000000000004 1004.5500000000001 1 7.5000000000000009 34.405000000000008 0.21070375593576599 2 3 1.3750000000000002 1.0000000180025095e-35 4 6.5000000000000009 5 1027.3500000000001
decision_type=9 8 2 8 9 2 10 2 9 9 8 2 1 2 9 10
left_child=3 2 14 -1 15 6 -5 9 -9 -7 11 12 -6 -12 -2 -3
right_child=1 4 -4 5 10 7 -8 8 -10 -11 13 -13 -14 -15 -16 -17
leaf_value=0.012977989579735521 -0.019157016079353252 0.0047611969375113668 -0.032995841810087315 0.0078721182807951779 -0.00082850105654939325 -0.02528612317717201 -0.013512694959250716 -0.024045064054525368 0.0021995405396250814 -0.0054195763395899705 -0.019065787482144325 0.0041062416670383838 0.053282562664628601 0.0010910439618590174 0.0062765921789816343 0.01894012669117982
leaf_weight=133.8084883838892 69.433607891201973 2611.5098811388016 79.896866966038942 120.67983638495207 21.83915314078331 121.76770037040114 1011.8334627598524 67.282392889261246 1162.6351512148976 1279.0087405778468 91.953861078247428 149.84765508398414 41.637005712836981 10371.658098660409 149.89721521548927 182.82105325907469
leaf_count=698 693 16663 766 681 120 775 5902 433 6820 9470 735 863 256 69227 1311 1421
internal_value=0.000246582 0.00182953 -0.0112641 -0.00533191 0.00212681 -0.00601753 -0.0112033 -0.00376382 0.000472891 -0.00746935 0.00118014 0.0144327 0.0362589 0.00090264 -0.00265339 0.00570865
internal_weight=17667.5 13770.5 299.228 3897.02 13471.3 3763.21 1132.51 2630.69 1229.92 1400.78 10676.9 213.324 63.4762 10463.6 219.331 2794.33
internal_count=116834 92055 2770 24779 89285 24081 6583 17498 7253 10245 71201 1239 376 69962 2004 18084
cat_boundaries=0 4 8 9 11 12 16
cat_threshold=136442147 483010576 1679837186 83 1107820548 2165375594 2417033888 36 8210 2097152 4194304 1 1883244544 2097153 0 8
is_linear=0
shrinkage=0.0659825


Tree=125
num_leaves=17
num_cat=6
split_feature=13 0 2 8 18 2 2 17 2 19 2 21 13 9 9 4
split_gain=18.98 21.6629 17.626 11.2643 25.8309 13.4894 12.979 10.1313 21.3197 18.6712 10.5533 10.0132 9.96879 9.75516 18.2139 17.4873
threshold=215.50000000000003 0 1 12.500000000000002 20.138650000000002 2 3 87.675000000000026 4 0.075000000000000025 5 1032.8500000000001 198.50000000000003 51.500000000000007 52.500000000000007 1.5000000000000002
decision_type=8 9 9 2 8 9 9 10 9 10 9 10 10 2 2 2
left_child=1 -1 11 4 6 -5 -4 9 -9 10 -7 -2 -3 -12 15 -15
right_child=2 12 3 5 -6 7 -8 8 -10 -11 13 -13 -14 14 -16 -17
leaf_value=0.00039425120715189398 -0.0035126771105969215 0.074325134948907509 0.00032275306395750976 0.026138700654277414 0.027840579221044288 0.005023786590438525 -0.015184867707961838 -0.0017039528058680579 0.015483402647986181 0.041071712008013794 -0.00105101337775952 0.020869683163914084 0.024007646869360473 -0.0034831144710243591 0.00033399152565081959 0.039644413375660631
leaf_weight=125.13001112639904 5387.8488464970142 31.709845822304487 424.43748405575752 83.500742554664612 87.765714913606644 2012.6573631726205 523.13030673190951 600.82688279822469 643.65420670434833 44.148264423012733 6907.0768146216869 68.204077519476414 48.457621395587921 60.414251364767551 441.79447977989912 114.81683563441038
leaf_count=657 35455 186 2773 447 538 13626 3497 3596 3792 212 47305 439 271 394 2617 635
internal_value=0.000161932 0.019807 -7.6874e-05 0.00134241 -0.00521401 0.00196852 -0.00843783 0.00174138 0.00732856 0.00101317 0.000800971 -0.00317855 0.0428813 -0.000338062 0.00756796 0.0251672
internal_weight=17605.6 205.297 17400.3 11944.2 1035.33 10908.9 947.568 10825.4 1244.48 9580.91 9536.76 5456.05 80.1675 7524.1 617.026 175.231
internal_count=116440 1114 115326 79432 6808 72624 6270 72177 7388 64789 64577 35894 457 50951 3646 1029
cat_boundaries=0 1 5 8 12 16 20
cat_threshold=48 1493230400 2236262976 102563944 192 4224 2 8192 4719632 35652608 151128064 12 12583968 43058185 134349456 4 2191523844 536871217 673203584 32
is_linear=0
shrinkage=0.0659825


Tree=126
num_leaves=17
num_cat=7
split_feature=2 22 2 2 16 17 24 2 21 9 2 24 4 2 2 9
split_gain=20.0718 15.6844 27.7003 19.7704 19.5696 15.7035 13.6787 13.5695 12.8865 12.3702 9.67294 10.4222 9.46598 26.2634 11.4727 14.1015
threshold=0 0.26242317513519159 1 2 23.540000000000003 96.615000000000009 0.32392830233572595 3 1032.8500000000001 4.5000000000000009 4 0.076105717367853307 5.5000000000000009 5 6 18.500000000000004
decision_type=9 2 9 9 10 10 10 9 10 2 9 10 2 9 9 2
left_child=9 3 6 -2 7 -4 -3 -5 10 -1 -6 -12 14 -14 15 -13
right_child=1 2 5 4 8 -7 -8 -9 -10 -11 11 12 13 -15 -16 -17
leaf_value=-0.012826086661964083 -0.011368156593025041 0.0099006888066249538 0.00096399847454545901 -0.0040785931428211917 0.0081013122448734144 0.043833943318112779 0.028217960026379361 0.031996667505240411 0.022407338712504055 -0.0021845984231559203 -0.012485635670434441 -0.014520623558444939 -0.0064114418093788039 0.015396962150135253 0.00073651749403579514 -0.0010153368923223381
leaf_weight=523.22093962132931 572.95720800384879 507.29812251403928 1966.0491261184216 67.877192303538322 631.29569981992245 31.681605905294418 276.97451342269778 130.61777302250266 110.57170717418194 4724.4192272592336 287.31209115311503 520.46659154072404 405.70010106265545 554.19013313390315 5312.9711598977447 935.45043803565204
leaf_count=2983 3630 2827 10814 519 3979 170 1410 992 749 31243 2700 3458 3102 4014 37720 5926
internal_value=0.000157643 0.00161382 0.00596793 0.000341303 0.00110922 0.00176952 0.0163348 0.0212759 0.000638583 -0.00325341 0.000344262 -0.000282211 0.000180792 0.00629073 -0.000690652 -0.00584468
internal_weight=17559.1 12311.4 2782 9529.41 8956.45 1997.73 784.273 198.495 8757.96 5247.64 8647.39 8016.09 7728.78 959.89 6768.89 1455.92
internal_count=116236 82010 15221 66789 63159 10984 4237 1511 61648 34226 60899 56920 54220 7116 47104 9384
cat_boundaries=0 4 8 12 15 18 21 25
cat_threshold=79692481 2418544152 1686498310 82 688394240 4227072 33685632 1 136318976 4227104 131200 1 1610612752 1 33554448 66594 68157440 1048864 1358972928 33619968 268435984 553680896 8448 167772224 132
is_linear=0
shrinkage=0.0659825


Tree=127
num_leaves=17
num_cat=5
split_feature=2 11 2 22 2 11 2 24 7 2 21 21 7 24 4 16
split_gain=21.3861 13.4309 21.3297 14.8408 14.6708 12.2586 13.6574 10.8565 10.8345 24.4957 11.9171 9.5044 9.49723 11.4537 10.043 9.02657
threshold=0 -4.4999999999999991 1 0.27540650289801333 2 58.500000000000007 3 0.18077932927556992 45.500000000000007 4 1015.35 1007.1500000000002 22.500000000000004 0.48403472384839269 4.5000000000000009 89.780000000000015
decision_type=9 8 9 2 9 10 9 10 2 9 10 10 2 10 2 10
left_child=-1 2 -2 5 7 6 8 -5 -3 10 -10 -6 13 -9 -14 -4
right_child=1 3 15 4 11 -7 -8 12 9 -11 -12 -13 14 -15 -16 -17
leaf_value=-0.0037811860484784497 -0.016637781022399725 -0.0013659805910036338 -6.2532125040598308e-05 0.014861459976535468 -0.00048570586804996092 0.021855438649630521 0.0040751034216769582 -0.011718003701670986 0.071267992974444513 -0.0042498396492674255 0.0080744962403297253 0.01678642783700143 0.016467078354456093 0.022618030286313984 -0.01706940915932869 0.032227162218981323
leaf_weight=4353.2844018507749 425.98529959470034 6146.3178183939308 722.83538057655096 192.40429274737835 169.52205203287303 117.88368080183864 3860.4120868388563 397.7453319132328 36.636818695813417 116.40793339908123 21.168979939073324 748.29713178426027 159.88511874899268 41.436687685549259 45.220526874065399 33.519430160522461
leaf_count=27177 3145 42202 4430 1140 861 773 27691 2106 248 916 170 4107 856 213 252 195
internal_value=0.00022227 0.00154188 -0.00515051 0.00220196 0.00780041 0.00124406 0.000992149 0.00135288 -0.000898023 0.0150378 0.0442596 0.0134688 -0.00276435 -0.00820671 0.00878725 0.00159967
internal_weight=17589 13235.7 1182.34 12053.3 1754.51 10298.8 10180.9 836.692 6320.53 174.214 57.8058 917.819 644.288 439.182 205.106 756.355
internal_count=116482 89305 7770 81535 9535 72000 71227 4567 43536 1334 418 4968 3427 2319 1108 4625
cat_boundaries=0 4 7 11 15 19
cat_threshold=2921404229 285343744 1956227112 5 268437504 109125680 134628416 268451968 738206305 2114822 16 1086898192 7900713 16777424 72 0 9 16 8
is_linear=0
shrinkage=0.0659825


Tree=128
num_leaves=17
num_cat=0
split_feature=23 18 17 4 7 7 23 5 4 24 7 24 24 24 17 5
split_gain=13.5668 10.3059 14.8739 13.9974 26.6203 31.2931 15.6463 14.1828 13.8105 32.0144 28.0244 25.6678 25.0321 24.7924 16.823 19.5842
threshold=0.10952406173432357 6.3292900000000003 24.105 1.0000000180025095e-35 5.5000000000000009 2.5000000000000004 0.36356518358720502 19.500000000000004 1.5000000000000002 0.33889677700752624 1.0000000180025095e-35 0.4569093892572253 0.44957584421062502 0.35385367762128334 42.705000000000005 15.500000000000002
decision_type=2 10 8 2 2 2 2 2 2 8 2 10 10 8 10 2
left_child=-1 2 -2 4 5 -3 7 -6 9 -5 -10 12 13 -11 -15 -16
right_child=1 3 -4 8 6 -7 -8 -9 10 11 -12 -13 -14 14 15 -17
leaf_value=-0.01071452114738331 0.026597204021433982 0.00096194037120210421 -0.0042488581018554862 -0.011229938514787558 -0.00078269931533054714 0.042741075697612894 0.034433732405905831 0.018314065190271931 -0.038984642805650602 0.039916180696101311 0.0013669426508455661 -0.013003155401237627 0.038772197888325213 -0.034345979132894604 -0.0091333399600362145 0.021437227792255435
leaf_weight=507.03642955422401 63.633407041430473 144.39610286802053 2729.649099720642 1297.0339711736888 1451.0095407627523 164.3918991945684 58.862887911498547 185.37579076364636 69.252676047384739 70.759995147585869 10087.39341869764 233.91510260477662 119.24040468409657 50.341540634632111 202.46234315633774 156.2321607619524
leaf_count=5212 364 1104 19652 8752 9557 886 306 931 398 390 64443 1368 636 259 1344 741
internal_value=-0.000144829 0.00017267 -0.00348839 0.00088948 0.00599359 0.0236106 0.00270978 0.00144206 5.43426e-05 -0.00476828 0.00106802 0.00530222 0.0125106 0.00556968 -0.000882916 0.0043209
internal_weight=17591 17084 2793.28 14290.7 2004.04 308.788 1695.25 1636.39 12286.6 2129.99 10156.6 832.952 599.036 479.796 409.036 358.695
internal_count=116343 111131 20016 91115 12784 1990 10794 10488 78331 13490 64841 4738 3370 2734 2344 2085
is_linear=0
shrinkage=0.0659825


Tree=129
num_leaves=17
num_cat=3
split_feature=11 8 5 18 13 21 13 13 21 18 21 0 24 24 3 0
split_gain=13.9639 13.9296 23.3896 19.8053 15.4394 14.4456 13.4298 12.9206 11.1678 16.1258 15.8611 12.4027 12.2352 28.6238 19.581 12.7538
threshold=93.500000000000014 14.500000000000002 20.500000000000004 20.138650000000002 342.50000000000006 1000.5500000000001 175.50000000000003 485.50000000000006 1021.2500000000001 18.987870000000004 1019.4500000000002 0 0.14927849927849932 0.15059443317556911 1 2
decision_type=10 2 2 8 8 8 8 10 10 8 8 9 10 10 9 9
left_child=1 3 5 -1 -4 -3 -7 -2 10 12 11 -8 14 -14 -10 -15
right_child=7 2 4 -5 -6 6 8 -9 9 -11 -12 -13 13 15 -16 -17
leaf_value=-0.0065398301562079987 0.039264276013737935 0.018780946417416039 -0.011946890971419103 0.014996101729995338 0.031889192980285037 0.041581368989737619 0.0039035192847601098 -0.01226711528176264 -0.0091787764348492621 0.02481498848481993 -0.004803100303007379 -0.0012525752782879876 0.066526510918560863 -0.004708700314338901 0.009671657787554468 0.0076690178297824903
leaf_weight=2115.0284843575209 67.047739090397954 180.09870956838131 40.772093087434769 197.87859774380922 159.58776739239693 27.976842673495412 3265.8214333504438 26.331880785524845 718.00615056604147 143.53501511365175 3076.9488929267973 5316.0491037219763 26.916263993829489 471.17044342122972 341.60439840517938 1454.2762399092317
leaf_count=14502 524 887 211 1279 734 194 18370 148 6155 915 19139 36279 244 3767 3567 9861
internal_value=0.000241906 0.000101923 0.000827344 -0.00466192 0.0228773 0.000523871 0.000294531 0.024875 0.000199072 0.00367731 -0.000743792 0.000714069 0.00262073 0.00571246 -0.00307596 0.00465
internal_weight=17629.1 17535.7 15222.8 2312.91 200.36 15022.4 14842.3 93.3796 14814.3 3155.51 11658.8 8581.87 3011.97 1952.36 1059.61 1925.45
internal_count=116776 116104 100323 15781 945 99378 98491 672 98297 24509 73788 54649 23594 13872 9722 13628
cat_boundaries=0 1 2 3
cat_threshold=17057 134350338 20497
is_linear=0
shrinkage=0.0659825


Tree=130
num_leaves=17
num_cat=5
split_feature=2 21 4 2 4 2 21 2 18 22 11 0 14 11 8 8
split_gain=23.6443 19.8631 21.8889 21.4203 15.8317 23.5045 13.7923 13.3841 12.5125 11.7647 10.4172 10.1032 10.0637 13.5797 11.2116 11.2115
threshold=0 1022.5500000000001 2.5000000000000004 1 1.0000000180025095e-35 2 1029.7500000000002 3 28.194110000000006 0.11439633748158029 76.500000000000014 4 29.500000000000004 -3.4999999999999996 16.500000000000004 22.500000000000004
decision_type=9 10 2 9 2 9 10 9 10 2 10 9 8 10 2 2
left_child=1 12 3 -3 5 -2 8 9 10 -4 -6 -7 13 -1 -15 -14
right_child=4 2 7 -5 6 11 -8 -9 -10 -11 -12 -13 15 14 -16 -17
leaf_value=0.00053078788779861816 0.010853731240599115 0.02389774657661661 -0.016166522217100771 -0.012074812476146652 -0.0036187933482832472 0.012217813420578731 -0.017327342789015265 0.0076606331858927196 0.019241273569750229 0.030413654362774933 0.018946534360903898 -0.0077342986478808988 -0.011251612637587036 -0.0023499834319391723 0.016822158705744838 0.0052146253209195588
leaf_weight=3673.4070586841553 857.84618328139186 81.268168233335018 21.662429120391607 262.37030690163374 9202.7106471285224 116.5976944193244 302.53636003285646 374.24944630265236 101.35091707110405 318.70629986003041 83.837856225669384 694.74354795180261 548.26207829639316 188.44765197113156 432.4240546207875 262.08959783986211
leaf_count=24162 5666 753 206 2172 60052 808 2623 2855 572 2349 594 4513 3693 1003 2192 1830
internal_value=-0.000790869 0.00249622 0.0106992 -0.00295493 -0.00257452 0.00334911 -0.00359903 0.0172338 -0.00314539 0.0264482 -0.00340248 -0.00468344 0.000789516 0.00206369 0.0110376 -0.00592684
internal_weight=17522.5 6162.89 1058.26 343.638 11359.6 1669.19 9690.44 714.618 9387.9 340.369 9286.55 811.341 5104.63 4294.28 620.872 810.352
internal_count=116043 41215 8335 2925 74828 10987 63841 5410 61218 2555 60646 5321 32880 27357 3195 5523
cat_boundaries=0 4 7 11 14 15
cat_threshold=2181109827 307404818 864428696 112 65536 131072 17039872 227033104 10552392 134268192 1 0 131072 302121488 17
is_linear=0
shrinkage=0.0659825


Tree=131
num_leaves=17
num_cat=3
split_feature=13 15 2 11 21 2 17 7 18 21 23 23 2 17 24 24
split_gain=28.3416 24.6534 23.7114 20.582 17.0525 18.0011 16.3103 15.1749 13.916 13.0722 12.0302 13.3788 12.6169 12.0827 11.7769 15.9741
threshold=235.50000000000003 178.50000000000003 0 -2.4999999999999996 1026.8500000000001 1 94.080000000000013 47.500000000000007 28.194110000000006 1002.1500000000002 0.24801034553047988 0.16634021754825395 2 26.545000000000005 0.54947799308998058 0.62194460871279333
decision_type=8 8 9 10 10 9 10 2 10 10 2 2 9 10 10 10
left_child=1 3 4 -1 10 -6 7 8 -4 -10 11 12 -2 -14 -13 -16
right_child=2 -3 6 -5 5 -7 -8 -9 9 -11 -12 14 13 -15 15 -17
leaf_value=-0.004112810763645623 0.016660231507143606 0.067552558113585209 -0.0029738369464210024 0.025265075752515971 0.034881218444611027 0.0060151572023007735 0.011842003534856886 -0.027610155279519186 0.049019407092817428 0.00025102917530854746 0.0071372661975230662 -0.0021559560383429053 -0.030446235079976017 0.0037139514033971582 0.044226472297305301 -0.014822019174673781
leaf_weight=193.45906316116452 343.71753804758191 31.571968667209148 9590.9448369797319 214.12040471471846 119.83883757144213 363.95055549032986 327.25120344758034 101.71510769985616 37.254366904497147 53.332612864673138 1343.5245514065027 3959.3891604356468 41.649843644350767 765.33504046499729 47.902185585349798 27.627587009221315
leaf_count=1118 2575 193 63504 1187 846 3093 1872 873 208 296 7408 26228 339 6205 273 191
internal_value=-4.03618e-05 0.0163918 -0.000467607 0.0114691 0.0024775 0.0143535 -0.00251065 -0.00300056 -0.00272438 0.0221752 0.00158844 0.000143956 0.00639999 0.00170959 -0.00164731 0.023145
internal_weight=17562.6 439.151 17123.4 407.579 7012.94 483.789 10110.5 9783.25 9681.53 90.587 6529.15 5185.62 1150.7 806.985 4034.92 75.5298
internal_count=116409 2498 113911 2305 47158 3939 66753 64881 64008 504 43219 35811 9119 6544 26692 464
cat_boundaries=0 4 7 10
cat_threshold=1711309088 250817091 2686452312 100 32 4194304 80 0 41943040 80
is_linear=0
shrinkage=0.0659825


Tree=132
num_leaves=17
num_cat=5
split_feature=2 0 20 3 13 13 2 16 13 7 14 16 16 22 5 2
split_gain=19.1347 13.2992 14.3694 14.2363 26.6629 44.5321 20.7796 16.0901 15.7761 13.884 11.8204 11.9938 11.689 18.853 11.5203 12.3311
threshold=0 1 2.2500000000000004 2 421.50000000000006 345.50000000000006 3 30.560000000000006 465.50000000000006 41.500000000000007 3.5000000000000004 26.330000000000002 35.330000000000005 0.23315011462077881 10.500000000000002 4
decision_type=9 9 8 9 8 10 9 8 10 2 8 8 10 2 2 9
left_child=10 2 12 6 5 -5 -4 -8 -6 -3 -1 -12 -2 -14 15 -13
right_child=1 9 3 4 8 -7 7 -9 -10 -11 11 14 13 -15 -16 -17
leaf_value=-0.0087466163012589609 0.033248195794636191 0.0053199659249351062 -0.0093341253963164211 0.0012559915144355121 0.00091533591775379243 0.055613381316339236 0.015476748453733698 -0.0027066089424873018 -0.01398633125054238 -0.02040700691407887 0.0218754765727526 0.0080204196909448681 -0.0062105496734835269 0.027830117322197777 0.0050805264403430321 -0.00655023550444871
leaf_weight=334.86114572547376 69.541820995509624 1620.801827929914 2485.9817627351731 191.8359712921083 2256.2344146445394 93.719652824103832 216.99710904993117 4176.1498213708401 352.09111248701811 90.671566724777222 151.34003360196948 342.98812539875507 224.82958457618952 96.106152284890413 3979.5474318880588 845.24252028949559
leaf_count=2488 337 10518 15743 1385 16534 538 1624 27551 1911 680 1142 3425 1343 500 21987 8600
internal_value=1.1932e-05 -0.00149208 -0.00239896 -0.00289939 0.000985279 0.0199046 -0.00452784 -0.0017837 -0.0011248 0.00386524 0.003166 0.00393127 0.00991405 0.00431977 0.00338 -0.0023121
internal_weight=17528.9 11875 10163.5 9773.01 2893.88 285.556 6879.13 4393.15 2608.33 1711.47 5653.98 5319.12 390.478 320.936 5167.78 1188.23
internal_count=116306 78664 67466 65286 20368 1923 44918 29175 18445 11198 37642 35154 2180 1843 34012 12025
cat_boundaries=0 4 5 7 11 14
cat_threshold=1132495360 2306933610 2575672346 17 6203 134656 8 2956984500 875560960 1074807652 12 25165824 16843360 65544
is_linear=0
shrinkage=0.0659825


Tree=133
num_leaves=17
num_cat=4
split_feature=2 17 2 24 17 24 21 7 17 9 24 3 17 2 22 5
split_gain=22.3668 12.5504 18.5508 15.4218 23.2881 17.9063 19.1679 15.0525 13.9054 13.695 20.209 12.6667 18.9126 19.5222 11.0467 11.0125
threshold=0 46.655000000000008 1 0.090435056136275657 83.740000000000023 0.097892635314995577 1019.0500000000001 1.0000000180025095e-35 93.090000000000018 41.500000000000007 0.44957584421062502 2 45.280000000000008 3 0.20675250382943222 14.500000000000002
decision_type=9 10 9 8 10 8 10 2 10 2 10 9 8 9 2 2
left_child=-1 11 9 4 -4 6 -5 -7 15 -3 14 -2 13 -13 -11 -6
right_child=1 2 3 5 8 7 -8 -9 -10 10 -12 12 -14 -15 -16 -17
leaf_value=0.0030037804197590601 -0.0084806720711530018 -0.008772862350657936 -0.023981632446994597 0.040754050622379745 0.050900451479969529 -0.028021785914126539 -0.01364980829583291 0.0016144701207609492 -0.020421939556011404 0.030870034365878266 0.049304680569712447 0.0092846053128827211 -0.023327247851164183 -0.0060542155663799854 -0.01149739836526513 0.0026459706325287474
leaf_weight=5624.8634687699378 2149.891212919727 1520.6635790932924 235.32114434055984 92.301658874377608 35.370238907635212 69.325250238180161 35.891340386122465 5958.6343785449862 34.730191726237535 28.514964375644922 37.824539348483086 709.40904876217246 138.97975780814886 704.32459636032581 110.88029825687408 42.191807385534048
leaf_count=36772 15032 9311 2482 661 276 479 401 39482 237 163 197 4254 890 4724 640 202
internal_value=-0.000419982 -0.00203928 -0.000600169 0.00100766 -0.0123878 0.00177748 0.0255956 0.00124499 0.0118917 -0.00670668 0.0103521 -0.00522617 -0.000645504 0.00167251 -0.00187855 0.0268044
internal_weight=17529.1 11904.3 8201.65 6503.77 347.613 6156.15 128.193 6027.96 112.292 1697.88 177.22 3702.6 1552.71 1413.73 139.395 77.562
internal_count=116203 79431 54531 44220 3197 41023 1062 39961 715 10311 1000 24900 9868 8978 803 478
cat_boundaries=0 4 7 8 12
cat_threshold=38352068 588779274 2550170304 216 2146848 2222989312 1183524902 134219270 77611056 41009 33694768 1
is_linear=0
shrinkage=0.0659825


Tree=134
num_leaves=17
num_cat=6
split_feature=2 7 2 2 7 22 13 0 7 22 2 0 14 13 13 13
split_gain=20.9952 12.4267 22.4158 15.9159 12.322 10.8283 11.2182 10.5919 17.2698 14.6979 11.8479 10.1016 9.55648 10.0918 9.40271 14.1083
threshold=0 2.5000000000000004 1 2 4.5000000000000009 0.18210543098374304 266.50000000000006 3 41.500000000000007 0.16579330881741997 4 5 10.500000000000002 235.50000000000003 419.50000000000006 385.50000000000006
decision_type=9 2 9 9 2 2 8 9 2 2 9 9 10 8 10 10
left_child=7 2 11 14 -5 -4 -7 8 9 10 -1 -2 13 -6 15 -3
right_child=1 3 5 4 12 6 -8 -9 -10 -11 -12 -13 -14 -15 -16 -17
leaf_value=-0.00025472403147533287 0.016823545192787299 0.0012886630889618108 -0.0036000595389319239 0.0072662943928393838 0.024172487355851546 0.019564402607747163 -0.023116317706579858 0.0065715295057746396 0.024382285667477261 0.0018922966917823345 -0.021679110031232691 -0.0035958032374694927 -0.001930802375163649 -0.0098390946143157784 -0.004570808093567089 0.021020239993698214
leaf_weight=219.99712340161204 152.55781068280339 6870.6335813459009 243.05619565956295 347.98806570470333 33.079135648906231 23.869374051690102 455.5548504255712 2565.8693959563971 113.8184894695878 1401.9856443144381 227.07841023057699 272.41317384317517 1543.8891989421099 1676.8083229269832 1196.3917446881533 155.27499410882592
leaf_count=1755 879 47854 2016 2263 191 138 2973 15968 835 8837 1663 2117 10630 10676 6453 853
internal_value=-6.99249e-05 -0.00142054 -0.00795836 -0.000783415 -0.00443011 -0.0148681 -0.0207671 0.00378998 0.000129856 -0.00143934 -0.0117692 0.00408395 -0.00570615 -0.00909554 0.000820551 0.00174302
internal_weight=17500.3 12971.5 1147.45 11824.1 3601.76 722.48 479.424 4528.75 1962.88 1849.06 447.076 424.971 3253.78 1709.89 8222.3 7025.91
internal_count=116101 87043 8123 78920 23760 5127 3111 29058 13090 12255 3418 2996 21497 10867 55160 48707
cat_boundaries=0 4 7 11 12 15 16
cat_threshold=1113613314 75586 2184995244 101 494993440 5406721 151061568 604510356 2939291688 201491024 138 6168 0 65536 2147746048 40
is_linear=0
shrinkage=0.0659825


Tree=135
num_leaves=17
num_cat=7
split_feature=2 5 13 2 8 4 2 13 3 16 2 16 2 5 2 5
split_gain=19.9546 13.1172 12.5116 20.5975 18.6077 17.6483 15.8767 18.8691 16.2631 23.0682 15.3751 14.8273 18.9234 14.3369 16.053 12.5062
threshold=0 6.5000000000000009 680.50000000000011 1 19.500000000000004 3.5000000000000004 2 766.50000000000011 3 44.780000000000008 4 70.520000000000024 5 10.500000000000002 6 19.500000000000004
decision_type=9 2 8 9 2 2 9 8 9 8 9 10 9 2 9 2
left_child=-1 -2 3 5 -5 -3 -4 -8 9 10 -9 -10 -13 -11 -15 -14
right_child=1 2 6 4 -6 -7 7 8 11 13 -12 12 15 14 -16 -17
leaf_value=0.0033860543204198494 -0.011215137378914867 0.011688670054380982 -0.0059133801268732855 -0.014370985490135971 -0.002191245091020512 -0.0078743943070258213 0.037062130441877089 -0.0019001044821427835 -0.0031382698661821364 -0.0086372162432400267 0.027179124696654153 0.012973859484600826 -0.0019853453090376326 -0.0033849691276389912 0.016822173486846514 0.018948226255625672
leaf_weight=5629.2708426825702 555.81591762974858 522.67450939305127 1409.897262243554 1021.2731738947332 1171.3024827484041 318.11832133308053 58.959003604948521 109.49253015033901 3206.7315680030733 345.6060975138098 317.37933434173465 670.73428754508495 1432.1668981052935 308.65081443637609 362.63894356414676 129.75282550603151
leaf_count=37247 6825 2840 9178 6342 6477 1765 300 813 23238 2924 1941 4026 8727 1563 1936 586
internal_value=0.00015313 -0.00137358 -0.000888453 -0.00451325 -0.0078534 0.00423342 0.000430428 0.00172899 0.00139553 0.00757773 0.0203841 -0.000265641 0.00385634 0.00218433 0.00778394 -0.000176676
internal_weight=17570.5 11941.2 11385.4 3033.37 2192.58 840.793 8352.01 6942.11 6883.15 1443.77 426.872 5439.39 2232.65 1016.9 671.29 1561.92
internal_count=116728 79481 72656 17424 12819 4605 55232 46054 45754 9177 2754 36577 13339 6423 3499 9313
cat_boundaries=0 4 7 11 12 14 17 21
cat_threshold=805838870 622332202 27665002 232 180387872 283254864 135266432 4227840 140509776 1610647552 18 939665408 2048 41976832 1142969344 66561 403177600 1207960576 268469248 65552 1
is_linear=0
shrinkage=0.0659825


Tree=136
num_leaves=17
num_cat=4
split_feature=2 5 2 13 0 23 23 23 2 15 4 9 18 5 14 13
split_gain=21.7865 12.288 23.8525 20.6031 18.3173 17.4994 16.957 17.3096 13.6799 12.3845 11.8138 13.8424 11.3615 11.207 9.94386 11.9371
threshold=0 11.500000000000002 1 229.50000000000003 2 0.35647890583937603 0.22197521505091947 0.27805348357352871 3 190.00000000000003 5.5000000000000009 37.500000000000007 5.1785100000000002 13.500000000000002 2.5000000000000004 225.50000000000003
decision_type=9 2 9 8 9 2 2 2 9 8 2 2 8 2 8 8
left_child=14 2 9 5 6 -3 13 -8 10 -2 -6 -12 -10 -5 -1 -16
right_child=1 3 -4 4 8 -7 7 -9 12 -11 11 -13 -14 -15 15 -17
leaf_value=-0.010100507573393343 -0.014611272379434057 0.033541733530478943 0.00012710906057536114 -0.020264149362044095 -0.006905556507453281 -0.01318994043678472 0.040110319522602564 -0.0075722749914374334 0.0092363081216617921 -0.0016450384836869812 0.00089509654939589082 0.039361406611957785 -0.00058653527411655943 0.012451875468726548 0.029772333071261304 0.0039572988939954373
leaf_weight=209.02152489870787 1139.2453240603209 129.0377531722188 1832.5822384916246 68.217481344938278 2465.7010635212064 43.174301117658615 128.2075296677649 41.640977904200554 556.07134734839201 447.80496638640761 344.77545766532421 39.989040106534958 5798.5625443123281 111.30400028824806 73.451013708487153 4078.7172920089215
leaf_count=1437 11124 748 18878 399 12933 229 620 204 3071 4610 1934 194 33293 546 412 25801
internal_value=-0.000294704 -0.00163534 -0.00503491 -0.000439356 -0.000853702 0.0217743 0.0136349 0.0285662 -0.00142573 -0.010905 -0.0052102 0.00545777 0.00028081 -0.000243394 0.00373823 0.00445799
internal_weight=17507.5 13146.3 3419.63 9726.68 9554.47 172.212 349.37 169.849 9205.1 1587.05 2850.47 384.764 6354.63 179.521 4361.19 4152.17
internal_count=116433 88783 34612 54171 53194 977 1769 824 51425 15734 15061 2128 36364 945 27650 26213
cat_boundaries=0 4 8 9 13
cat_threshold=54525990 425304066 2886092060 102 2684382224 75630104 268509696 9 49152 606085889 603982433 34079458 1
is_linear=0
shrinkage=0.0659825


Tree=137
num_leaves=17
num_cat=2
split_feature=18 23 7 4 0 22 6 17 0 23 4 17 23 4 5 21
split_gain=14.3262 20.8719 11.659 19.2192 10.1006 12.0361 9.97435 9.96599 18.896 13.2701 22.7903 17.7293 18.8251 14.896 16.0008 14.4281
threshold=25.892550000000004 0.19647927373038998 1.0000000180025095e-35 2.5000000000000004 0 0.22803947642633288 542.50000000000011 60.975000000000001 1 0.24386470281513214 1.5000000000000002 66.500000000000014 0.23400470451114383 3.5000000000000004 15.500000000000002 1013.1500000000002
decision_type=10 2 2 2 9 2 2 10 9 2 2 10 2 2 2 8
left_child=2 -2 3 4 5 -1 -3 -4 -9 10 11 -10 -13 14 -11 -14
right_child=1 6 7 -5 -6 -7 -8 8 9 13 -12 12 15 -15 -16 -17
leaf_value=0.0209852127336464 -0.0014083877106225008 0.053254888285996914 -0.0016192471296791972 -0.043290755956782064 -0.017800043983885579 -0.017628935671624109 0.01567989050599717 0.0086758635866956528 0.0084839644428433888 0.0021451347083007439 0.0012720414868876201 -0.0081818941171934185 0.00014890834832608909 -0.0027605314780032417 0.016321766719977801 -0.039865190150743773
leaf_weight=94.913770914077759 171.25359499454498 54.994090743362904 9056.6836217343807 64.138221547007561 110.06306838616729 48.183398731052876 77.432962203398347 1339.8472440205514 209.70583719946444 794.09652608819306 2933.09288707003 965.46651987917721 51.968980111181736 830.20465129986405 611.93678865022957 153.24811351671815
leaf_count=728 1043 283 62370 386 942 292 407 9198 1438 4934 19254 6583 271 4750 2934 944
internal_value=-0.000110946 0.0139497 -0.000363239 -0.0127708 -0.00418252 0.00730079 0.0329796 -0.000126303 0.00158742 0.000117073 -0.00202071 -0.00899147 -0.0121503 0.00423531 0.00836001 -0.0300269
internal_weight=17567.2 303.681 17263.5 317.298 253.16 143.097 132.427 16946.3 7889.57 6549.72 4313.48 1380.39 1170.68 2236.24 1406.03 205.217
internal_count=116757 1733 115024 2348 1962 1020 690 112676 50306 41108 28490 9236 7798 12618 7868 1215
cat_boundaries=0 1 2
cat_threshold=554 29312
is_linear=0
shrinkage=0.0659825


Tree=138
num_leaves=17
num_cat=1
split_feature=3 16 13 18 15 16 5 7 7 16 7 4 14 4 4 5
split_gain=16.9007 32.669 27.9619 18.4843 15.4335 15.0735 16.9415 22.7031 28.8936 23.1736 22.6296 32.7464 18.1435 17.4117 35.7088 18.7434
threshold=0 51.440000000000005 181.50000000000003 13.233970000000001 264.50000000000006 20.480000000000004 6.5000000000000009 15.500000000000002 11.500000000000002 43.520000000000003 20.500000000000004 3.5000000000000004 5.5000000000000009 3.5000000000000004 2.5000000000000004 11.500000000000002
decision_type=9 8 8 10 10 8 2 2 2 8 2 2 10 2 2 2
left_child=1 3 -2 4 -1 -4 -7 8 -8 10 11 -9 -12 14 -11 -16
right_child=2 -3 5 -5 -6 6 7 9 -10 13 12 -13 -14 -15 15 -17
leaf_value=-0.015654725976883097 0.055009313261647715 0.0010509543879972305 0.022785261679533583 -0.002255597714593723 0.026421810487285039 -0.010075221099348912 0.0015056333213763901 0.0064010595393698237 -0.0098247416107615001 0.0019214696874352637 -0.0065142867287651448 0.060388629151120359 0.016811752455405411 -0.0023015275868342295 -0.00076882458283633354 0.027373867765809176
leaf_weight=1187.0765652917325 36.516354259103537 3961.4603570047766 137.42537173628807 998.16280448995531 33.727072034031153 538.63442647084594 4736.6840580627322 95.679668791592121 1228.8410441037267 1685.8440534584224 213.33027404919267 97.501891240477562 430.51547806710005 1536.1742319539189 133.42476718127728 441.14396644756198
leaf_count=9095 240 24582 988 6801 253 6776 29855 525 8359 10581 1544 551 2728 9981 1097 2321
internal_value=0.000233896 -0.00253695 0.00174907 -0.00893871 -0.0143637 0.00154778 0.00127311 0.00185541 -0.000836149 0.00531712 0.0152144 0.0346873 0.00909463 0.00311367 0.00679004 0.0209007
internal_weight=17492.1 6180.43 11311.7 2218.97 1220.8 11275.2 11137.8 10599.1 5965.53 4633.61 837.027 193.182 643.846 3796.59 2260.41 574.569
internal_count=116277 40731 75546 16149 9348 75306 74318 67542 38214 29328 5348 1076 4272 23980 13999 3418
cat_boundaries=0 1
cat_threshold=2281704960
is_linear=0
shrinkage=0.0659825


Tree=139
num_leaves=17
num_cat=1
split_feature=3 13 23 6 15 11 13 15 6 13 8 6 13 5 5 17
split_gain=15.2424 25.3934 19.7064 19.5136 14.1926 12.8585 17.7293 12.7221 16.9924 12.4021 11.7625 11.8079 11.556 11.1787 9.6608 11.7641
threshold=0 439.50000000000006 0.15229608721352778 542.50000000000011 185.50000000000003 9.5000000000000018 418.50000000000006 160.50000000000003 1512.5000000000002 309.50000000000006 13.500000000000002 2567.0000000000005 175.50000000000003 15.500000000000002 15.500000000000002 82.480000000000004
decision_type=9 8 2 2 10 10 10 10 2 10 2 2 8 2 2 10
left_child=1 3 7 -1 10 6 9 8 -2 -5 -4 12 -12 -9 -14 -16
right_child=2 -3 4 5 -6 -7 -8 13 -10 -11 11 -13 14 -15 15 -17
leaf_value=-0.0041337278049531044 -0.0064914116382736283 0.0010797940884181856 -0.0082251617247556166 0.0053088037213408325 0.0068348650866756743 0.050474468779756546 -0.00032013897145017679 -0.0064534714297830127 0.036581820267537708 0.042148700005185391 0.039279316487956406 -0.018357547862096379 -0.0024282742719522166 -0.026292669107664524 0.00038212695111634892 0.010634474278766681
leaf_weight=145.51152937114239 476.76078132726252 4375.4023300632834 1021.070880914107 59.677561800926924 960.86314775422215 62.174540631473064 134.55604049563408 225.12791479378939 37.252494946122169 126.40406980738044 25.455320267006755 157.63575687631965 5461.2410548143089 283.05752988159657 3429.2420313730836 561.83508330956101
leaf_count=1134 4423 31181 6623 359 6235 299 731 2644 296 771 193 1019 38867 1923 17349 2665
internal_value=-0.000382698 0.00273442 -0.00159369 0.016316 -0.000819505 0.0240307 0.0180367 -0.0103495 -0.00296808 0.0308899 -0.00151328 -0.000797146 -0.000493183 -0.0176889 -0.000626155 0.00183974
internal_weight=17543.3 4903.73 12639.5 528.324 11617.3 382.812 320.638 1022.2 514.013 186.082 10656.5 9635.41 9477.77 508.185 9452.32 3991.08
internal_count=116712 34475 82237 3294 72951 2160 1861 9286 4719 1130 66716 60093 59074 4567 58881 20014
cat_boundaries=0 2
cat_threshold=805306438 1
is_linear=0
shrinkage=0.0659825


Tree=140
num_leaves=17
num_cat=0
split_feature=16 17 4 16 4 7 23 7 17 5 17 23 16 23 7 7
split_gain=13.3183 12.2253 15.8718 31.4744 25.9091 17.4223 16.1497 15.512 14.2086 14.0555 13.2921 12.8704 12.4703 12.5598 12.1574 15.5729
threshold=23.540000000000003 54.165000000000006 2.5000000000000004 85.460000000000022 1.0000000180025095e-35 39.500000000000007 0.22831825588035756 1.5000000000000002 40.235000000000007 14.500000000000002 28.935000000000006 0.20841362774803077 66.560000000000016 0.16634021754825395 5.5000000000000009 6.5000000000000009
decision_type=8 10 2 10 2 2 2 2 8 2 8 2 10 2 2 2
left_child=-1 2 3 4 8 7 -5 -6 12 10 -9 -12 13 -2 -4 -16
right_child=1 -3 14 6 5 -7 -8 9 -10 -11 11 -13 -14 -15 15 -17
leaf_value=0.012318125743499159 -0.0082514664056130647 0.00074179886822288747 -0.0071529341122515055 0.022314354001808357 0.0061835904162599094 0.001845465389892691 -0.0019266188048615255 0.027723745652019596 -0.0072877363254122982 -0.024478240095738651 -0.02464847256171742 -0.0040797626825218513 -0.0066778257435423025 0.026082619880241742 0.024231295954981882 0.00067460560402483958
leaf_weight=337.93311183527112 57.497407376766205 9753.9699646811932 872.08463154360652 213.23569618910551 115.37382630631328 256.47808360680938 261.07492876052856 31.173205640166998 506.8971507716924 780.06634088605642 232.74029761739075 303.91506671532989 132.16224486753345 189.3684676270932 120.63791059330106 3309.4026479795575
leaf_count=2442 563 63571 6015 1203 815 1888 1363 259 3667 4428 2471 2134 852 1239 724 22745
internal_value=-0.00053352 -0.000791357 -0.00281603 -0.00642677 -0.00927174 -0.0139799 0.00911975 -0.0167498 -9.83671e-05 -0.0187323 -0.0106583 -0.0131811 0.00947869 0.0180796 -0.000225454 0.00154565
internal_weight=17474 17136.1 7382.11 3079.98 2605.67 1719.75 474.311 1463.27 885.925 1347.89 567.829 536.655 379.028 246.866 4302.13 3430.04
internal_count=116379 113937 50366 20882 18316 11995 2566 10107 6321 9292 4864 4605 2654 1802 29484 23469
is_linear=0
shrinkage=0.0659825


Tree=141
num_leaves=17
num_cat=0
split_feature=14 23 4 20 18 23 24 24 4 21 24 4 21 23 15 18
split_gain=12.096 14.7501 18.7851 22.0581 25.6964 18.594 14.7716 12.989 11.8699 11.0087 13.9625 13.156 15.3742 13.9016 14.0614 18.6443
threshold=19.500000000000004 0.20560562600755186 1.5000000000000002 1.3750000000000002 12.083190000000002 0.22699771993239953 0.071980074719800766 0.4569093892572253 1.0000000180025095e-35 1022.9500000000002 0.24566679196424845 3.5000000000000004 1010.0500000000001 0.24268906452146918 87.500000000000014 17.83709
decision_type=10 2 2 8 10 2 10 10 2 10 10 2 8 2 8 10
left_child=1 2 3 -1 -5 8 -7 -6 -3 11 -11 13 -13 -8 15 -15
right_child=-2 5 -4 4 7 6 9 -9 -10 10 -12 12 -14 14 -16 -17
leaf_value=0.027551399819191694 0.0052094533926149 0.024543191995168048 -0.00059519364829489416 -0.016402786723957105 0.0024075188820209641 -0.027500390753918934 -0.0039960330194331196 -0.027653432200418316 0.0060653507206518261 0.001284242508324538 0.016376401620297073 0.005115444652739656 -0.007089939583471227 -0.00090607416726131123 0.01151262254308907 0.019672707589448581
leaf_weight=65.404466811567545 1825.3094852119684 172.30958912149072 4513.3375535830855 1061.3576110117137 672.26760318502784 77.498392727226019 1311.8806804083288 62.693178981542587 1051.1361208595335 840.19338930770755 385.69606399536133 572.9766060076654 2013.1089677773416 1821.9963356796652 810.51851338893175 207.90691404417157
leaf_count=376 13685 1022 33935 8559 4883 565 7943 387 6518 5768 2166 3008 11927 9937 4477 1046
internal_value=0.000136068 -0.000457867 -0.00289917 -0.00846399 -0.00986623 0.00122272 6.7192e-05 -0.000368115 0.00877919 0.000356782 0.00609156 -0.000691198 -0.00437989 0.00160927 0.00420124 0.00125552
internal_weight=17465.6 15640.3 6375.06 1861.72 1796.32 9265.22 8041.78 734.961 1223.45 7964.28 1225.89 6738.39 2586.09 4152.3 2840.42 2029.9
internal_count=116202 102517 48140 14205 13829 54377 46837 5270 7540 46272 7934 38338 14935 23403 15460 10983
is_linear=0
shrinkage=0.0659825


Tree=142
num_leaves=17
num_cat=5
split_feature=2 16 23 11 2 5 16 0 17 16 2 2 21 21 21 21
split_gain=25.9235 12.5147 12.2431 11.9059 10.8921 12.4607 13.9243 12.8878 10.6894 14.5874 12.502 10.3243 10.7472 13.891 9.86474 9.71281
threshold=0 24.890000000000004 0.090737098000203575 66.500000000000014 1 7.5000000000000009 26.330000000000002 2 89.90000000000002 71.780000000000015 3 4 1020.2500000000001 1026.2500000000002 1004.1500000000002 1023.7500000000001
decision_type=9 10 2 10 9 2 8 9 10 10 9 9 10 10 8 10
left_child=1 -1 -2 4 14 6 -6 -8 15 10 -10 12 -9 -14 -4 -7
right_child=2 -3 3 -5 5 8 7 11 9 -11 -12 -13 13 -15 -16 -17
leaf_value=0.016334453229430938 -0.018973626742089748 -0.0055252932724223361 0.029451498323616685 0.021797161294739104 0.023812847967435713 -0.00080323885981910747 -0.020604092996724596 -0.0016570451379164816 0.021366007833005886 0.027256024615652196 -0.0011298293483587092 -0.010540937594509652 0.050695191256006945 -0.0083086294240816878 0.0043752194322820475 0.0053242443160512734
leaf_weight=111.20682407543063 127.37420693412423 4312.7681322749704 64.672790590673685 113.68441517092288 52.861259337514639 7641.8377785421908 278.85473199002445 172.32533507049084 121.23680740594864 136.75972578860819 493.43027047067881 342.97535456717014 39.348856188356876 25.561519935727119 2064.3202339448035 1314.5128814913332
leaf_count=753 1387 27682 327 819 628 46576 4688 1967 617 689 2501 3544 539 346 13308 9838
internal_value=-0.000590043 -0.00494239 0.00089703 0.00110362 0.000908502 4.13759e-05 -0.00730589 -0.00937878 0.000735858 0.00826128 0.00380343 -0.00341231 0.00690872 0.0287698 0.00519654 9.91678e-05
internal_weight=17413.7 4423.97 12989.8 12862.4 12748.7 10619.7 911.927 859.066 9707.78 751.427 614.667 580.211 237.236 64.9104 2128.99 8956.35
internal_count=116209 28435 87774 86387 85568 71933 11712 11084 60221 3807 3118 6396 2852 885 13635 56414
cat_boundaries=0 3 7 8 11 14
cat_threshold=2760463937 94380400 70807050 8452 4229122 491904 164 28690 1342177296 536871936 16777216 1346373648 570556424 33554496
is_linear=0
shrinkage=0.0659825


Tree=143
num_leaves=17
num_cat=1
split_feature=23 7 16 11 11 21 16 17 23 3 17 23 16 4 7 21
split_gain=9.38552 16.3238 15.9897 12.2101 12.0407 9.04405 8.98047 9.7537 9.33176 11.2913 8.41509 25.3369 11.6595 9.2939 33.9452 20.9824
threshold=0.35585607045236883 8.5000000000000018 35.330000000000005 -4.4999999999999991 79.500000000000014 1017.9500000000002 50.540000000000006 60.480000000000011 0.3724848749640316 0 19.205000000000002 0.23817955162449631 61.520000000000003 5.5000000000000009 9.5000000000000018 1010.9500000000002
decision_type=2 2 10 10 10 8 10 10 2 9 8 2 10 2 2 10
left_child=4 2 -2 5 10 6 7 8 9 -3 11 12 -1 -12 -15 -16
right_child=1 3 -4 -5 -6 -7 -8 -9 -10 -11 13 -13 -14 14 15 -17
leaf_value=-0.023929965481868931 0.010650849806925822 -0.0085758365831534525 -0.02758107105817487 -0.013737480002546333 0.022372076639616191 -0.0043167939192356383 -0.007487435311962878 -0.0043595896055538272 -0.0014991357689801024 0.039680217450937659 -0.00012235938797284626 0.067779429616043954 0.017590123824147014 0.015239873694222994 -0.016951367899983721 0.0027164739098514555
leaf_weight=42.042879305779934 57.257601886987686 25.37117363512516 212.16460186243057 230.7438699118793 105.37815619260073 306.09228182584047 79.792216941714287 64.415931664407253 43.808357305824757 113.81707257777452 14076.27378170006 26.250892095267773 69.265053682029247 795.50575572624803 306.39727744832635 960.24903630651534
leaf_count=294 302 139 1129 1153 774 1769 450 370 229 568 94228 133 418 5430 1994 7254
internal_value=0.000372059 -0.00541791 -0.0193988 -0.00095051 0.000774592 0.00379712 0.0113262 0.0174287 0.024989 0.0330323 0.000626232 0.0165174 0.00146915 0.000484444 0.00461436 -0.00210093
internal_weight=17514.8 1133.46 269.422 864.041 16381.4 633.297 327.205 247.413 182.997 139.188 16276 137.559 111.308 16138.4 2062.15 1266.65
internal_count=116634 6109 1431 4678 110525 3525 1756 1306 936 707 109751 845 712 108906 14678 9248
cat_boundaries=0 1
cat_threshold=1024
is_linear=0
shrinkage=0.0659825


Tree=144
num_leaves=17
num_cat=7
split_feature=2 0 22 2 2 6 2 18 2 24 23 15 23 24 22 2
split_gain=20.0531 12.9955 21.2974 22.59 17.6949 13.7264 20.9503 14.9897 14.8786 13.6881 12.1604 11.9353 11.8714 11.2474 11.0735 10.1588
threshold=0 1 0.18074130224862067 2 3 2581.0000000000005 4 18.987870000000004 5 0.069624405445300977 0.1764840204624808 180.50000000000003 0.14728751760501466 0.27902476780185764 0.15287052683875538 6
decision_type=9 9 2 9 9 2 9 10 9 10 2 10 2 10 2 9
left_child=-1 2 3 12 -4 6 -3 -8 -9 -5 15 -7 -2 -13 -14 -6
right_child=1 5 4 9 10 11 7 8 -10 -11 -12 13 14 -15 -16 -17
leaf_value=-0.0036981539319384609 -0.013191237384813303 0.014969006571582649 0.00183774834555849 -0.019918124004357583 0.0019616745545073264 -0.027411501929096527 0.0011327808116210864 0.020228697895649572 0.0021124835389978755 0.010497256764964023 -0.0217781183862647 -0.011663982515168694 0.019988050713945361 0.027566457145858609 -0.0063881798079775442 -0.015268141167616186
leaf_weight=5155.634597081691 441.73394457995892 571.59343323111534 521.97697796300054 63.097605939954519 289.76926529593766 116.59127769246697 7419.6334318276495 358.7605850957334 441.27135038748384 1010.6708150953054 417.4826175160706 92.151525136083364 108.29629957303405 40.787114426493645 170.13216130807996 290.04754308238626
leaf_count=33682 4481 3502 3874 725 2015 838 46392 2038 2466 8593 2819 623 915 228 1196 2137
internal_value=-0.000248301 0.00119458 -0.00233315 0.00252585 -0.00807271 0.00248926 0.00292852 0.00205979 0.0106072 0.00852618 -0.0131264 -0.0125826 -0.00644571 0.0010692 0.00408443 -0.00695527
internal_weight=17509.6 12354 3313.21 1793.93 1519.28 9040.79 8791.26 8219.67 800.032 1073.77 997.299 249.53 720.162 132.939 278.428 579.817
internal_count=116524 82842 26755 15910 10845 56087 54398 50896 4504 9318 6971 1689 6592 851 2111 4152
cat_boundaries=0 4 5 9 12 15 19 22
cat_threshold=210249024 2688648504 337381028 154 4118 2064 2228224 256 1 16 41943042 134234176 32 524288 2197815296 538986496 3147777 49472 1 32 2097152 33554448
is_linear=0
shrinkage=0.0659825


Tree=145
num_leaves=17
num_cat=6
split_feature=2 15 24 8 8 2 18 2 9 2 24 24 7 2 7 2
split_gain=17.7565 16.8033 11.0498 10.7421 10.1934 18.9522 12.9461 39.3609 14.1781 12.6681 9.96491 9.33571 8.95073 11.8275 9.18041 25.7275
threshold=0 264.50000000000006 0.62194460871279333 3.5000000000000004 29.500000000000004 1 17.83709 2 37.500000000000007 3 0.21114689323603644 0.46353617843343881 44.500000000000007 4 35.500000000000007 5
decision_type=9 10 10 2 2 9 10 9 2 9 8 10 2 9 2 9
left_child=1 3 4 -1 6 -6 8 -8 9 -2 -9 12 14 -14 -10 -16
right_child=2 -3 -4 -5 5 -7 7 10 11 -11 -12 -13 13 -15 15 -17
leaf_value=-0.029897069221489981 -0.008686538293879215 0.027347741894373594 -0.027551217562779028 0.003052146861003436 0.02267949498580623 -0.0036097166995162308 0.015049248290602424 0.0019351503710723439 0.00053427030577478038 -0.0023217573534399676 -0.011857070800005127 0.013495217668893443 0.040321983867223271 -0.00091877584635535259 0.044401515048412638 -0.021484645312113915
leaf_weight=37.25620874017477 1843.3254434019327 117.98389476165175 62.954026471823454 4941.7919905241579 202.05852232500911 260.05452318862081 739.94532454386353 429.95639761537313 2649.4005560427904 5213.8041778933257 475.83626962825656 245.01479417458177 39.026925504207611 74.43770450912416 14.881695792078972 179.93678581900895
leaf_count=348 12172 844 409 32823 2069 2605 4286 2735 17913 34025 2739 1356 283 586 117 1501
internal_value=9.01267e-05 0.00336359 -0.00125483 0.00276846 -0.00110815 0.00844152 -0.00148305 0.00393959 -0.00235474 -0.00400604 -0.0052839 0.00128459 0.000246758 0.0179214 -0.000496055 -0.0140892
internal_weight=17527.7 5097.03 12430.6 4979.05 12367.7 462.113 11905.6 1645.74 10259.8 7057.13 905.793 3202.7 2957.68 113.465 2844.22 194.818
internal_count=116811 34015 82796 33171 82387 4674 77713 9760 67953 46197 5474 21756 20400 869 19531 1618
cat_boundaries=0 4 7 11 15 18 21
cat_threshold=1315439812 360843328 1503404928 64 813711392 33621000 32832 553674752 575701032 115776 9 27152 136314920 2181055488 129 2048 0 16 0 0 33554432
is_linear=0
shrinkage=0.0659825


Tree=146
num_leaves=17
num_cat=4
split_feature=2 23 2 17 2 7 4 6 11 23 6 16 16 1 7 21
split_gain=19.8706 13.8336 18.9053 14.8839 13.2229 22.1452 21.3164 35.864 11.2771 13.1145 11.7287 10.4381 10.1474 10.2578 10.4228 9.95075
threshold=0 0.24322047365422095 1 66.350000000000009 2 45.500000000000007 3.5000000000000004 869.00000000000011 21.500000000000004 0.27805348357352871 1001.0000000000001 91.670000000000016 41.540000000000006 3 6.5000000000000009 1002.1500000000002
decision_type=9 2 9 10 9 2 2 2 8 2 2 10 8 1 2 8
left_child=-1 4 3 -3 5 11 7 -7 10 -10 -5 12 13 14 -2 -4
right_child=1 2 15 8 -6 6 -8 -9 9 -11 -12 -13 -14 -15 -16 -17
leaf_value=-0.0045434172496507472 -0.0045510924146735538 0.0045664669016403951 0.035140480768375823 0.010304383807890281 0.0010294276015198574 0.094793021990226392 -0.012055718581365912 0.00075623171690103984 0.031980176120549604 0.0095639364191763276 -0.034605707249440051 0.021737777617412368 -0.0084662471404955038 -0.005304031822977848 0.021524482863800976 -0.00044456212116619694
leaf_weight=3960.1948942355812 110.67779924161732 1042.4674542807043 28.500282015651464 119.09311278909445 6663.9181844517589 28.182165537029505 40.346427692100406 36.456304557621479 264.81380572356284 208.32175249792635 25.488367110490799 54.161697283387184 2002.6098075974733 461.76732534170151 155.06173314899206 2222.5340471193194
leaf_count=24983 925 5943 142 572 49103 180 311 257 1657 1249 116 285 13297 3286 1183 12644
internal_value=-0.000445163 0.000764583 0.00406718 0.00936687 -0.000588526 -0.00430311 0.0245803 0.0464954 0.0174914 0.0223635 0.00128209 -0.00546019 -0.00604814 0.000623599 0.0108091 0.000101505
internal_weight=17424.6 13464.4 3911.22 1660.18 9553.18 2889.26 104.985 64.6385 617.717 473.136 144.581 2784.28 2730.12 727.507 265.74 2251.03
internal_count=116133 91150 22323 9537 68827 19724 748 437 3594 2906 688 18976 18691 5394 2108 12786
cat_boundaries=0 4 8 12 13
cat_threshold=3909093189 562143496 12142728 16 73858 73400385 2382792274 9 2625536 6291969 3422814290 1 4
is_linear=0
shrinkage=0.0659825


Tree=147
num_leaves=17
num_cat=7
split_feature=2 0 13 24 0 2 24 24 20 2 5 0 2 13 13 20
split_gain=18.7264 14.6607 16.7033 12.9313 17.897 11.9505 11.7392 15.314 14.1563 11.5965 10.4005 14.3224 14.1204 9.52162 9.47061 10.6035
threshold=0 1 222.50000000000003 0.44461302277606535 2 3 0.113515406162465 0.11073273300726792 8.5000000000000018 4 13.500000000000002 5 6 239.50000000000003 728.50000000000011 9.5000000000000018
decision_type=9 9 8 8 9 9 8 10 10 9 2 9 9 8 10 10
left_child=3 6 -3 10 -5 -4 7 8 -2 -8 11 12 -1 -14 15 -7
right_child=1 2 5 4 -6 14 9 -9 -10 -11 -12 -13 13 -15 -16 -17
leaf_value=0.0074539174690146284 0.028550869740687667 0.028812792892698263 -0.0096420895188914883 0.013797210652712222 -0.0075080451780768984 -0.0050306015755028971 0.0017988394595866005 -0.039134828944305755 -0.007790411819655123 0.010307357882676676 -0.0020573748062147155 -0.01501731553938849 0.031959399627110717 -0.0094975891367017375 0.019033367305479474 0.0011883326017434266
leaf_weight=350.68985738046467 52.358866062015295 79.98983508348465 548.98513491079211 406.16228774283081 277.31881028041244 1466.0350274387747 1279.9312340915203 46.767872016876936 222.87153516337276 1567.216541742906 3192.0374908652157 777.42599776759744 18.901814393699169 779.05462595820427 109.4042165055871 6300.7681251391768
leaf_count=3226 289 473 3453 2501 1611 9081 7220 295 1656 8568 17656 8197 96 7212 547 44542
internal_value=-0.000171821 0.00135073 -7.93012e-05 -0.00323051 0.00525419 -0.000374839 0.0051694 -0.00666083 -0.000396901 0.0065371 -0.0043749 -0.00819662 -0.00336484 -0.00817337 0.000290096 1.13694e-05
internal_weight=17475.9 11674.3 8505.18 5801.59 683.481 8425.19 3169.15 321.998 275.23 2847.15 5118.11 1926.07 1148.65 797.956 7876.21 7766.8
internal_count=116623 76124 58096 40499 4112 57623 18028 2240 1945 15788 36387 18731 10534 7308 54170 53623
cat_boundaries=0 4 5 6 10 13 14 18
cat_threshold=2306902051 2439129123 2768511236 212 57568 6665 2105344 68191232 212992 1 269043264 679543808 35750920 2613 8388608 16916480 17039616 128
is_linear=0
shrinkage=0.0659825


Tree=148
num_leaves=17
num_cat=1
split_feature=16 24 24 21 24 21 21 21 22 16 24 5 21 24 0 24
split_gain=12.5603 29.2736 23.2221 19.8171 24.6127 19.1864 18.5098 18.1802 16.1085 16.0726 18.2557 32.3324 20.1269 19.4883 16.5144 16.1255
threshold=36.230000000000011 0.13179607434427656 0.12335497835497837 1014.35 0.37876692026479603 1010.9500000000002 1014.5500000000001 1010.35 0.19635239384673756 69.890000000000015 0.11902132520944404 13.500000000000002 1001.4500000000002 0.10690739535892434 0 0.305877616747182
decision_type=8 10 10 8 10 8 8 8 2 10 10 2 10 10 9 10
left_child=1 2 7 4 -3 -6 9 -1 -5 14 11 -11 -12 -13 -2 -14
right_child=6 3 -4 8 5 -7 -8 -9 -10 10 12 13 15 -15 -16 -17
leaf_value=-0.031185696429196257 -0.0050362585825890994 -0.015305584837262612 0.044601585184070841 -0.002078948236513205 0.057283817448754423 -0.010010704855652967 -0.00252423604562888 0.015406111435319903 0.012056983570857455 -0.018577368380357968 0.033374955468695094 0.020362694401988273 -0.0025989603741215154 0.076826837008764318 0.0056515760825870303 0.0079611838280156423
leaf_weight=35.004802141338587 1787.6578681524843 470.16555017977953 110.46950089558959 711.83582502417266 33.189813207834959 31.674195468425751 9501.6643330641091 332.7701415065676 683.07259581238031 44.893161304295063 94.517102539539337 70.27017005905509 1125.9532845783979 44.15023160725832 951.42250328697264 1414.8703755298629
leaf_count=303 12051 3333 837 5596 218 251 65802 2888 4166 441 472 385 6248 198 5648 7492
internal_value=-4.8959e-05 0.00436875 0.0188697 0.000726109 -0.00999928 0.0264296 -0.000758053 0.0105248 0.00486616 0.00227399 0.00578883 0.0270584 0.00444209 0.0449986 -0.00131718 0.00328661
internal_weight=17443.6 2408.18 478.244 1929.94 535.03 64.864 15035.4 367.775 1394.91 5533.73 2794.65 159.314 2635.34 114.42 2739.08 2540.82
internal_count=116329 17592 4028 13564 3802 469 98737 3191 9762 32935 15236 1024 14212 583 17699 13740
cat_boundaries=0 1
cat_threshold=2714
is_linear=0
shrinkage=0.0659825


Tree=149
num_leaves=17
num_cat=2
split_feature=7 3 16 7 10 18 16 5 15 24 24 16 16 0 19 7
split_gain=11.7545 29.8746 23.4716 26.4849 18.1361 17.3932 17.3853 21.8795 27.3768 24.4152 23.1339 22.9728 22.6529 18.9269 18.0029 16.8784
threshold=30.500000000000004 0 51.440000000000005 32.500000000000007 1.5000000000000002 20.138650000000002 36.230000000000011 12.500000000000002 21.000000000000004 0.305877616747182 0.11818503045041676 80.330000000000013 39.560000000000009 1 0.015000000000000001 10.500000000000002
decision_type=2 9 8 2 2 8 8 2 10 10 10 10 8 9 10 2
left_child=6 5 -3 4 -4 -2 13 9 -9 -8 -10 15 -11 14 -1 -12
right_child=1 2 3 -5 -6 -7 7 8 10 12 11 -13 -14 -15 -16 -17
leaf_value=0.0085749983139205392 -0.0019857352901635674 0.0027418725178132157 0.023302928065904071 0.013301866626163263 0.084432676599915435 -0.03000971364777593 -0.0099611651962572684 -0.0066763745516235104 0.012408086106485517 0.040542160431706581 -0.0065869690028436002 0.0076456687568783929 -0.00081788968377984148 -0.0010285612525236596 0.040435063615715007 0.0017226618683224666
leaf_weight=1007.638265915215 817.32709145732224 965.80119848623872 57.600797455757856 627.4267690833658 35.149352744221687 103.24894227460027 2287.2386526260525 1894.0377885326743 851.78516725078225 53.7363849170506 1773.5116259977221 1575.8131687194109 1480.2415313459933 1185.1483226362616 78.218353357166052 2642.1923163216561
leaf_count=6844 5905 6997 349 4237 179 644 23474 10879 5209 431 9150 7552 11432 9086 404 13533
internal_value=0.000188864 0.00426968 0.00944476 0.0184629 0.0503342 -0.00525317 -0.000529906 -0.00149109 0.00033105 -0.00565121 0.00227483 0.000822816 0.000789495 0.00477489 0.0109875 -0.00161939
internal_weight=17436.1 2606.55 1685.98 720.177 92.7502 920.576 14829.6 12558.6 8737.34 3821.22 6843.3 5991.52 1533.98 2271 1085.86 4415.7
internal_count=116305 18311 11762 4765 528 6549 97994 81660 46323 35337 35444 30235 11863 16334 7248 22683
cat_boundaries=0 1 2
cat_threshold=671092224 2210
is_linear=0
shrinkage=0.0659825


Tree=150
num_leaves=17
num_cat=1
split_feature=3 23 23 5 7 16 24 16 24 23 23 16 7 16 7 17
split_gain=7.8394 18.2259 13.0101 12.2591 11.1743 15.9313 11.5522 11.0422 21.3986 10.6917 12.5358 18.0363 16.4204 12.8476 15.338 20.9614
threshold=0 0.15229608721352778 0.24322047365422095 20.500000000000004 2.5000000000000004 42.890000000000008 0.1301249622470553 36.230000000000011 0.12877361355767483 0.18864302128611538 0.19091116142697218 76.460000000000022 10.500000000000002 60.890000000000008 15.500000000000002 73.260000000000005
decision_type=9 2 2 2 2 10 8 8 10 2 2 10 2 8 2 10
left_child=2 7 4 -4 5 6 -1 8 -2 -6 -11 13 -13 14 -12 -16
right_child=1 -3 3 -5 9 -7 -8 -9 -10 10 11 12 -14 -15 15 -17
leaf_value=0.027951619460836019 0.024827581268397323 0.00010404926367136189 0.0062467719682266333 0.027460572511172541 0.0054429327681243941 -0.023741239526489773 -0.0068106850373911322 -0.013396194359546122 -0.011619526037609382 -0.017796150366139241 -0.0064130505904236778 0.026151176341381269 -0.0014976308891294537 -0.011691390759958651 0.026763660564481116 -0.0071532907537225519
leaf_weight=52.436464196071029 104.54262398742139 11528.141536854208 711.16080678626895 137.7723041176796 1898.8389133624732 178.69957727007568 137.58161052688956 726.9215625859797 184.97690320760012 181.50562589988112 409.29089090041816 188.99452542886138 178.2592659778893 500.02658075839281 184.69138675555587 132.03462462872267
leaf_count=504 956 72571 4327 663 15146 1335 1059 6700 1619 1324 2768 996 994 3248 1291 808
internal_value=0.000229782 -0.00064429 0.00246574 0.00986493 0.00090511 -0.009948 0.00336633 -0.00908682 0.00178751 0.00200945 -0.00167019 0.000229164 0.0129302 -0.00362161 0.00198857 0.0127597
internal_weight=17435.9 12544.6 4891.29 848.933 4042.36 368.718 190.018 1016.44 289.52 3673.64 1774.8 1593.3 367.254 1226.04 726.017 316.726
internal_count=116309 81846 34463 4990 29473 2898 1563 9275 2575 26575 11429 10105 1990 8115 4867 2099
cat_boundaries=0 2
cat_threshold=805847110 1
is_linear=0
shrinkage=0.0659825


Tree=151
num_leaves=17
num_cat=3
split_feature=17 1 5 7 0 17 17 16 23 0 15 9 6 15 7 7
split_gain=15.0755 20.4737 18.9661 20.3521 19.6243 21.9476 18.0433 14.6783 14.4404 14.6899 13.6784 13.2355 13.2178 15.8195 13.4067 30.7983
threshold=60.975000000000001 0 9.5000000000000018 2.5000000000000004 1 85.760000000000005 93.040000000000006 35.330000000000005 0.24386470281513214 2 160.50000000000003 42.500000000000007 1018.5000000000001 11.500000000000002 35.500000000000007 30.500000000000004
decision_type=10 1 2 2 9 10 10 10 2 9 10 2 2 8 2 2
left_child=12 2 7 -4 -5 -6 -7 -2 9 11 -11 -3 14 -14 15 -1
right_child=1 8 3 4 5 6 -8 -9 -10 10 -12 -13 13 -15 -16 -17
leaf_value=-0.0040635759526177042 0.031536217452071039 -0.0087978662788934167 -0.015626250611310125 0.0045100420089548895 0.014555618181410879 0.052470679156664868 0.005191631487324537 -0.0066646848483836851 0.0046568301525367565 -0.0031979413629700387 0.007073425045597128 0.0065567469837890593 0.043541038005869274 0.0007940063803067802 -0.012678399222758437 0.016422086985571106
leaf_weight=4735.8294742759317 42.292129693552852 1567.1521850693971 101.16384956240654 537.86381610110402 524.09005941823125 139.58512160927057 48.243736799806356 445.59885340370238 2098.2392930462956 1224.4439183287323 1036.9277740307152 284.6440102905035 31.849262218922377 3600.9148452486843 655.57094212062657 336.4717953465879
leaf_count=31525 506 10376 553 2981 2700 684 233 5207 11940 7587 6875 1896 229 25882 4929 2051
internal_value=-6.93307e-05 0.00202347 0.00812646 0.0121388 0.0144528 0.021498 0.0408849 -0.00299657 0.000210386 -0.00206149 0.00151173 -0.00638918 -0.00186931 0.00124286 -0.00384234 -0.00268613
internal_weight=17410.9 8050.24 1838.84 1350.95 1249.78 711.919 187.829 487.891 6211.41 4113.17 2261.37 1851.8 9360.64 3632.76 5727.87 5072.3
internal_count=116154 51538 12864 7151 6598 3617 917 5713 38674 26734 14462 12272 64616 26111 38505 33576
cat_boundaries=0 1 2 3
cat_threshold=4 4675 20508
is_linear=0
shrinkage=0.0659825


Tree=152
num_leaves=17
num_cat=6
split_feature=2 22 5 2 14 2 2 17 8 4 7 2 16 2 7 11
split_gain=23.9497 13.1455 12.8147 13.8381 13.801 16.9538 15.036 16.6554 13.7636 11.4309 17.1292 10.8787 10.8039 15.8016 12.0621 10.9207
threshold=0 0.17349135672862223 6.5000000000000009 1 2.5000000000000004 2 3 43.465000000000011 28.500000000000004 3.5000000000000004 14.500000000000002 4 43.520000000000003 5 14.500000000000002 46.500000000000007
decision_type=9 2 2 9 8 9 9 10 2 2 2 9 8 9 2 8
left_child=1 -1 3 9 5 -4 7 11 -9 -2 -11 -6 13 14 -3 -14
right_child=2 12 4 -5 6 -7 -8 8 -10 10 -12 -13 15 -15 -16 -17
leaf_value=-0.013405286382834032 -0.005109185208638161 0.0033146973937818566 0.0050142367103412633 -0.013664793303541553 -0.0079951473158142907 -0.016090010167378089 0.00094610099675543032 0.0076562405630428657 0.02997827372054955 0.056025732166998354 -0.0061125889743032409 0.0062734134322927591 -0.011147615198383346 -0.0069668003449530353 0.025432975730221817 -0.0016790711239159832
leaf_weight=603.28541831858456 116.01259589008987 276.4992938414216 277.80631792545319 451.09946790151298 500.05672210082412 380.11973685212433 8966.213395383209 2448.251021374017 121.27678597718477 35.444525806233287 33.917834365740418 408.24063061177731 817.890082616359 326.90860045701265 171.56873936578631 1495.3113177698106
leaf_count=4898 1438 1741 1815 6028 3387 2510 57691 15296 1032 430 390 2718 4379 1960 1072 9474
internal_value=0.00017288 -0.00453391 0.00144131 -0.00765592 0.00188778 -0.00738224 0.00238135 0.00605316 0.00877993 0.0072689 0.0276453 -0.00160182 -0.00279196 0.00392829 0.0117583 -0.00504791
internal_weight=17429.9 3691.46 13738.4 636.474 13102 657.926 12444 3477.83 2569.53 185.375 69.3624 908.297 3088.18 774.977 448.068 2313.2
internal_count=116259 23524 92735 8286 84449 4325 80124 22433 16328 2258 820 6105 18626 4773 2813 13853
cat_boundaries=0 4 7 11 14 17 21
cat_threshold=375971905 2239758426 1142172706 71 553654272 4334081 576 2048 35850240 16908816 8 1082135586 269582624 2550186248 8389632 65568 268484864 69230592 8388696 262144 1
is_linear=0
shrinkage=0.0659825


Tree=153
num_leaves=17
num_cat=6
split_feature=2 24 7 2 21 2 2 2 21 4 7 7 21 3 23 23
split_gain=25.0891 18.7061 16.5433 13.6072 13.9053 15.0474 11.6931 10.656 16.1486 13.4559 14.9719 18.5099 10.6656 11.0408 14.1586 18.2679
threshold=0 0.069624405445300977 5.5000000000000009 1 1022.2500000000001 2 3 4 1011.7500000000001 1.5000000000000002 3.5000000000000004 9.5000000000000018 1017.5500000000001 5 0.13396967089945222 0.18721160887780131
decision_type=9 8 2 9 10 9 9 9 10 2 2 2 10 9 2 2
left_child=-1 2 -2 -3 7 -6 -4 12 9 -9 -11 -12 13 -5 -15 -16
right_child=1 3 6 4 5 -7 -8 8 -10 10 11 -13 -14 14 15 -17
leaf_value=-0.011101531166467114 0.011827075876930434 0.0043147976625937754 0.005530894042931344 -0.00046740484967111167 0.011243440805560579 -0.00012642266431359036 -0.028489258422540926 -0.015663134905856049 0.00039145855161356805 -0.025743772890898794 0.0090666008437852094 -0.0071433726845615952 -0.0046619776626202576 -0.011226383400976755 0.022497563890734474 0.0050752840181897451
leaf_weight=745.87762661278248 77.808730037882924 5016.9563503907993 55.54651608876884 1832.8821273576468 925.03794752620161 1106.5517409071326 202.17578819580376 599.68702225014567 2624.6179954651743 120.556491330266 441.04821876250207 970.41552492231131 980.6297210380435 163.10584358498454 331.30795303173363 1198.0619886871427
leaf_count=4547 718 33109 554 11973 7033 8752 1957 3317 17663 808 2393 5608 7442 1355 2185 6783
internal_value=0.000606943 0.00114151 -0.0141363 0.00146179 0.000188756 0.00512373 -0.0220693 -0.000896197 -0.00306889 -0.00733242 -0.00402114 -0.00206052 0.00140197 0.00309798 0.00690875 0.00892562
internal_weight=17392.3 16646.4 335.531 16310.9 11293.9 2031.59 257.722 9262.31 4756.33 2131.71 1532.02 1411.46 4505.99 3525.36 1692.48 1529.37
internal_count=116197 111650 3229 108421 75312 15785 2511 59527 29789 12126 8809 8001 29738 22296 10323 8968
cat_boundaries=0 3 7 11 14 18 20
cat_threshold=99233 2 69478414 3016257538 275251808 3222831264 116 134217728 538116096 453050960 9 1094713360 0 32768 1277168656 176162840 25167104 9 134219264 8
is_linear=0
shrinkage=0.0659825


Tree=154
num_leaves=17
num_cat=1
split_feature=7 16 21 7 7 7 5 1 17 13 21 16 22 16 17 15
split_gain=14.3994 10.5125 8.82044 12.6406 24.5808 19.8418 25.9743 20.0314 14.9793 12.5087 12.7344 12.9319 14.3876 11.6242 10.5444 14.148
threshold=1.0000000180025095e-35 73.220000000000013 1021.35 30.500000000000004 39.500000000000007 38.500000000000007 15.500000000000002 0 89.25500000000001 235.50000000000003 1029.1500000000003 38.930000000000014 0.10332868193968359 56.480000000000011 43.220000000000006 211.00000000000003
decision_type=2 8 10 2 2 2 2 1 10 10 10 10 2 10 10 8
left_child=1 -1 -2 8 5 6 -5 -8 9 10 11 12 -4 -10 -6 -16
right_child=2 -3 3 4 14 -7 7 -9 13 -11 -12 -13 -14 -15 15 -17
leaf_value=-0.0065434144558586824 -0.00064485368477879424 -0.033938001822379514 -0.029462192406047995 -0.0022421526155865022 0.0080819402270005045 0.052128220759757947 0.0038710617613891291 0.049519204202139934 -0.015116087110927538 -0.0080902334202493913 -0.0080792835652997354 0.0017000374563569153 0.01857148737753141 0.034222957351385475 -0.024461045356906391 0.0256926042067556
leaf_weight=227.44755294173956 13557.616880401969 79.30126154050231 23.712597582489252 199.5669819265604 162.14503018558025 67.135468801483512 68.794667579233646 105.32048176974058 22.654716480523348 632.50129579380155 393.40352114476264 1236.4412173889577 374.60462316870689 89.312228228896856 127.51907755993307 24.611664846539497
leaf_count=1817 86385 499 268 1409 1322 432 335 490 165 4282 3705 10310 2896 505 1101 234
internal_value=-0.00013672 -0.0141614 0.000120159 0.00305617 0.0105874 0.0205315 0.0140913 0.0322417 0.00098596 -3.50756e-05 0.00249412 0.00505967 0.0153013 0.0239688 -0.00348901 -0.015654
internal_weight=17392.1 306.749 17085.3 3527.72 755.093 440.818 373.682 174.115 2772.63 2660.66 2028.16 1634.76 398.317 111.967 314.276 152.131
internal_count=116155 2316 113839 27454 5323 2666 2234 825 22131 21461 17179 13474 3164 670 2657 1335
cat_boundaries=0 1
cat_threshold=2
is_linear=0
shrinkage=0.0659825


Tree=155
num_leaves=17
num_cat=3
split_feature=2 19 4 2 16 22 16 21 21 7 21 9 16 2 7 24
split_gain=20.2491 10.9278 9.96117 10.6499 10.4275 10.2776 9.92264 12.1104 9.19021 9.52507 9.06672 10.2594 14.9 9.04716 8.44652 8.6239
threshold=0 0.55500000000000005 3.5000000000000004 1 42.440000000000005 0.12837455973295778 19.220000000000002 1021.5500000000001 1008.0500000000001 1.5000000000000002 1032.4500000000003 35.500000000000007 46.670000000000009 2 8.5000000000000018 0.29745314103602877
decision_type=9 8 2 9 8 2 10 8 10 2 10 2 10 9 2 10
left_child=2 6 5 -4 13 8 7 -2 14 -10 -8 12 -12 -5 -1 -16
right_child=1 -3 3 4 -6 -7 10 -9 9 -11 11 -13 -14 -15 15 -17
leaf_value=-0.016860048465629107 0.060046852704184799 -0.038403804632320682 -0.0089240230409557853 -0.0013503811084221828 -0.00094721046900128451 0.0058566007149748658 -0.0021387814543748014 0.0058692588520151689 0.022118028864316023 -0.019031145300097373 -0.020056580829371111 0.03880011058493036 0.025879686565878295 0.016086697464585572 0.037334016481524734 -0.010011493305946242
leaf_weight=30.122471980750561 17.501320913434029 29.214914306998253 492.08357233926654 211.60796588100493 1635.8931509368122 3678.5339919487014 10533.943180795759 80.712771285325289 22.683955311775208 189.65044464170933 56.968894481658936 42.897954944521189 53.66384793817997 328.01317536458373 44.840075381100178 21.63300659134984
leaf_count=195 127 141 3044 1656 11054 23469 70483 578 237 1962 472 283 286 2372 303 156
internal_value=-6.48814e-05 -0.00182616 0.00279488 -0.000322194 0.00167666 0.00488442 -0.0017066 0.0185362 -0.00657827 -0.0141288 -0.00190334 0.0137025 0.00241764 0.00958163 0.00986919 0.0223894
internal_weight=17470 10814.9 6655.06 2667.6 2175.51 3987.46 10785.7 98.2141 308.93 212.334 10687.5 153.531 110.633 539.621 96.5956 66.4731
internal_count=116818 72370 44448 18126 15082 26322 72229 705 2853 2199 71524 1041 758 4028 654 459
cat_boundaries=0 4 7 10
cat_threshold=306209844 423862344 1614226080 10 1028 272638016 65536 272629808 16875520 32
is_linear=0
shrinkage=0.0659825


Tree=156
num_leaves=17
num_cat=7
split_feature=2 13 5 0 13 0 14 2 3 2 2 13 21 23 4 9
split_gain=15.5553 11.1043 21.4614 18.54 19.811 15.1622 12.1865 11.7311 9.94279 11.0904 9.92311 13.7749 9.89859 9.87971 9.6191 10.3488
threshold=0 269.50000000000006 14.500000000000002 1 266.50000000000006 2 19.500000000000004 3 4 5 6 428.50000000000006 1024.2500000000002 0.35411473737233773 5.5000000000000009 24.500000000000004
decision_type=9 10 2 9 8 9 8 9 9 9 9 8 8 2 2 2
left_child=1 2 5 4 -4 7 -6 -1 9 -3 11 -2 -8 -10 -9 -16
right_child=10 8 3 -5 6 -7 12 14 13 -11 -12 -13 -14 -15 15 -17
leaf_value=0.014685467588623675 0.0099972429918372685 0.0081673011862225947 0.072034362059603646 0.0066339853849586156 0.041022028025613042 -0.0070702889537685876 0.016943773573604385 0.0029369059945435851 -0.0068323838867705555 -0.0080621099682721999 -0.0014369099008870821 -0.02095313720167517 -0.020785880055918644 -0.047001882205542689 -0.025072845213440283 0.015430096432084007
leaf_weight=323.31306923180819 79.35068129375577 503.70836798101664 30.898857356980443 1695.1126892035827 63.735010281205177 853.35295958630741 105.57604207843542 1020.9755604621023 630.53934412822127 268.3452794700861 11373.419382387772 243.3364439830184 35.649812303483486 21.886363230645657 104.47056135162711 31.816818494349718
leaf_count=2539 398 2680 172 8829 306 9106 583 7567 3784 1435 75914 1301 191 118 832 312
internal_value=-0.000395055 0.00243076 0.00411828 0.00925211 0.0260615 -0.00014253 0.0184397 0.00388474 -0.00260062 0.00247649 -0.00177076 -0.0129046 0.00694272 -0.00848398 0.000705741 -0.0153555
internal_weight=17385.5 5689.38 4264.9 1930.97 235.86 2333.93 204.961 1480.58 1424.48 772.054 11696.1 322.687 141.226 652.426 1157.26 136.287
internal_count=116067 38454 30437 10081 1252 20356 1080 11250 8017 4115 77613 1699 774 3902 8711 1144
cat_boundaries=0 3 4 5 8 9 12 16
cat_threshold=159388964 371271507 3291653378 16896 2600 142606368 33620224 2149580800 268568582 8388640 371196944 163840 1 1572864 545259524 16
is_linear=0
shrinkage=0.0659825


Tree=157
num_leaves=17
num_cat=1
split_feature=18 18 16 20 13 7 16 3 13 22 17 7 7 17 9 20
split_gain=13.8089 12.5796 19.7742 22.519 21.8489 16.4272 13.1061 14.048 11.9836 11.8583 11.6855 11.65 12.7786 11.6984 10.5726 9.12607
threshold=30.495670000000004 6.3292900000000003 53.330000000000005 0.18500000000000003 448.50000000000006 30.500000000000004 20.480000000000004 0 675.50000000000011 0.28087670735625786 63.555000000000007 5.5000000000000009 7.5000000000000009 34.755000000000003 48.500000000000007 2.7500000000000004
decision_type=10 10 10 8 8 2 10 9 10 2 10 2 2 10 2 10
left_child=1 2 3 -1 -5 11 7 -3 -8 -10 -6 15 -13 -14 -12 -4
right_child=-2 6 5 4 10 -7 8 -9 9 -11 14 12 13 -15 -16 -17
leaf_value=0.050047954904564179 0.026742762084193603 -0.0057987028380254062 -0.020689782284263346 -0.031334443258680088 0.00083876335236556746 0.0238428185694688 0.00074584555814735838 0.030204237665877258 0.02082535646457118 -0.019763438160411678 -0.016052137887667951 -0.02120139992339368 -0.027736867225925447 0.00051036885474409275 0.029431445225526789 0.015269243494656737
leaf_weight=20.271304458379745 81.134408734738827 71.300497945398092 29.39349403232336 196.12783453240991 418.98721455037594 119.82398204132915 13972.46464763023 118.61381607502699 214.22254200279713 31.461947672069073 477.56177484057844 150.52350522577763 61.504099305719137 1100.4608195926994 17.727526269853115 251.83451844938099
leaf_count=105 461 535 190 1143 3328 826 91811 825 1098 148 3624 853 420 8424 143 1816
internal_value=0.000578301 0.000445622 -0.00355975 -0.0103068 -0.0116824 0.000913562 0.0012375 0.0181774 0.00100335 0.0152666 -0.00728274 -0.000896717 -0.00351704 -0.00112507 -0.014078 0.011143
internal_weight=17333.4 17252.3 2844.22 1130.68 1110.4 1713.54 14408.1 189.914 14218.1 245.684 914.277 1593.72 1312.49 1161.96 495.289 281.228
internal_count=115750 115289 20872 8343 8238 12529 94417 1360 93057 1246 7095 11703 9697 8844 3767 2006
cat_boundaries=0 2
cat_threshold=1026 8
is_linear=0
shrinkage=0.0659825


Tree=158
num_leaves=17
num_cat=1
split_feature=18 20 18 3 7 7 7 7 24 23 8 23 24 22 14 7
split_gain=13.4614 12.5188 14.0465 12.1246 17.1823 31.608 13.5578 13.4633 13.7989 12.9843 14.5464 12.9057 13.8148 12.2916 11.7978 16.3955
threshold=30.495670000000004 0.18500000000000003 7.4800700000000004 0 41.500000000000007 39.500000000000007 16.500000000000004 11.500000000000002 0.26198278766347133 0.35617445638168593 14.500000000000002 0.15229608721352778 0.12877361355767483 0.37059086279520909 5.5000000000000009 31.500000000000004
decision_type=10 8 10 9 2 2 2 2 10 2 2 2 10 2 10 2
left_child=1 -1 -3 4 5 6 7 -4 -9 11 -11 12 -5 -6 15 -8
right_child=-2 2 3 9 13 -7 14 8 -10 10 -12 -13 -14 -15 -16 -17
leaf_value=0.033857247411150551 0.026477672602858635 -0.0033717368613681263 0.0025564800919703687 0.0037873536570088937 0.020264355934873381 -0.035597776680938054 -0.010566278895441367 -0.00021682453418894184 -0.017177560565208423 0.02174813061995768 -0.029947580710407849 0.00048645269701713418 -0.01626912204495105 -0.015244681605867887 0.009101232252346745 0.021880381978971096
leaf_weight=41.455782398581505 78.405231401324272 4084.1989075131714 2928.0589541755617 226.89927355758846 356.38551490195096 88.579880215227604 305.04245945252478 543.52850625105202 333.0706266053021 24.611563168466091 115.6813545152545 5953.0615957789123 421.05483350902796 43.476443879306316 1829.5906536672264 80.55747058801353
leaf_count=245 442 29654 18679 2144 2393 661 2019 3900 1988 147 659 37929 3560 219 11203 555
internal_value=0.000229174 0.000101257 8.36117e-06 0.00105138 0.0030787 0.00220725 0.00279985 0.00040769 -0.00673711 -0.000910123 -0.0203383 -0.000479756 -0.00927668 0.0162284 0.00689576 -0.00354701
internal_weight=17453.7 17375.3 17333.8 13249.6 6508.29 6108.43 6019.85 3804.66 876.599 6741.31 140.293 6601.02 647.954 399.862 2215.19 385.6
internal_count=116397 115955 115710 86056 41617 39005 38344 24567 5888 44439 806 43633 5704 2612 13777 2574
cat_boundaries=0 1
cat_threshold=805453894
is_linear=0
shrinkage=0.0659825


Tree=159
num_leaves=17
num_cat=4
split_feature=2 5 2 18 2 13 21 2 21 4 4 4 21 21 15 23
split_gain=27.0457 13.7955 24.4414 21.4202 19.2257 14.9661 12.2116 12.5186 11.5629 13.5632 13.9107 10.6861 19.2738 13.0943 9.63412 10.3211
threshold=0 16.500000000000004 1 6.3292900000000003 2 488.50000000000006 1013.35 3 1013.4500000000002 1.5000000000000002 3.5000000000000004 5.5000000000000009 1024.6500000000003 1020.5500000000001 185.50000000000003 0.35460453611410969
decision_type=9 2 9 10 9 8 10 9 8 2 2 2 10 10 8 2
left_child=-1 2 6 8 -5 -6 7 -2 -3 -10 -11 12 -12 -13 15 -9
right_child=1 3 -4 4 5 -7 -8 14 9 10 11 13 -14 -15 -16 -17
leaf_value=-0.0063855641133585403 -0.0058001048360573548 0.0061024149181900661 -0.0030698140616501005 0.009942547891300231 0.010550359186217811 -0.0014023721871695516 0.0073424931805196637 0.015768166590010568 -0.022444999914701343 0.011658394432696695 -0.040936404214152684 0.0314362440174124 0.0052562605062776028 -0.012075596823395419 -0.0041856174667860777 -0.014654947110550081
leaf_weight=2451.5119604729116 850.68066153861582 271.15063788741827 5894.7508588209748 2201.4085677843541 594.12102387752384 1892.9688654094934 1956.1954725831747 381.49672368913889 236.42125747725368 168.96023072302341 94.354015227407217 39.046390000730753 62.456075821071863 83.783060021698475 245.68439741805196 50.518396519124508
leaf_count=15482 5475 1301 45039 11588 3320 9567 16652 2480 1277 864 489 184 338 439 1867 268
internal_value=1.67629e-05 0.00106721 -0.00048341 0.00364333 0.00547843 0.00146631 0.00388725 -0.00052171 -0.00533205 -0.00987237 -0.00302915 -0.0119643 -0.0230416 0.00260819 0.00609217 0.0120525
internal_weight=17475.5 15024 9379.33 5644.67 4688.5 2487.09 3484.58 1528.38 956.172 685.021 448.6 279.64 156.81 122.829 677.7 432.015
internal_count=116630 101148 71781 29367 24475 12887 26742 10090 4892 3591 2314 1450 827 623 4615 2748
cat_boundaries=0 4 8 11 15
cat_threshold=2315551012 2827495760 1141901856 89 822161408 320963584 2315920776 134 1430872080 5374465 672120850 16777216 287409152 34209920 128
is_linear=0
shrinkage=0.0659825


Tree=160
num_leaves=17
num_cat=0
split_feature=17 21 16 16 7 5 9 17 17 21 7 7 7 6 24 24
split_gain=18.1222 16.0273 18.4 14.7779 14.2368 17.4274 13.7351 15.8147 11.5689 11.3921 20.8947 11.2878 29.5372 26.0088 16.7875 24.2282
threshold=47.875000000000007 1012.4500000000002 48.110000000000007 80.780000000000015 47.500000000000007 13.500000000000002 44.500000000000007 41.505000000000003 48.345000000000006 1008.85 8.5000000000000018 30.500000000000004 35.500000000000007 1416.5000000000002 0.22975409836065577 0.22095200766483761
decision_type=8 10 10 10 2 2 2 10 8 10 2 2 2 2 10 10
left_child=1 2 6 -4 8 -6 7 -1 -2 -5 -11 14 13 -13 15 -3
right_child=4 11 3 9 5 -7 -8 -9 -10 10 -12 12 -14 -15 -16 -17
leaf_value=0.0080369725470710706 0.021251018341905611 -0.00039723816411255905 -0.022764051685856015 0.012594447050776827 0.015110624849148189 -0.04200040535344423 -0.027072722713873766 -0.013501050391854856 0.001321443699708789 -0.041825643425822623 0.00080369806251272225 0.037641485097963924 -0.001205260008227836 -0.017207543028542726 -0.0085790314674121897 0.038175350881739067
leaf_weight=486.51565587520599 122.00948601402342 1845.2848314363509 494.62394193187356 106.74136867374182 31.033389739692211 63.143593266606331 75.200046885758638 206.22503126785159 11550.836779441684 67.915579982101917 153.32269309088588 172.27624421566725 706.08689476177096 43.726793579757214 1317.5675552226603 67.47883939370513
leaf_count=2983 897 14123 3075 492 441 398 531 1482 76416 328 736 955 5502 275 7931 465
internal_value=-0.000153902 -0.00319041 -0.00880867 -0.015627 0.00132899 -0.0234117 -0.00143791 0.00156188 0.00154101 -0.00463931 -0.0130716 -0.00102839 0.00538746 0.0263665 -0.00286664 0.00108334
internal_weight=17510 5742.97 1590.54 822.604 11767 94.177 767.941 692.741 11672.8 327.98 221.238 4152.42 922.09 216.003 3230.33 1912.76
internal_count=117030 38878 9627 4631 78152 839 4996 4465 77313 1556 1064 29251 6732 1230 22519 14588
is_linear=0
shrinkage=0.0659825


Tree=161
num_leaves=17
num_cat=1
split_feature=9 7 0 13 17 13 11 6 11 13 6 13 13 15 13 21
split_gain=10.3633 20.344 15.949 11.4589 16.8177 14.1495 17.334 14.4267 12.8002 24.3588 15.1343 12.9608 11.077 34.6144 15.6547 12.9684
threshold=50.500000000000007 5.5000000000000009 0 484.50000000000006 39.205000000000005 600.50000000000011 9.5000000000000018 629.50000000000011 58.500000000000007 350.50000000000006 912.50000000000011 175.50000000000003 385.50000000000006 190.00000000000003 301.50000000000006 1021.9500000000002
decision_type=2 2 9 10 8 10 10 2 10 10 2 8 8 10 10 10
left_child=3 -2 -3 8 -5 -6 7 -7 11 -10 -11 -1 13 -13 -15 -14
right_child=1 2 -4 4 5 6 -8 -9 9 10 -12 12 15 14 -16 -17
leaf_value=0.040136529180285069 0.030809184657410432 0.012392252378467307 -0.0047032347309304261 0.011719362741097182 -0.017027381561756587 0.028192623850528436 -0.031347728609278404 -0.0024453537169667468 0.042990220936793562 -0.028949152286655355 0.030745185952242834 -0.0054001807950395629 0.0003291683284062234 0.0062207521662788834 0.063901302226837181 0.0055800085381374235
leaf_weight=30.007259160280228 131.91508090868592 444.05840162187815 479.7355718780309 186.70185743272305 505.79309741407633 83.629901062697172 60.26112973690033 258.60277273133397 80.862580304034054 47.012498944997787 22.372032295912504 2084.0963646546006 10346.247553125024 39.897142179310322 39.367106780409813 2547.1549267377704
leaf_count=211 791 2634 3167 1120 2688 433 300 1308 731 280 155 12360 68912 214 237 20748
internal_value=0.000866915 0.00718307 0.0036251 0.000456046 -0.00604423 -0.0097507 -0.000486017 0.00541259 0.000925465 0.0196997 -0.00875216 0.000730421 0.000635279 -0.00372718 0.0374429 0.0013687
internal_weight=17387.7 1055.71 923.794 16332 1094.99 908.287 402.494 342.233 15237 150.247 69.3845 15086.8 15056.8 2163.36 79.2642 12893.4
internal_count=116289 6592 5801 109697 5849 4729 2041 1741 103848 1166 435 102682 102471 12811 451 89660
cat_boundaries=0 1
cat_threshold=2696
is_linear=0
shrinkage=0.0659825


Tree=162
num_leaves=17
num_cat=7
split_feature=2 17 2 24 24 0 1 2 17 24 2 21 13 2 11 5
split_gain=14.8501 13.8145 20.5187 15.9631 14.918 14.137 18.3541 20.809 14.9138 13.7607 13.6989 13.753 12.5933 19.1712 15.2463 12.4124
threshold=0 88.250000000000014 1 0.11073273300726792 0.12626469085334699 2 3 4 17.720000000000002 0.35385367762128334 5 1012.7500000000001 235.50000000000003 6 22.500000000000004 6.5000000000000009
decision_type=9 10 9 10 10 9 1 9 8 8 9 10 10 9 10 2
left_child=-1 5 3 -3 -5 8 -7 -8 -2 15 11 -10 14 -14 -12 -9
right_child=1 2 -4 4 -6 6 7 9 10 -11 12 -13 13 -15 -16 -17
leaf_value=-0.0033576121401266744 0.038595258148628256 0.021338016018152245 0.014564937961395351 -0.031572150080937514 -0.0011958982098950585 -0.017857629509128375 -0.0087386441762435114 -0.027564825560689069 -0.0011216921571502096 -0.0079083227833006749 0.0017035051438947485 0.01185894637257031 -0.012272064660442436 0.0016065482935856982 0.045514631698617816 0.005832690983847714
leaf_weight=4735.6384652554989 41.424399808049202 111.87853230163455 739.59170169197023 74.531963655725121 551.71504592522979 331.17522304691374 1166.9362246189266 43.795067934319377 556.05846695974469 460.43775117211044 4264.8067754581571 973.37555526569486 764.59677236527205 971.79603504762053 28.633561696857214 1660.8499320708215
leaf_count=31919 224 662 4287 427 3328 2572 9478 831 3084 2871 28140 6403 4348 5422 207 12509
internal_value=-0.000209353 0.000963702 0.00694874 -0.000924009 -0.00508713 0.00017596 -0.00318291 -0.00170321 0.00179789 0.00213339 0.00156692 0.0071079 0.000143571 -0.00458799 0.00206137 0.00487717
internal_weight=17477.2 12741.6 1477.72 738.126 626.247 11263.9 3663.19 3332.02 7600.69 2165.08 7559.27 1529.43 6029.83 1736.39 4293.44 1704.65
internal_count=116712 84793 8704 4417 3755 76089 28261 25689 47828 16211 47604 9487 38117 9770 28347 13340
cat_boundaries=0 4 7 8 9 13 17 21
cat_threshold=3363865222 493453634 1376796942 192 624968704 33696769 151520912 19048 1 805308448 8391688 2307063968 9 67112992 8520704 228589696 40 18898960 536871425 730208 5
is_linear=0
shrinkage=0.0659825


Tree=163
num_leaves=17
num_cat=3
split_feature=22 16 3 11 16 3 16 17 21 1 21 17 21 16 21 16
split_gain=10.4662 8.34037 15.6423 17.0957 11.6271 11.2496 11.0728 12.6286 20.8839 19.173 21.4811 27.1818 15.9491 14.6139 14.0927 12.6435
threshold=0.12837455973295778 42.890000000000008 0 27.500000000000004 31.460000000000004 1 80.330000000000013 59.365000000000002 1013.2500000000001 2 1020.35 50.300000000000004 1012.35 77.540000000000006 1014.35 48.110000000000007
decision_type=2 10 9 8 8 9 10 10 8 1 10 10 10 10 8 10
left_child=-1 2 3 -2 -4 -3 7 9 -9 10 11 -7 15 -13 -10 -11
right_child=1 5 4 -5 -6 6 -8 8 14 12 -12 13 -14 -15 -16 -17
leaf_value=-0.0067426536205317392 -0.0027850218852752216 0.010223708128466277 -0.0067362286229232281 0.015933387165312573 0.0031134800503165414 -0.026257113785343286 0.0031430687864607808 0.0065241617351016025 -0.016117290377528879 0.0016640586882561528 0.00044695469362380591 -0.0077573777763875586 0.0010682861997755601 0.033009088549240354 -0.001176095481345604 -0.016162409678060069
leaf_weight=927.5079365875572 302.27288055047393 406.56060705706477 698.24336322769523 695.46280796825886 2005.8531383760273 528.13969133794308 2554.0244336668402 1648.5837986376137 290.21221945434809 263.61199577897787 396.09673383273184 142.40455332770944 2220.7910012323409 45.372285258024931 3790.2353657260537 492.93131645768881
leaf_count=8813 1503 2844 5429 4114 14607 3943 14170 9396 1881 1539 3430 1143 15426 264 24918 2906
internal_value=5.32217e-05 0.00043809 0.00319313 0.010179 0.000558398 -0.000361166 -0.000721646 -0.00172906 0.000270825 -0.00452696 -0.0118943 -0.0186671 -0.00175619 0.0028384 -0.00226176 -0.00998814
internal_weight=17408.3 16480.8 3701.83 997.736 2704.1 12779 12372.4 9818.38 5729.03 4089.35 1112.01 715.917 2977.33 187.777 4080.45 756.543
internal_count=116326 107513 25653 5617 20036 81860 79016 64846 36195 28651 8780 5350 19871 1407 26799 4445
cat_boundaries=0 1 3 4
cat_threshold=134348800 805314624 1 4
is_linear=0
shrinkage=0.0659825


Tree=164
num_leaves=17
num_cat=4
split_feature=13 0 9 23 7 7 21 23 21 0 1 7 23 3 21 21
split_gain=12.2137 14.8063 19.0579 10.4919 7.9096 28.0316 40.0625 23.5657 21.6119 21.6 20.5415 18.5293 18.1586 17.176 16.0082 15.6259
threshold=213.50000000000003 0 8.5000000000000018 0.34857467486614446 19.500000000000004 17.500000000000004 1015.2500000000001 0.23919241976046959 1020.9500000000002 1 2 21.500000000000004 0.26629672558037748 3 1016.6500000000002 1004.85
decision_type=8 9 2 2 2 2 10 2 10 9 1 2 2 9 10 10
left_child=1 3 -3 -1 5 9 10 -8 11 14 15 12 -6 -13 -2 -7
right_child=4 2 -4 -5 8 6 7 -9 -10 -11 -12 13 -14 -15 -16 -17
leaf_value=-0.033309088225252852 0.013715846174971151 0.0068036748602956238 0.076654882869898411 0.011370132630485008 -0.023666922603668036 0.042355389980914683 0.049683128460394306 0.0057710662126872819 0.0040952597964020159 -0.0015073040737885279 -0.0041754520571806973 0.0012578574781464634 0.0051087972697068506 -0.0077876020445552573 -0.00095296004377205042 0.0046346677707886823
leaf_weight=24.93525025062263 760.20516980811954 34.570897923782468 29.99304845649749 79.750909263268113 383.8347157612443 79.533807337284088 152.15699302405119 82.844641696661711 1590.9585471209139 9289.127557290718 468.79865226149559 1823.830776669085 123.82724408060312 1813.136864701286 559.63470756821334 111.99934628978372
leaf_count=133 4319 200 183 438 2333 429 1007 484 11973 62824 2627 11824 628 12442 3830 708
internal_value=-0.000254645 0.0170644 0.0378118 -0.000502797 -0.000430791 0.000567218 0.0117369 0.034753 -0.00243101 -0.000381789 0.003297 -0.00493858 -0.0166713 -0.00327512 0.00746454 0.021141
internal_weight=17409.1 169.25 64.5639 104.686 17239.9 11504.3 895.333 235.002 5735.59 10609 660.332 4144.63 507.662 3636.97 1319.84 191.533
internal_count=116382 954 383 571 115428 76228 5255 1491 39200 70973 3764 27227 2961 24266 8149 1137
cat_boundaries=0 1 2 3 4
cat_threshold=48 24769 4 805439494
is_linear=0
shrinkage=0.0659825


Tree=165
num_leaves=17
num_cat=0
split_feature=5 4 7 18 7 4 7 7 4 17 21 7 21 17 17 7
split_gain=11.8123 15.434 30.2751 27.4093 24.4624 24.5945 21.7003 35.6716 23.4819 27.0576 23.2903 21.6916 30.687 21.345 18.8123 19.5155
threshold=16.500000000000004 5.5000000000000009 12.500000000000002 13.233970000000001 10.500000000000002 2.5000000000000004 8.5000000000000018 5.5000000000000009 1.5000000000000002 95.805000000000021 1020.1500000000002 3.5000000000000004 1010.6500000000002 92.38000000000001 39.020000000000003 9.5000000000000018
decision_type=2 2 2 8 2 2 2 2 2 10 10 2 8 10 10 2
left_child=-1 3 -3 4 5 6 7 11 9 -9 -8 -2 -13 -6 -7 -16
right_child=1 2 -4 -5 13 14 10 8 -10 -11 -12 12 -14 -15 15 -17
leaf_value=-0.0012575697078055978 -0.0025030357921947948 0.022962425103156832 -0.00031357195725273602 0.0072561283766018163 0.00088958247417900279 0.018320276031722746 0.057439498870503945 -0.030040491600360757 0.020125764253774305 0.031074328596605871 -0.016120628431443993 -0.022154507868466351 0.045885848386024733 0.035786305279840301 -0.01560232476047986 -0.046821154117979408
leaf_weight=10829.823655165732 231.28926662355661 426.78313372656703 554.87649247422814 1951.208135554567 2059.6601017415524 53.360432129353285 46.329793356359005 316.48370717465878 55.830412276089191 29.906854372471571 25.612392354756594 34.108970187604427 110.57527110353112 73.018837358802557 549.3499523922801 101.06324626505375
leaf_count=82250 1216 2197 2984 10096 10638 324 227 1725 281 138 167 178 511 367 2860 504
internal_value=8.43995e-05 0.00227906 0.00988701 0.000944876 -0.00240211 -0.00868181 -0.00110241 -0.00439855 -0.0179261 -0.0243071 0.0320553 0.0101299 0.0295925 0.00218538 -0.0177473 -0.0208524
internal_weight=17449.3 6619.46 981.66 5637.8 3686.59 1553.91 850.137 778.194 402.221 346.391 71.9422 375.974 144.684 2132.68 703.774 650.413
internal_count=116663 34413 5181 29232 19136 8131 4443 4049 2144 1863 394 1905 689 11005 3688 3364
is_linear=0
shrinkage=0.0659825


Tree=166
num_leaves=17
num_cat=5
split_feature=2 1 17 16 2 21 20 24 2 21 23 17 16 23 2 24
split_gain=18.4537 7.95479 23.3481 21.4783 24.0154 20.1892 19.99 16.1991 15.3469 17.4281 15.3568 13.383 12.9352 18.5546 17.4724 12.9169
threshold=0 1 74.090000000000018 84.110000000000014 2 1018.1500000000002 5.5000000000000009 0.25849694769839965 3 1028.1500000000003 0.14235670986898577 55.440000000000005 47.480000000000011 0.24214603783867425 4 0.18077932927556992
decision_type=9 1 10 10 9 10 10 10 9 8 2 10 10 2 9 8
left_child=-1 2 3 4 -2 -5 7 -4 15 10 -10 -6 -12 -14 -15 -3
right_child=1 8 6 5 11 -7 -8 -9 9 -11 12 -13 13 14 -16 -17
leaf_value=-0.003805827975201325 0.0056735623706717442 0.0027433638132716583 -0.0096782650482053912 0.025589115467570325 -0.012267775271613697 -0.0090905321168541393 0.021651136660656749 0.022869162181633408 -0.021257015202459414 -0.0072399768982061826 0.013907924323645612 0.0011111571584327068 -0.0014824600952280341 -0.0014485553524705341 0.022427380281201795 -0.0045292078476158017
leaf_weight=5509.947825698182 1099.7103128824383 1475.1377230733633 215.24720853939652 249.60673427954316 877.34601907432079 98.573776710778475 482.81817883253098 88.941941816359758 82.497377660125494 542.44784913212061 747.2040184289217 513.84445815160871 1105.4484346024692 222.45096957683563 329.35012067481875 3769.9842226207256
leaf_count=36916 8780 10380 1218 1315 6815 693 3386 534 771 3349 5048 3816 7100 1293 1953 23074
internal_value=-0.000655019 0.000807545 0.00338234 0.000584752 -0.00157394 0.0157837 0.0133904 0.000106906 -0.000321513 0.00340715 0.00575547 -0.00729113 0.00673494 0.00346078 0.0132696 -0.00247832
internal_weight=17410.6 11900.6 3626.09 2839.08 2490.9 348.181 787.007 304.189 8274.52 3029.4 2486.95 1391.19 2404.45 1657.25 551.801 5245.12
internal_count=116441 79525 26557 21419 19411 2008 5138 1752 52968 19514 16165 10631 15394 10346 3246 33454
cat_boundaries=0 4 5 9 13 17
cat_threshold=3424701638 2970845488 278921600 73 4 310387200 39846408 115776 32 276832272 113771593 101042774 132 69632 134217728 17433640 16
is_linear=0
shrinkage=0.0659825


Tree=167
num_leaves=17
num_cat=4
split_feature=0 16 18 24 21 16 21 3 23 3 24 18 21 24 0 22
split_gain=9.97202 28.833 15.8084 13.4872 13.2684 12.9314 14.6476 15.577 15.4959 12.5538 11.3337 11.1132 10.7587 14.8624 16.2713 16.9448
threshold=0 49.460000000000008 13.233970000000001 0.090435056136275657 1019.35 41.090000000000011 1016.9500000000002 1 0.14728751760501466 2 0.52091940427800376 1.0000000180025095e-35 1016.5500000000001 0.12247221106200616 3 0.14408837425153451
decision_type=9 10 10 10 8 10 8 9 2 9 10 10 10 10 9 2
left_child=5 2 4 -4 11 9 7 8 -7 -1 -3 -2 -11 -14 15 -15
right_child=1 10 3 -5 -6 6 -8 -9 -10 12 -12 -13 13 14 -16 -17
leaf_value=-0.018776079607657696 0.038367795189313332 0.0081071423749004921 -0.026777693678235306 0.0058627789505460073 -0.018135766366096664 -0.025651943605030769 -0.0039020331199377174 0.0041971961446617898 -0.0018460084495764211 0.00060287233015144162 -0.013645831947269262 -0.0043213956497413332 -0.0088837601651625304 0.0037289791537206407 0.0083663182386616002 0.055411833681280331
leaf_weight=91.503020506352186 22.501254780218005 2655.2677379334345 54.021347843110561 646.36197801120579 432.74880347028375 120.77016218565404 5346.7031288575381 2880.5276735704392 1921.6898968964815 1588.6969110351056 103.03818367049098 341.88382296636701 175.57427743449807 44.832307685166597 994.49897855892777 69.913254391402006
leaf_count=523 174 17709 520 4421 3590 1008 36694 16532 11803 10799 598 2747 1825 396 6938 594
internal_value=0.000490323 0.00326196 -0.00409018 0.00313077 -0.0104097 -0.000404217 -0.00151288 0.00108357 -0.00331139 0.00342951 0.00726556 -0.0010832 0.00422632 0.00871491 0.0115346 0.0336707
internal_weight=17490.5 4255.82 1497.52 700.383 797.134 13234.7 10269.7 4922.99 2042.46 2965.02 2758.31 364.385 2873.52 1284.82 1109.24 114.746
internal_count=116871 29759 11452 4941 6511 87112 66037 29343 12811 21075 18307 2921 20552 9753 7928 990
cat_boundaries=0 1 3 4 5
cat_threshold=2366 134219264 8 1024 2
is_linear=0
shrinkage=0.0659825


Tree=168
num_leaves=17
num_cat=0
split_feature=24 24 4 18 23 18 24 23 15 22 4 15 24 24 11 13
split_gain=14.6526 26.8674 10.2715 10.6756 9.00706 11.4657 9.95349 8.26261 9.11599 10.4921 10.5212 8.92278 10.9939 10.0048 8.42968 20.6193
threshold=0.62194460871279333 0.56436906969135137 1.5000000000000002 9.7816300000000016 0.10952406173432357 17.83709 0.13098852603706976 0.11442400174695276 185.50000000000003 0.11632957277076415 3.5000000000000004 264.50000000000006 0.2499422766104826 0.33889677700752624 69.500000000000014 459.50000000000006
decision_type=10 10 2 10 2 10 10 2 10 2 2 10 8 10 10 10
left_child=1 4 -3 -4 5 6 -1 8 9 -6 -11 14 -13 -14 -9 -16
right_child=-2 2 3 -5 7 -7 -8 11 -10 10 -12 12 13 -15 15 -17
leaf_value=-0.0012148049518915433 -0.026191408645564383 0.0099439390237148484 0.018581622903318728 0.077502945883929558 -0.0084780227676337014 0.010490314917681284 -0.022195836806831432 2.6697306970164937e-05 -0.012085497946314076 0.064448753489676547 0.010270229565080983 0.026033214906510258 -0.023408792401997058 0.013681001721368663 0.032204558172877595 -0.017320057665229066
leaf_weight=169.67496859095991 84.147268578410149 58.003748882561922 32.292804382741451 25.561273738741875 23.111966384574771 105.68663486838341 230.76793629862368 16193.218575345352 29.730515282601118 31.70517067797482 31.282551677897573 123.66397416777909 47.64886462315917 70.589318789541721 99.58524317573756 51.073525041341782
leaf_count=2005 540 307 173 161 222 862 2378 106214 264 207 323 956 331 433 850 290
internal_value=0.000305468 0.000443566 0.0312857 0.0496291 0.000224634 -0.00839271 -0.013461 0.000488816 0.0175924 0.0279645 0.0408949 0.000362793 0.0127808 -0.00169036 0.000174185 0.0153945
internal_weight=17407.7 17323.6 115.858 57.8541 17207.7 506.13 400.443 16701.6 115.83 86.0997 62.9877 16585.8 241.902 118.238 16343.9 150.659
internal_count=116516 115976 641 334 115335 5245 4383 110090 1016 752 530 109074 1720 764 107354 1140
is_linear=0
shrinkage=0.0659825


Tree=169
num_leaves=17
num_cat=2
split_feature=13 3 11 3 13 13 5 15 16 24 21 24 21 24 18 16
split_gain=11.7351 37.7977 22.128 11.337 11.5196 9.21686 9.05523 11.3646 8.37966 13.8764 15.2273 15.2086 16.4036 14.6626 14.6606 13.713
threshold=235.50000000000003 0 22.500000000000004 1 421.50000000000006 882.50000000000011 11.500000000000002 38.500000000000007 36.230000000000011 0.10301477238468497 1013.2500000000001 0.29501289371891698 1030.9500000000003 0.44876471723605488 5.1785100000000002 31.460000000000004
decision_type=8 9 10 9 8 10 2 10 8 8 10 8 10 10 10 10
left_child=1 2 6 4 -2 8 7 -1 9 15 13 12 -12 -11 -13 -5
right_child=3 -3 -4 5 -6 -7 -8 -9 -10 10 11 14 -14 -15 -16 -17
leaf_value=0.0095610694156570333 0.048196420890418638 0.052530598692458789 0.041978231766080065 -0.0053279623917690021 0.0065177105182346873 0.034758748178063605 0.0020547411030646919 -0.037341433611449461 -0.0016282505490738191 -0.0085204306892917303 0.011553562299289773 0.026701267402906584 -0.018715353366443966 0.037427369454626512 -0.011727424725546561 0.032887733947045035
leaf_weight=30.759589534252882 24.809299059212208 59.960920566692948 44.143383461050689 59.1942119281739 474.23911151103675 25.153962172567844 231.95972869545221 60.212929479777813 14113.385973678902 695.59581319987774 966.1237152274698 44.059968490153551 79.168491143733263 25.492350831627846 309.96033116802573 115.54173960909247
leaf_count=206 136 361 326 635 3503 128 1259 308 93339 4688 7438 287 645 147 1932 934
internal_value=-0.000383239 0.0103397 0.00124396 -0.000657379 0.00898201 -0.000958284 -0.00497721 -0.0218873 -0.00102682 0.00266588 0.00116549 0.00517283 0.00916351 -0.00658864 -0.00656479 0.0202045
internal_weight=17359.8 427.037 367.076 16932.7 499.048 16433.7 322.932 90.9725 16408.5 2295.14 2120.4 1399.31 1045.29 721.088 354.02 174.736
internal_count=116272 2460 2099 113812 3639 110173 1773 514 110045 16706 15137 10302 8083 4835 2219 1569
cat_boundaries=0 1 3
cat_threshold=131584 805306432 1
is_linear=0
shrinkage=0.0659825


Tree=170
num_leaves=17
num_cat=1
split_feature=8 11 24 18 24 13 11 8 15 17 8 17 24 23 23 0
split_gain=12.9223 8.78137 15.2813 10.9512 11.7805 10.9285 26.1481 11.3833 13.3579 12.9443 10.9543 10.1597 14.9957 7.75578 16.0806 18.8762
threshold=6.5000000000000009 -3.4999999999999996 0.50315460552503788 17.83709 0.36876294483148186 299.50000000000006 49.500000000000007 16.500000000000004 21.000000000000004 79.060000000000016 21.500000000000004 26.545000000000005 0.13535714285714287 0.20560562600755186 0.22831825588035756 0
decision_type=2 8 8 8 10 8 10 2 8 10 2 10 10 2 2 9
left_child=-1 2 3 4 11 6 7 -3 9 10 -9 12 -2 -7 -15 -16
right_child=1 5 -4 -5 -6 13 -8 8 -10 -11 -12 -13 -14 14 15 -17
leaf_value=-0.015753057317830978 -0.016864060670147743 -0.0077909185883250813 0.024730355627269447 0.0064984710016197864 -0.021227199714647666 -0.0015874911857546405 0.044574042588214909 0.0099244252491805292 0.014743501529586924 0.028335162849980441 -0.034846625220141168 -0.0064864601376225803 0.043817760817325808 0.0084231981704539442 0.015370280017561392 -0.00071554130017472653
leaf_weight=225.91700629517436 25.678766030818224 240.24964472651482 69.841702274978161 277.69846294075251 229.58496554195881 6861.1661411691457 69.970710802823305 32.175556126981974 426.2133364379406 24.930355943739414 65.434944884851575 1272.4141021315008 36.78825369477272 1210.8477313034236 319.14041167125106 5974.8013684488833
leaf_count=1779 250 1372 389 1678 1249 52731 647 191 2132 120 331 8451 222 7447 1847 35423
internal_value=-0.000290488 -8.09795e-05 -0.00428821 -0.00546823 -0.00760975 0.000448923 0.00765082 0.00405205 0.00926633 -0.00957513 -0.0203793 -0.00517976 0.0196073 1.51673e-05 0.00148048 0.000137794
internal_weight=17362.9 17136.9 1912.01 1842.16 1564.47 15224.9 858.975 789.004 548.754 122.541 97.6105 1334.88 62.467 14366 7504.79 6293.94
internal_count=116259 114480 12239 11850 10172 102241 4793 4146 2774 642 522 8923 472 97448 44717 37270
cat_boundaries=0 1
cat_threshold=16448
is_linear=0
shrinkage=0.0659825


Tree=171
num_leaves=17
num_cat=0
split_feature=23 16 13 7 16 7 7 7 4 21 6 21 7 7 16 7
split_gain=10.2938 16.8436 13.0827 11.8965 27.3861 22.8296 19.5344 16.2726 13.72 13.4795 13.4482 20.8875 12.9647 43.6163 30.6986 53.7148
threshold=0.35585607045236883 45.500000000000007 265.50000000000006 31.500000000000004 52.520000000000003 35.500000000000007 32.500000000000007 37.500000000000007 4.5000000000000009 1023.85 2543.0000000000005 1020.6500000000002 19.500000000000004 16.500000000000004 50.540000000000006 17.500000000000004
decision_type=2 10 10 2 8 2 2 2 2 10 2 10 2 2 10 2
left_child=3 2 -2 12 5 8 -6 -8 9 -5 -7 -12 13 -1 15 -15
right_child=1 -3 -4 4 6 10 7 -9 -10 -11 11 -13 -14 14 -16 -17
leaf_value=-0.00062986299866546827 0.0074831458605348544 -0.014104111806107685 -0.015353120913998007 -0.0039446252589662731 0.047417254973170238 -0.0095061583660328731 -0.011708378484890409 0.015260449223504577 0.032014221527819915 0.023427195409219823 -0.0099020119880450352 0.071823150493583468 -0.0039481005558788529 -0.005703841818567406 0.0077807152515534496 0.06337434455970628
leaf_weight=9780.563638211228 441.57783663645387 552.40375571325421 138.28386296704412 245.52044403366745 66.184232657775283 778.20709682069719 109.73089132457972 647.09302534908056 98.107769753783941 107.83670255541801 29.610950961709023 17.091375760734081 3027.8585303276777 80.452056154608727 1172.270156307146 115.43877916038036
leaf_count=66387 2397 3032 681 1518 338 6413 658 4642 745 649 226 135 20648 452 7028 628
internal_value=0.000139389 -0.00592625 0.00193165 0.000563466 0.0051913 -0.000869937 0.0145272 0.0112865 0.0109682 0.00467043 -0.00738259 0.0249503 -0.000123845 0.000916405 0.0119228 0.0357043
internal_weight=17408.2 1132.27 579.862 16276 2099.38 1276.37 823.008 756.824 451.465 353.357 824.909 46.7023 14176.6 11148.7 1368.16 195.891
internal_count=116577 6110 3078 110467 15324 9686 5638 5300 2912 2167 6774 361 95143 74495 8108 1080
is_linear=0
shrinkage=0.0659825


Tree=172
num_leaves=17
num_cat=0
split_feature=9 14 4 18 16 21 17 23 23 16 23 23 23 21 21 16
split_gain=11.1219 11.9576 11.6643 13.3077 8.51172 19.1254 11.1875 7.80281 13.0728 15.1344 9.17137 13.37 9.54285 8.44934 9.34615 10.9045
threshold=50.500000000000007 4.5000000000000009 2.5000000000000004 21.289430000000007 20.480000000000004 1021.5500000000001 32.875000000000007 0.15229608721352778 0.16679822135569081 69.890000000000015 0.1817257498631116 0.18774187320914301 0.1920318121506383 1017.85 1021.0500000000001 64.220000000000013
decision_type=2 8 2 8 8 8 10 2 2 10 2 2 2 8 10 8
left_child=1 2 -1 -4 5 -3 -7 -2 9 -9 -10 -12 -13 -14 15 -15
right_child=7 4 3 -5 -6 6 -8 8 10 -11 11 12 13 14 -16 -17
leaf_value=-0.013052768793213598 -0.012881279655808694 0.048947278544436187 -0.0029556080944454621 0.03018993421833709 0.00050703360144577095 -0.037964738961720985 0.0095702150347749364 0.070772020473225478 -0.0051673666042891947 0.0051075587027348398 0.040988954133022865 -0.013722723438587893 0.01744667267424091 -0.044567620450903303 0.018944310014969108 -0.00017691067977885838
leaf_weight=556.65407455526292 73.116671819239855 45.058262262493372 707.73785541579127 50.699130909517407 14809.663422257639 19.332237467169762 131.37703210860491 24.765969537198544 214.05099571123719 32.20932099968195 50.921201441437006 75.595958702266216 321.78551842086017 22.433522168546915 82.123185062780976 150.96684996969998
leaf_count=3909 652 317 4960 311 99158 121 963 170 1354 202 295 510 1744 149 562 874
internal_value=0.000585484 0.000161138 -0.00585657 -0.000511468 0.000690753 0.0141437 0.00220469 0.00715392 0.00872905 0.0378221 0.00667977 0.0102965 0.00753711 0.0104381 0.0014063 -0.00726961
internal_weight=17368.5 16320.5 1315.09 758.437 15005.4 195.768 150.709 1047.97 974.853 56.9753 917.877 703.826 652.905 577.309 255.524 173.4
internal_count=116251 109739 9180 5271 100559 1401 1084 6512 5860 372 5488 4134 3839 3329 1585 1023
is_linear=0
shrinkage=0.0659825


Tree=173
num_leaves=17
num_cat=1
split_feature=24 24 17 7 16 4 7 24 21 7 7 24 24 16 21 3
split_gain=9.52992 23.6938 21.8941 18.2159 20.543 25.1133 24.0131 29.1732 21.0435 19.3986 19.0193 18.1045 38.7019 21.53 20.006 17.9668
threshold=0.25425213312990907 0.25716717250430648 51.705000000000005 36.500000000000007 73.670000000000016 1.0000000180025095e-35 10.500000000000002 0.40263694267515932 1018.35 6.5000000000000009 3.5000000000000004 0.18077932927556992 0.1705748568739707 38.930000000000014 1028.6500000000003 0
decision_type=8 8 10 2 10 2 2 10 10 2 2 10 10 10 10 9
left_child=11 -2 15 4 8 6 7 -6 -4 -9 -7 12 -1 -14 -13 -3
right_child=1 2 3 -5 5 10 -8 9 -10 -11 -12 14 13 -15 -16 -17
leaf_value=-0.0007595078470303626 0.038075916367845422 -0.0071495674303151645 -0.0044932677608219415 0.018863906518652024 0.055988424342413301 -0.012475156645930225 -0.0036840492107613246 0.035105633688487667 0.010898946022667392 -0.024287436933616825 0.0072420763408418357 -0.0058495462748727172 -0.0031744660922287567 0.025713304171912133 0.017179927300548205 0.0046767545973322566
leaf_weight=5432.4270576592535 71.210458517074585 1788.3589548040181 1881.7039547413588 328.50613040290773 127.6555889621377 239.64462340995669 88.249066924676299 41.793355919420719 480.13645267486572 41.707460381090641 1605.1833829116076 3733.6810164954513 154.8369915317744 391.01800987496972 165.82899515517056 799.01063890568912
leaf_count=41998 487 11019 11793 1920 708 1309 558 228 3307 191 8852 24801 1120 2576 1275 4307
internal_value=-4.72672e-06 0.00176889 0.00138882 0.00400878 0.00290119 0.00756721 0.0250958 0.0368841 -0.00134371 0.00581392 0.00464734 -0.00135044 0.000931215 0.0175758 -0.0048443 -0.00350452
internal_weight=17371 7493.16 7421.95 4834.58 4506.07 2144.23 299.405 211.156 2361.84 83.5008 1844.83 9877.79 5978.28 545.855 3899.51 2587.37
internal_count=116449 44679 44192 28866 26946 11846 1685 1127 15100 419 10161 71770 45694 3696 26076 15326
cat_boundaries=0 2
cat_threshold=1542 8
is_linear=0
shrinkage=0.0659825


Tree=174
num_leaves=17
num_cat=1
split_feature=16 7 23 3 16 23 16 21 4 7 4 21 4 16 21 16
split_gain=9.66324 15.814 12.9004 10.0567 11.3799 11.2492 10.0279 12.9431 15.5792 10.9262 20.1151 14.5579 14.2457 15.6242 15.3061 13.2385
threshold=34.430000000000007 1.0000000180025095e-35 0.090737098000203575 0 33.440000000000005 0.1592004772961578 87.440000000000012 1016.2500000000001 3.5000000000000004 23.500000000000004 2.5000000000000004 1032.8500000000001 3.5000000000000004 50.540000000000006 1015.0500000000001 44.330000000000005
decision_type=10 2 2 9 8 2 10 10 2 2 2 10 2 10 10 10
left_child=3 -2 -3 4 -1 -6 9 8 -8 -4 11 -11 13 -12 -15 -14
right_child=1 2 6 -5 5 -7 7 -9 -10 10 12 -13 15 14 -16 -17
leaf_value=-0.0038270482101775741 -0.019250394238813345 -0.022443424774310099 -0.0014832737419458594 0.0091283671258327419 0.041412924574262315 0.0042184414111812903 0.029311977617871098 -0.0012941049045119208 0.0032820147815081596 -0.0040445679676589215 0.0016620964566225341 0.021422101255822102 0.013512655339959986 0.0066141099466346604 0.031684616059257181 -7.0513496362531705e-05
leaf_weight=763.8517490029335 182.8342876303941 104.93234956264496 9977.5320436609909 1012.8858668226749 43.271030949428678 130.22304506599903 184.45361153781414 384.80997804924846 214.48655729368329 1771.9293868169188 271.55186824314296 97.24047426879406 403.36786057800055 180.92976504005492 264.39868316985667 1315.8413818720728
leaf_count=6056 1385 1222 65248 7052 328 762 842 2355 1096 12715 1857 506 2934 1046 1667 8915
internal_value=0.000270318 -0.000286055 -4.96853e-05 0.00463761 -0.000336523 0.0146117 0.000115512 0.00735211 0.0155835 -0.000284627 0.00249139 -0.00265278 0.00643511 0.0142091 0.0217312 0.0031538
internal_weight=17304.5 15354.3 15171.5 1950.23 937.346 173.494 15066.5 783.75 398.94 14282.8 4305.26 1869.17 2436.09 716.88 445.328 1719.21
internal_count=115986 101788 100403 14198 7146 1090 99181 4293 1938 94888 29640 13221 16419 4570 2713 11849
cat_boundaries=0 1
cat_threshold=268439042
is_linear=0
shrinkage=0.0659825


Tree=175
num_leaves=17
num_cat=4
split_feature=2 16 4 21 21 4 2 7 7 11 16 7 2 5 2 4
split_gain=22.0346 13.4615 11.0915 13.9942 14.2111 11.6402 9.91696 9.0577 10.6293 14.5928 12.5795 18.385 13.4191 12.0819 11.6257 12.581
threshold=0 83.300000000000011 3.5000000000000004 1015.9500000000002 1012.7500000000001 5.5000000000000009 1 47.500000000000007 15.500000000000002 10.500000000000002 71.780000000000015 19.500000000000004 2 8.5000000000000018 3 5.5000000000000009
decision_type=9 8 2 8 10 2 9 2 2 10 10 2 9 2 9 2
left_child=1 7 3 4 -3 -4 -2 8 -1 10 11 -10 -12 -13 -15 -16
right_child=6 2 5 -5 -6 -7 -8 -9 9 -11 12 13 -14 14 15 -17
leaf_value=-0.00025362148269092498 -0.0092817107511667853 0.016325239687076384 -0.0096959989095616317 0.0065387932904118354 0.054097556753293141 0.019875583647035688 -0.0012150169551838651 -0.021944185498793005 0.020665716282457194 0.025336411503720378 0.018109316747649918 -0.010226917650300517 -0.0067982284139122559 -0.0013712401869838665 0.0082075177317970718 0.033372294303375641
leaf_weight=3057.4530751928687 693.96052932552993 119.85888292267919 154.72909857705235 201.46222183853388 70.18592344969511 84.322253428399563 10362.382387328893 61.112075453624129 347.07951750233769 145.44825803209096 94.987629804760218 219.01029638387263 615.72119488753378 507.02695877104998 640.12198235467076 95.408024244010448
leaf_count=21321 4171 563 877 1201 316 463 69684 530 2103 764 555 2742 3830 3072 4021 647
internal_value=4.99545e-05 0.00312203 0.0122343 0.0189856 0.0315524 0.000975447 -0.0017342 0.00212179 0.00240245 0.00544334 0.00423506 0.00715083 -0.00318277 0.00386716 0.00639007 0.0115692
internal_weight=17470.3 6413.93 630.558 391.507 190.045 239.051 11056.3 5783.37 5722.26 2664.8 2519.36 1808.65 710.709 1461.57 1242.56 735.53
internal_count=116860 43005 3420 2080 879 1340 73855 39585 39055 17734 16970 12585 4385 10482 7740 4668
cat_boundaries=0 4 8 12 16
cat_threshold=537398694 528515083 321004164 78 134258688 16 2222982152 16 0 8388608 268566656 8 537396256 276856833 270532736 8
is_linear=0
shrinkage=0.0659825


Tree=176
num_leaves=17
num_cat=2
split_feature=18 6 5 16 7 7 16 0 22 8 0 7 24 16 5 24
split_gain=11.8072 18.6518 13.4884 13.619 13.5287 13.1747 18.4439 12.9836 10.3166 9.93995 12.2453 10.5235 13.8419 12.703 11.7284 11.1529
threshold=17.83709 1405.5000000000002 16.500000000000004 62.780000000000008 2.5000000000000004 27.500000000000004 39.560000000000009 0 0.16579330881741997 14.500000000000002 1 5.5000000000000009 0.097892635314995577 31.460000000000004 6.5000000000000009 0.31966011042098003
decision_type=10 2 2 10 2 2 10 9 2 2 9 2 10 8 2 10
left_child=9 2 4 5 -2 6 7 -4 -8 10 -1 12 13 -11 -13 -14
right_child=1 -3 3 -5 -6 -7 8 -9 -10 11 -12 14 15 -15 -16 -17
leaf_value=0.00045889113377658297 -0.011807829446025849 -0.0058823460236808334 -0.0083054871530839451 -0.0032331677390350878 0.0070339794523355129 0.0035492211176075148 0.010376978131964511 0.025811822734390182 0.058447489072546342 -0.016019359312641528 -0.0098262100490843357 -0.010178407755013627 -0.00094856234918185955 0.025177827688198255 -0.00015720969965494222 0.0083955399899807107
leaf_weight=1008.6955810599029 193.1306722201407 550.88528369367123 66.42145162820816 121.76197675522417 991.75302845239639 130.72578721307218 28.021252945065498 134.08633720129728 92.855986323207617 34.175178976729512 996.55672174505889 529.88319501653314 1521.6989718712866 203.10727380216122 9857.3482994120568 869.18978413939476
leaf_count=6414 1421 3500 322 595 6071 709 158 730 467 390 7548 6847 10612 1584 63939 5078
internal_value=0.000279003 0.00466442 0.00797705 0.0162274 0.00391704 0.0214411 0.0285124 0.0154471 0.0483612 -0.000396976 -0.00471374 0.000270038 0.00399479 0.0189857 -0.000674229 0.00246144
internal_weight=17330.3 2309.64 1758.76 573.873 1184.88 452.111 321.385 200.508 120.877 15020.7 2005.25 13015.4 2628.17 237.282 10387.2 2390.89
internal_count=116385 13973 10473 2981 7492 2386 1677 1052 625 102412 13962 88450 17664 1974 70786 15690
cat_boundaries=0 1 2
cat_threshold=2056 25225
is_linear=0
shrinkage=0.0659825


Tree=177
num_leaves=17
num_cat=8
split_feature=2 2 17 0 1 17 2 23 11 2 8 18 7 0 2 18
split_gain=25.6046 11.3459 9.97799 9.6575 12.1402 24.2265 16.1275 16.3274 15.4022 11.0457 9.75106 9.23106 11.8939 8.2182 11.5604 7.91478
threshold=0 1 78.860000000000014 2 3 67.470000000000013 4 0.1764840204624808 36.500000000000007 5 18.500000000000004 8.6308500000000006 32.500000000000007 6 7 25.892550000000004
decision_type=9 9 10 9 1 8 9 2 8 9 2 10 2 9 9 10
left_child=13 2 -2 4 5 8 11 -8 -3 -5 -7 12 -6 14 -1 -11
right_child=1 3 -4 9 6 10 7 -9 -10 15 -12 -13 -14 -15 -16 -17
leaf_value=0.0023227444474200414 -0.010735971238898311 0.017649749810281369 0.0033160840714856294 0.0088876877387268332 0.015041500656573722 -0.018916822477617241 -0.0022085608464923446 -0.016269226601049003 -0.023050932060504112 -0.00047200427030298766 0.011091720633915768 0.000161429704372497 -0.021473275884625623 0.0030983421147566452 0.018119952296341071 0.015132824761015287
leaf_weight=399.6705230679363 939.20891395024955 39.89560915902257 283.46669186279178 616.17229703627527 384.71202995628119 53.716680273413658 1409.0257237479091 477.67426151409745 450.08584489114583 7601.3052072832361 217.83552329801023 1139.1308458279818 37.632301989942789 2710.4470119150355 422.40287732332945 137.94507305137813
leaf_count=2153 6231 265 1701 4023 3546 444 11894 3327 3418 47163 1578 8931 440 17928 2398 729
internal_value=-0.00010642 -0.00139136 -0.00741747 -0.000796162 -0.00336699 -0.0108799 -0.00170084 -0.00577983 -0.0195566 0.000503118 0.00486381 0.00324727 0.0115224 0.00489257 0.0106336 -0.000181651
internal_weight=17320.3 13787.8 1222.68 12565.1 4209.71 761.534 3448.18 1886.7 489.981 8355.42 271.552 1561.48 422.344 3532.52 822.073 7739.25
internal_count=116169 93690 7932 85758 33843 5705 28138 15221 3683 51915 2022 12917 3986 22479 4551 47892
cat_boundaries=0 4 8 9 10 13 17 18 21
cat_threshold=671121474 763398226 371982788 48 2150178944 2147558144 1082130434 66 61458 1 1082131472 306185216 135266816 0 131072 16777216 1 4194 64 629147664 2097156
is_linear=0
shrinkage=0.0659825


Tree=178
num_leaves=17
num_cat=6
split_feature=2 5 2 24 17 22 1 2 24 2 17 21 20 1 24 20
split_gain=12.8997 11.0549 15.981 10.8137 10.7321 10.3293 9.41065 9.21445 9.52867 8.96222 10.5422 10.3096 10.0127 8.85926 15.1197 13.3883
threshold=0 7.5000000000000009 1 0.27339528717230344 71.055000000000021 0.12123930814426366 2 3 0.13179607434427656 4 81.455000000000013 1034.1500000000003 7.5000000000000009 5 0.46091776270459806 3.5000000000000004
decision_type=9 2 9 10 10 2 1 9 10 9 10 8 10 1 8 8
left_child=-1 2 6 -4 -5 7 -2 8 -3 10 11 -7 -12 15 -15 -11
right_child=1 5 3 4 -6 9 -8 -9 -10 13 12 -13 -14 14 -16 -17
leaf_value=-0.0027180939566955557 -0.022964203134909475 0.025919920147201275 -0.0042499385033187721 0.039212899120519847 0.0048674810729622221 0.0048072921711928493 -0.0059739636692384543 -0.010423190368605374 -0.010234615777256255 -0.017052369454922431 0.0054823862481218196 -0.0139410981106042 0.024328183402116534 -0.00094573933008417117 0.01036572101603366 0.0063530967300120039
leaf_weight=4631.6538714161143 202.39292157813907 65.15743706561625 203.12808406539261 59.129786726087332 105.86113945394754 2166.2418045755476 465.5307532120496 479.49507904052734 52.406036231666803 106.70348569378257 269.63173574209213 129.69935077801347 226.6407659035176 5754.119770962745 558.68527259491384 1920.4302366673946
leaf_count=29200 3213 634 2923 657 1068 14180 5863 4360 457 535 1426 725 1190 34070 2928 13173
internal_value=0.00025908 0.00134118 -0.0051715 0.00577419 0.0181575 0.00192003 -0.0111224 -0.00649212 0.00934526 0.00237459 0.00559977 0.00371324 0.0142844 0.00128317 6.45837e-05 0.0050725
internal_weight=17396.9 12765.3 1036.04 368.119 164.991 11729.2 667.924 597.059 117.563 11132.2 2792.21 2295.94 496.273 8339.94 6312.81 2027.13
internal_count=116602 87402 13724 4648 1725 73678 9076 5451 1091 68227 17521 14905 2616 50706 36998 13708
cat_boundaries=0 4 8 9 13 17 18
cat_threshold=671160225 2242389569 1610845444 132 1409286160 306380808 58720336 9 4 293601280 33556480 0 8 2166882320 402850048 2164801544 64 4
is_linear=0
shrinkage=0.0659825


Tree=179
num_leaves=17
num_cat=4
split_feature=2 21 2 13 2 17 17 9 2 4 21 9 21 8 8 6
split_gain=14.8378 15.2294 28.7616 15.0025 14.9491 14.9156 14.7026 11.7217 12.4968 9.51343 20.934 18.7222 10.9104 10.5643 13.0134 9.28597
threshold=0 1029.0500000000002 1 224.50000000000003 2 83.740000000000023 62.795000000000009 38.500000000000007 3 5.5000000000000009 1011.7500000000001 36.500000000000007 1018.4500000000002 30.500000000000004 34.500000000000007 869.00000000000011
decision_type=9 8 9 8 9 10 8 2 9 2 10 2 10 2 2 2
left_child=6 3 -3 15 9 -6 -1 8 -7 13 -11 12 -12 -5 -15 -2
right_child=1 2 -4 4 5 7 -8 -9 -10 10 11 -13 -14 14 -16 -17
leaf_value=-0.0060666530766697695 0.04042662274646202 0.0055668396842892334 -0.0096311979503145486 0.0041526234094998535 -0.00012933445222040383 -0.0065852768098952612 0.0015686914238383113 0.021992587554813182 0.013344578213790351 -0.0074864492085266587 0.031591546202674146 0.060308220435257416 0.0034964116280514945 0.052827266221718946 -0.0031859304233010878 -0.0009982279197452502
leaf_weight=2538.1058206520975 67.16463247127831 914.64287891983986 1289.0613108668476 2539.1446008253843 6792.6014446951449 245.85950253903866 1927.7929235901684 226.11841615661979 275.3763731457293 117.4682544246316 107.71460296958685 48.533057026565075 131.25734479725361 36.927024610340595 29.884576510637999 34.258574239909649
leaf_count=17288 392 5738 8361 17005 47083 1559 11775 1466 1825 770 761 307 993 379 354 187
internal_value=0.000503594 0.00164137 -0.00334377 0.00267557 0.00242399 0.000846521 -0.00276693 0.00965474 0.00410543 0.00634055 0.0157054 0.0251387 0.0166421 0.00487543 0.0296422 0.0271879
internal_weight=17321.9 12856 2203.7 10652.3 10550.9 7539.96 4465.9 747.354 521.236 3010.93 404.973 287.505 238.972 2605.96 66.8116 101.423
internal_count=116243 87180 14099 73081 72502 51933 29063 4850 3384 20569 2831 2061 1754 17738 733 579
cat_boundaries=0 4 8 12 16
cat_threshold=2535745666 2232426864 70369800 56 1611203632 272662528 2432959824 1 142704673 143229443 168296870 128 4199424 270665736 285343744 4
is_linear=0
shrinkage=0.0659825


Tree=180
num_leaves=17
num_cat=4
split_feature=13 16 21 15 23 3 16 21 21 21 0 1 17 21 0 13
split_gain=13.1153 11.1051 11.7755 21.5355 15.1555 12.8988 10.9092 10.5669 13.5946 10.7529 9.91307 9.71213 9.35224 8.04089 7.86095 16.1592
threshold=876.00000000000011 82.220000000000013 1010.4500000000002 175.00000000000003 0.22831825588035756 0 90.500000000000014 1012.5500000000001 1014.9500000000002 1010.9500000000002 1 2 61.315000000000005 1011.4500000000002 3 175.50000000000003
decision_type=10 10 8 8 2 9 10 10 10 10 9 1 10 8 9 8
left_child=1 14 3 6 7 -6 12 9 -9 -4 -10 -5 -3 -7 -1 -16
right_child=-2 2 4 11 5 13 -8 8 10 -11 -12 -13 -14 -15 15 -17
leaf_value=-0.0032994231307397724 0.039211159139152248 0.042823013983770378 0.0088668713824406106 0.014932698439071924 0.0085592590474869723 -0.029651281276597257 -0.001491147795001805 0.032814738084953478 -0.0094610028800572177 -0.026325554163577569 0.013351274054429622 -0.012130471668387025 0.0047859615064476035 -0.0062618024179684362 0.050519723385101807 -6.1146595007343431e-05
leaf_weight=4129.4811641611159 30.512479849159718 138.96088821068406 82.550045907497406 93.996397338807583 245.27571748569608 66.878272730857134 42.961114469915628 116.74071956425905 102.0835599116981 60.185648702085018 293.19662694260478 129.91230253130198 37.016338769346476 571.05482116341591 21.320726007223129 11207.271344641224
leaf_count=34416 154 671 408 463 1300 299 196 649 846 320 1790 613 187 3111 182 70864
internal_value=-0.000160668 -0.000244047 0.00439772 0.0137991 0.00164581 -0.00398527 0.0282074 0.00920753 0.0135986 -0.0064538 0.00750123 -0.000672495 0.0352603 -0.00884031 -0.000844265 6.2869e-05
internal_weight=17369.4 17338.9 1980.81 442.847 1537.97 883.209 218.938 654.757 512.021 142.736 395.28 223.909 175.977 637.933 15358.1 11228.6
internal_count=116469 116315 10853 2130 8723 4710 1054 4013 3285 728 2636 1076 858 3410 105462 71046
cat_boundaries=0 1 2 3 4
cat_threshold=1026 4098 4 12626
is_linear=0
shrinkage=0.0659825


Tree=181
num_leaves=17
num_cat=5
split_feature=2 16 22 18 1 2 21 2 4 13 2 24 24 18 6 16
split_gain=20.6915 11.6446 15.6085 10.8797 10.7272 14.464 10.7255 9.94846 10.3028 9.82245 9.77927 11.8679 8.5812 10.2129 14.5725 8.54426
threshold=0 43.520000000000003 0.34456464305406337 10.932410000000003 1 2 1023.1500000000002 3 2.5000000000000004 314.50000000000006 4 0.17917192295381373 0.10124883286647994 5.1785100000000002 542.50000000000011 91.670000000000016
decision_type=9 8 2 10 1 9 8 9 2 10 9 8 10 8 2 10
left_child=1 3 4 10 9 6 -6 -5 -9 -3 11 -1 -7 14 -14 -15
right_child=-2 2 -4 7 5 12 -8 8 -10 -11 -12 -13 13 15 -16 -17
leaf_value=-0.030257899852879796 -0.00097837476738137324 -0.0097568834853061729 0.0125548178944419 0.0041449620870082082 -0.015416685993765587 -0.0074725968528347158 0.01047483944279517 0.0096270227963138871 0.032432602878910088 0.011473626317401788 0.010657731438948048 0.0038348595971375819 -0.010103977053560096 0.0054344915005286008 0.048366387933296014 0.038018845736555021
leaf_weight=66.05175812356174 13465.63426633738 623.30799381062388 523.03157536312938 218.4265451990068 262.02424397692084 162.65231204591691 89.131852980703115 152.98300945945084 215.30280761793256 106.29517995193601 245.67758466117084 112.32074797898531 24.201847314834595 962.45261554047465 53.470847684890032 30.385030306875706
leaf_count=580 91859 4018 2702 1353 1567 1399 564 1039 1371 542 1674 729 181 6024 432 163
internal_value=0.000242025 0.00449852 0.00233276 0.0105698 -5.3756e-06 0.00304217 -0.00853771 0.0163435 0.0226725 -0.00659271 0.00246025 -0.00890397 0.00638344 0.00857913 0.0307516 0.00666313
internal_weight=17313.4 3847.72 2836.95 1010.76 2313.92 1584.32 351.156 586.712 368.286 729.603 424.05 178.373 1233.16 1070.51 77.6727 992.838
internal_count=116197 24338 17592 6746 14890 10330 2131 3763 2410 4560 2983 1309 8199 6800 613 6187
cat_boundaries=0 4 5 8 12 16
cat_threshold=2276004864 274202962 806569124 212 1 2625536 524288 213120 5120 268435472 196768 132 92340224 16 65696 64
is_linear=0
shrinkage=0.0659825


Tree=182
num_leaves=17
num_cat=5
split_feature=2 13 2 11 0 18 13 13 14 18 14 16 23 2 2 5
split_gain=16.8151 11.841 33.2104 20.1963 11.6494 10.3422 10.0693 10.0475 12.7304 9.17316 9.03053 8.9707 12.8074 13.9382 13.834 10.8222
threshold=0 481.50000000000006 1 38.500000000000007 2 1.0000000180025095e-35 720.50000000000011 198.50000000000003 12.500000000000002 14.384750000000002 19.500000000000004 35.330000000000005 0.16460702679238645 3 4 9.5000000000000018
decision_type=9 10 9 10 9 10 10 8 8 10 8 8 2 9 9 2
left_child=4 3 9 7 5 -1 -4 8 -2 -3 -6 12 14 -14 -9 -13
right_child=1 2 6 -5 10 -7 -8 11 -10 -11 -12 15 13 -15 -16 -17
leaf_value=-0.0184846542729806 0.05271979197319885 0.00033426209043730569 -0.023823681810862266 0.019387182334696534 -0.002367573125429988 0.0077412379386725804 -0.0011893355692839573 -0.0048709331679208006 -0.010565540324342928 0.023270463845087672 0.020707528165597573 -0.0061168331125384364 -0.010472398739502606 0.0052165378946930014 0.018232626402936276 -0.00082000542108426843
leaf_weight=61.793349798768759 27.182155072689056 269.45743174478412 416.99932204559445 208.34653914626688 1231.2321580480784 2091.6097252648324 108.1043824031949 154.99311342462897 20.592311155050993 99.551003403961658 72.292041769251227 2053.5579652134329 383.47158554941416 627.53744601458311 377.50989832729101 9107.2624624557793
leaf_count=451 174 1427 2222 1427 8193 13351 536 1623 114 530 560 22740 2776 4194 3298 52593
internal_value=-0.0001676 -0.00119541 -0.00851346 -0.000687617 0.00393842 0.00690542 -0.0188774 -0.00102493 0.0273739 0.00662961 -0.000987678 -0.00114512 0.00356018 -0.000813638 0.0117775 -0.00179748
internal_weight=17311.5 13854.6 894.112 12960.5 3456.93 2153.4 525.104 12752.1 47.7745 369.008 1303.52 12704.3 1543.51 1011.01 532.503 11160.8
internal_count=116209 93654 4715 88939 22555 13802 2758 87512 288 1957 8753 87224 11891 6970 4921 75333
cat_boundaries=0 4 7 8 11 14
cat_threshold=1076388614 67183648 1092649510 53 817891360 805437440 167788560 53922 541065248 306348041 42271040 281020416 131072 403177472
is_linear=0
shrinkage=0.0659825


Tree=183
num_leaves=17
num_cat=0
split_feature=7 16 24 24 24 15 21 24 7 18 22 21 8 15 9 21
split_gain=14.3922 8.2223 28.2136 14.4115 14.0228 8.87314 8.6036 9.98965 7.99261 9.5652 12.3553 7.49727 6.96228 6.51903 6.33576 8.6105
threshold=48.500000000000007 22.460000000000004 0.13535714285714287 0.1734136334091648 0.11755368814192345 87.500000000000014 1003.6500000000002 0.49369149369149373 9.5000000000000018 20.138650000000002 0.21625508911355432 1021.85 24.500000000000004 178.50000000000003 51.500000000000007 1014.9500000000002
decision_type=2 8 10 10 10 8 8 10 2 10 2 10 2 8 2 8
left_child=1 2 4 -4 -1 -5 7 8 12 10 -10 -7 -3 -9 -8 -16
right_child=-2 6 3 5 -6 11 14 13 9 -11 -12 -13 -14 -15 15 -17
leaf_value=0.0081307531803920842 -0.031617356759369698 0.031118790658991105 -0.032662105493132247 0.025728246535785211 0.077172595197585514 0.015680214751438069 -0.0004799970794775816 0.0053674440157858525 -0.017840771096847261 0.024722003550772559 0.013938258477708793 -0.014544510709739267 -0.0037424826280939767 -0.029494853196431938 0.016100255799342867 0.0006745297261291787
leaf_weight=22.174341697245836 55.69020926579833 121.39748256281018 39.105843558907509 73.49852878972888 30.437593471258879 55.271016117185354 15832.994668597355 44.970839388668537 100.68481580913067 74.942747446708381 99.983985424041748 79.139841392636299 29.446684800088406 38.970464870333672 232.6397900711745 464.36788231506944
leaf_count=187 522 596 286 392 227 361 107044 269 560 409 500 655 145 246 1280 2911
internal_value=0.000133172 0.00024649 0.0109689 0.00115735 0.0520239 0.00828546 5.4005e-05 0.00843881 0.0125227 0.00560591 -0.00206397 -0.00197145 0.0244352 -0.0117393 -0.000207982 0.00592042
internal_weight=17395.7 17340 299.627 247.015 52.6119 207.909 17040.4 510.397 426.456 275.612 200.669 134.411 150.844 83.9413 16530 697.008
internal_count=116590 116068 2108 1694 414 1408 113960 2725 2210 1469 1060 1016 741 515 111235 4191
is_linear=0
shrinkage=0.0659825


Tree=184
num_leaves=17
num_cat=6
split_feature=2 16 21 2 2 24 8 2 16 0 2 16 16 8 5 21
split_gain=27.8833 12.5837 15.7783 13.2445 10.7743 12.4731 10.4606 10.3504 9.2377 16.716 12.6272 12.6467 11.8263 11.2062 10.3417 19.3225
threshold=0 82.220000000000013 1010.2500000000001 1 2 0.58922321809645772 3.5000000000000004 3 44.780000000000008 4 5 38.390000000000008 50.540000000000006 15.500000000000002 14.500000000000002 1011.1500000000002
decision_type=9 10 8 9 9 8 2 9 10 9 9 8 10 2 2 10
left_child=1 4 -3 -4 5 -1 -2 8 9 -8 -11 -12 13 -10 -14 -16
right_child=6 2 3 -5 -6 -7 7 -9 12 10 11 -13 14 -15 15 -17
leaf_value=0.00075173695408889125 -0.024002836368828967 0.028031079892457022 -0.0055846214709937437 0.012829942936638734 0.0059244138726764987 -0.029429251264608196 -0.0045315600512920058 -0.004759996953709756 0.0083131617446197716 -0.0025137359094082748 0.0061756824305922459 0.022441554201883585 -0.0041757834440396442 -0.014850796496378967 0.011139028120323267 -0.0018559812801906676
leaf_weight=4035.5835380218923 86.811748219653964 176.74341431632638 259.0440878123045 448.76232177391648 2324.2498219786212 54.264299966394901 700.89170396514237 3337.1587319280952 107.61859293282032 347.72325550578535 554.38288243301213 333.92219164967537 1888.6332691982388 478.63122383877635 737.89130465686321 1502.8217912334949
leaf_count=27543 777 848 1434 2409 15557 359 5924 21696 801 2413 3629 2190 15815 3369 3544 8250
internal_value=0.00027263 0.00337417 0.0107297 0.00620212 0.00235559 0.000306287 -0.00197598 -0.00177166 -0.000261998 0.00356711 0.00813019 0.012267 -0.00183799 -0.0105558 -0.000586239 0.00244248
internal_weight=17375.1 7298.65 884.55 707.806 6414.1 4089.85 10076.5 9989.67 6652.52 1936.92 1236.03 888.305 4715.6 586.25 4129.35 2240.71
internal_count=116558 48150 4691 3843 43459 27902 68408 67631 45935 14156 8232 5819 31779 4170 27609 11794
cat_boundaries=0 4 8 12 16 17 21
cat_threshold=2688557202 318833961 1118397718 49 4194304 301989888 82960 1 536870928 1289 1107296528 1 1437096961 3178498 940868296 10 21009 16778240 2129922 262656 2
is_linear=0
shrinkage=0.0659825


Tree=185
num_leaves=17
num_cat=5
split_feature=2 21 2 2 18 4 1 17 21 17 17 2 17 21 18 17
split_gain=19.8543 8.18611 21.0364 10.1482 9.76754 12.9016 16.2552 11.7927 12.6877 9.26778 8.87128 13.8393 11.7589 10.6718 8.06639 13.3003
threshold=0 1029.0500000000002 1 2 13.233970000000001 2.5000000000000004 3 93.495000000000019 1030.1500000000003 96.440000000000012 49.205000000000005 4 41.190000000000005 1021.9500000000002 13.233970000000001 63.555000000000007
decision_type=9 8 9 9 8 2 1 10 10 10 10 9 10 10 8 10
left_child=-1 3 14 10 5 6 -4 8 -8 -9 11 12 13 -2 -3 -16
right_child=1 2 4 -5 -6 -7 7 9 -10 -11 -12 -13 -14 -15 15 -17
leaf_value=0.0027229210558951263 0.032703921195126086 -0.0010386855104402314 0.014065935865566748 -0.0037262538301236479 -0.0026075665105130112 -0.022964303915037877 -0.031448699190452657 0.022778574245742006 0.014880490146021859 -0.019783328677428481 0.0030139331822358955 -0.0045783723931619343 -0.0058190595516039254 -0.0094430656367020561 0.045910547423135661 0.0053745089826815048
leaf_weight=6768.0463385488838 113.97326983511448 428.71129918843508 114.9867623578757 3536.3185658631846 409.83879752829671 424.89366847835481 152.89666276611388 48.182690411806107 26.842737123370171 31.754146490246058 3185.7741332538426 1778.035945923999 91.80192469060421 30.374338567256927 40.371286690235138 153.17630803585052
leaf_count=45700 711 2836 774 23560 2295 2994 882 288 205 192 21880 12351 635 210 268 815
internal_value=-6.36287e-05 -0.00184961 -0.00585436 -0.0010085 -0.0108555 -0.015165 -0.00608851 -0.0151338 -0.0242624 0.00566285 0.000847535 -0.00257352 0.0119467 0.0238113 0.00398622 0.0150005
internal_weight=17336 10567.9 1831.65 8736.28 1209.4 799.557 374.663 259.676 179.739 79.9368 5199.96 2014.19 236.15 144.348 622.259 193.548
internal_count=116596 70896 11549 59347 7630 5335 2341 1567 1087 480 35787 13907 1556 921 3919 1083
cat_boundaries=0 4 7 11 12 16
cat_threshold=9017394 159425354 262171664 5 67125248 812648480 2416247360 3124765760 304808992 1612349600 138 4 0 524288 1074397184 8
is_linear=0
shrinkage=0.0659825


Tree=186
num_leaves=17
num_cat=5
split_feature=2 2 0 19 13 11 21 2 13 11 2 23 23 21 14 22
split_gain=24.8865 12.3025 11.2449 10.2312 9.31009 12.2464 9.9081 12.8807 11.1029 12.6624 11.8182 10.2585 8.68605 8.44339 13.4476 8.60734
threshold=0 1 2 0.22500000000000003 665.50000000000011 11.500000000000002 1026.7500000000002 3 440.50000000000006 49.500000000000007 4 0.090737098000203575 0.11695997298802223 1032.4500000000003 13.500000000000002 0.14073572735126308
decision_type=9 9 9 8 10 10 10 9 10 10 9 2 2 8 10 2
left_child=-1 2 -2 4 6 -6 8 12 9 11 -10 -3 -8 -4 -15 -16
right_child=1 3 13 -5 5 -7 7 -9 10 -11 -12 -13 -14 14 15 -17
leaf_value=0.0040888656023350079 -0.017359943977109292 -0.023530434905170178 -0.0052923694799189213 -0.023391569681770877 0.0178032809617562 -0.025472687662331191 0.054802317319533771 -0.0021473145997285988 0.0049830031914286539 0.024499158219923645 -0.012519736409675504 -0.00032092597646136707 0.013122732244232766 -0.001345883420429165 -0.0067017854038939704 0.040489993911113478
leaf_weight=4785.0162766501307 284.17676808312535 77.591397427022457 2324.6417990718037 76.853067606687546 215.5665019415319 27.08171159029007 18.140810292214155 336.56410368531942 219.13003371283412 82.449147639796138 643.60161231830716 7530.0654459744692 323.15938504599035 289.23924232460558 20.646207358688116 57.91413283161819
leaf_count=30874 1825 864 14708 403 1111 133 220 2869 1172 629 3671 53161 2639 1585 139 325
internal_value=4.91706e-05 -0.00149726 -0.00518945 -0.000339609 -0.00013767 0.0124553 -0.0004769 0.00716479 -0.00108734 -0.000288237 -0.00815699 -0.000576749 0.0158276 -0.00380849 0.00540016 0.0285075
internal_weight=17311.8 12526.8 2976.62 9550.2 9473.35 242.648 9230.7 677.864 8552.84 7690.11 862.732 7607.66 341.3 2692.44 367.8 78.5603
internal_count=116328 85454 18582 66872 66469 1244 65225 5728 59497 54654 4843 54025 2859 16757 2049 464
cat_boundaries=0 4 8 9 12 15
cat_threshold=570963488 494928131 1922868288 114 201392339 5284384 69402792 129 10 1073741824 572719112 16793616 281020416 1024 134234640
is_linear=0
shrinkage=0.0659825


Tree=187
num_leaves=17
num_cat=1
split_feature=11 17 3 10 24 15 8 17 16 8 23 24 18 23 24 18
split_gain=9.59246 21.1798 14.5615 12.39 10.0094 9.73772 13.5611 11.7459 8.80423 8.35374 8.81184 8.11419 8.03876 7.5748 9.58174 8.54122
threshold=71.500000000000014 93.855000000000004 0 2.5000000000000004 0.31648284313725494 21.000000000000004 13.500000000000002 89.90000000000002 88.520000000000024 26.500000000000004 0.14235670986898577 0.18077932927556992 7.4800700000000004 0.25498122390743766 0.2028614707042935 10.932410000000003
decision_type=8 10 9 2 10 8 2 10 10 2 2 8 10 2 10 8
left_child=1 2 5 -2 11 7 -7 13 9 10 -8 -4 -11 14 -1 -15
right_child=3 -3 4 -5 -6 6 8 -9 -10 12 -12 -13 -14 15 -16 -17
leaf_value=-0.020275760693730736 0.001078658236283656 0.024908590340831326 0.0035531917957148038 0.033317839729956271 0.0094400333032752751 -0.017554845000902913 0.029609618762359177 0.017819167556632813 0.016444345600979422 -0.017727298629406873 -0.0049926550730579411 -0.006789384557174873 0.018297918884146502 -0.0091189093852510755 -0.0015587231857599349 -0.041391651870567626
leaf_weight=232.59913721494377 12537.093392342329 115.45664255321026 681.12583511322737 45.878778366371989 506.98327502608299 265.22960936650634 26.557182442396879 45.272767402231693 102.79322654381394 28.393496625125408 1581.0367768444121 629.8514054864645 128.7408778835088 66.630549672991037 239.71793613955379 83.542642079293728
leaf_count=1798 88741 566 4388 424 2548 1594 210 211 554 145 8730 3411 644 391 1422 498
internal_value=0.000260187 -0.00226983 -0.00298197 0.00121268 0.00161844 -0.00594987 -0.00377289 -0.0128917 -0.00176356 -0.0028784 -0.00430866 -0.00142447 0.0113595 -0.0152801 -0.0109205 -0.0280083
internal_weight=17316.9 4733.93 4618.47 12583 1817.96 2800.51 2132.75 667.763 1867.52 1764.73 1607.59 1310.98 157.134 622.49 472.317 150.173
internal_count=116275 27110 26544 89165 10347 16197 11877 4320 10283 9729 8940 7799 789 4109 3220 889
cat_boundaries=0 2
cat_threshold=134360064 8
is_linear=0
shrinkage=0.0659825


Tree=188
num_leaves=17
num_cat=2
split_feature=19 20 5 19 13 3 11 5 16 14 13 11 13 0 13 11
split_gain=9.49027 12.8646 11.4416 15.5664 8.66735 27.081 12.6783 9.08821 8.6198 8.0918 7.31706 18.9668 17.2521 12.6601 10.985 10.7722
threshold=0.075000000000000025 4.5000000000000009 17.500000000000004 0.25500000000000006 235.50000000000003 0 25.500000000000004 11.500000000000002 45.860000000000007 11.500000000000002 479.50000000000006 37.500000000000007 585.50000000000011 1 665.50000000000011 7.5000000000000009
decision_type=10 10 2 10 8 9 10 2 10 8 10 10 10 9 10 10
left_child=4 2 3 8 5 6 7 9 -2 -1 -6 13 -13 15 -15 -12
right_child=1 -3 -4 -5 10 -7 -8 -9 -10 -11 11 12 -14 14 -16 -17
leaf_value=-0.0029986300058431814 0.0072243940603322933 0.020990156553967292 0.024327739556356854 0.028003287771302818 -0.00056684227104980371 0.045378775918307211 0.034217416604754476 0.0033443214243739244 -0.02740869012688044 -0.042409103587061472 0.015045835002673673 -0.0087621112215777418 -0.066808323710010387 -0.012014213748280163 0.0040680974378723847 -0.019964456499636647
leaf_weight=51.491781339049339 39.667044304311275 202.18518843501806 51.342196295037866 33.618962191045284 15261.63818362169 56.056904947385192 37.734693815931678 234.38309103250504 110.76718597486615 35.806614451110363 220.88775967806578 54.30594290420413 34.414203315973282 621.51256550475955 258.44576351344585 40.391895435750484
leaf_count=324 234 1028 271 165 105299 344 304 1264 574 184 1161 276 179 3485 1321 182
internal_value=-0.000474294 0.00905043 -0.00148225 -0.00924412 -0.000724059 0.00861733 0.000939957 -0.00351228 -0.0183526 -0.0209155 -0.00096257 -0.00584519 -0.0341908 -0.00346751 -0.00721402 0.00895892
internal_weight=17344.6 437.581 235.395 184.053 16907.1 415.473 359.416 321.681 150.434 87.2984 16491.6 1229.96 88.7201 1141.24 879.958 261.28
internal_count=116595 2272 1244 973 114323 2420 2076 1772 808 508 111903 6604 455 6149 4806 1343
cat_boundaries=0 1 2
cat_threshold=131584 4641
is_linear=0
shrinkage=0.0659825


Tree=189
num_leaves=17
num_cat=6
split_feature=2 4 2 2 8 16 23 23 8 2 17 2 19 2 13 16
split_gain=20.8312 10.6858 25.9264 12.3747 11.4264 9.82973 10.5538 8.13583 10.1472 10.5016 9.68016 14.7738 8.94927 10.0726 9.91692 8.34931
threshold=0 1.0000000180025095e-35 1 2 14.500000000000002 23.540000000000003 0.17905275664845674 0.17183328958511324 24.500000000000004 3 37.315000000000005 4 0.055000000000000007 5 313.50000000000006 93.560000000000016
decision_type=9 2 9 9 2 10 2 2 2 9 8 9 10 9 8 8
left_child=-1 2 -2 5 -4 -3 -7 10 15 -10 11 -5 13 -12 -15 -9
right_child=1 3 4 7 -6 6 -8 8 9 -11 12 -13 -14 14 -16 -17
leaf_value=-0.0050936020094685961 0.012096193902882151 0.019827501137976929 -0.022886552788889618 -0.026622555813694371 -1.4846225319356926e-05 -0.0024743044550955638 0.0040154970820482448 -0.0050042633147799349 -0.0083531047096122753 0.0052841689482215678 0.0099784197477740377 0.0036876038698100294 -0.018654015694357484 0.038557323720126838 -0.0037828397640168425 0.017339505025858928
leaf_weight=2812.4022611593828 1141.0170271936804 135.44079533964396 100.25066273286939 101.85430788621306 888.62136975489557 1505.8139715753496 3920.351350880228 3731.28075802885 306.38083923794329 1027.649610105902 862.70503306388855 168.71071626618505 62.794276528060436 19.086800031363964 486.97434232011437 68.28415409475565
leaf_count=18196 7774 941 689 916 6004 12416 24668 22912 2043 6677 7090 1303 337 132 4126 345
internal_value=8.74312e-05 0.00109496 0.00540596 0.000352859 -0.00243813 0.00265967 0.00221374 -0.00152635 -0.00283862 0.00210493 0.00241843 -0.00889442 0.0045859 0.00573195 -0.00170214 -0.00457492
internal_weight=17339.6 14527.2 2129.89 12397.3 988.872 5561.61 5426.17 6835.72 5133.6 1334.03 1702.13 270.565 1431.56 1368.77 506.061 3799.56
internal_count=116569 98373 14467 83906 6693 38025 37084 45881 31977 8720 13904 2219 11685 11348 4258 23257
cat_boundaries=0 4 7 11 14 17 20
cat_threshold=8454849 2358772304 69536834 181 1227374640 811795465 33735424 675609618 574654466 3112738956 72 1073741860 268435720 1064992 1073741824 196609 512 1342177280 131328 34619920
is_linear=0
shrinkage=0.0659825


Tree=190
num_leaves=17
num_cat=0
split_feature=14 4 8 7 6 6 4 19 17 4 5 11 7 4 23 7
split_gain=10.6064 10.5483 13.4652 10.8863 22.732 21.1704 11.9606 10.3289 10.6235 18.2654 26.591 10.3466 18.6876 13.5576 10.1025 11.6658
threshold=16.500000000000004 3.5000000000000004 3.5000000000000004 45.500000000000007 745.50000000000011 715.00000000000011 1.0000000180025095e-35 0.03500000000000001 84.335000000000022 5.5000000000000009 13.500000000000002 -8.4999999999999982 17.500000000000004 5.5000000000000009 0.35484094818399609 38.500000000000007
decision_type=10 2 2 2 2 2 2 8 10 2 2 10 2 2 2 2
left_child=1 2 -1 -4 5 -5 -6 8 11 -10 -11 14 13 -13 -3 -16
right_child=-2 7 3 4 6 -7 -8 -9 9 10 -12 12 -14 -15 15 -17
leaf_value=-0.030852516365149078 0.0042699328533632383 -0.0026816997282862079 0.00048753073739512181 0.019262653730419899 -0.040664537178873132 0.089459559597186711 0.0059755400521469323 -0.016406458320866048 -0.0021055545344569283 -0.009979847734923445 0.036620326971985924 -0.020732146554181329 0.0010712512878624408 -0.0023140037891039955 0.014956117845943409 -0.015963250865505402
leaf_weight=52.389781031757593 2082.6729394644499 3403.9818740878254 8841.2318604392931 89.760051023215055 24.132535811513662 19.427118625491858 107.67600842937827 230.4397009536624 476.78500514104962 78.609616044908762 145.99548084288836 533.76406923495233 543.45040355436504 259.25111706368625 275.14907145500183 60.077301792800426
leaf_count=504 15465 25085 57940 630 236 115 703 1135 2988 703 684 3159 3186 1540 1556 405
internal_value=-0.000137719 -0.000745465 0.000666871 0.000869762 0.0145259 0.0359167 -0.00401694 -0.00289143 -0.0023352 0.00524453 0.020482 -0.00338778 -0.00835701 -0.014776 -0.0016007 0.00922432
internal_weight=17224.8 15142.1 9134.62 9082.23 240.996 109.187 131.809 6007.5 5777.06 701.39 224.605 5075.67 1336.47 793.015 3739.21 335.226
internal_count=116034 100569 60128 59624 1684 745 939 40441 39306 4375 1387 34931 7885 4699 27046 1961
is_linear=0
shrinkage=0.0659825


Tree=191
num_leaves=17
num_cat=1
split_feature=22 23 17 20 8 14 22 13 23 20 24 3 20 14 24 20
split_gain=9.44499 10.3649 9.66849 19.8457 11.3204 10.1601 11.2322 9.247 8.86364 12.2628 9.48955 8.7254 8.59721 14.4742 14.0466 8.79418
threshold=0.12837455973295778 0.084824881992419374 89.90000000000002 5.5000000000000009 7.5000000000000009 22.500000000000004 0.19578671786617688 409.50000000000006 0.35432241783541402 2.2500000000000004 0.27339528717230344 0 9.5000000000000018 4.5000000000000009 0.11778579356270812 4.5000000000000009
decision_type=2 2 10 10 2 10 2 10 2 10 10 9 10 10 8 10
left_child=-1 -2 4 5 -3 6 -4 -5 9 10 -8 -11 13 -6 15 -15
right_child=1 2 3 7 12 -7 8 -9 -10 11 -12 -13 -14 14 -16 -17
leaf_value=-0.0061220444140732272 -0.028141432162851886 -0.012149802013583759 -0.011385286108830456 0.01216448316882641 -0.01464392938406919 0.030003014346088264 0.028733346502753117 0.03699529912447546 -0.017725770323018988 0.010781247581083833 0.00016993469879833975 -0.013982587000650203 0.0012252006180626365 0.040772400462843812 -0.0030098428398666541 0.0072102445975618101
leaf_weight=902.77657992579043 47.504343129694462 300.80296366848052 320.24273319542408 474.63534360006452 399.67097584530711 39.751746028661728 137.42045968770981 72.694433726370335 62.91516431607306 96.521231897175312 78.319147773087025 123.21307172626257 12976.549465361983 43.715700872242451 1105.3154196059331 117.8671390581876
leaf_count=8726 515 2120 1918 3108 2527 261 726 358 317 548 456 653 86268 213 6691 811
internal_value=0.000425024 0.000787679 0.000882447 0.00610157 0.000389161 -0.000179144 -0.00186081 0.0158426 0.00432436 0.00771563 0.0186606 -0.00324908 0.00065181 -0.00380074 -0.000324959 0.0174697
internal_weight=17299.9 16397.1 16349.6 1405.71 14943.9 858.384 818.632 547.33 498.389 435.474 215.74 219.734 14643.1 1666.57 1266.9 161.583
internal_count=116216 107490 106975 8345 98630 4879 4618 3466 2700 2383 1182 1201 96510 10242 7715 1024
cat_boundaries=0 1
cat_threshold=1538
is_linear=0
shrinkage=0.0659825


Tree=192
num_leaves=17
num_cat=4
split_feature=2 4 24 8 18 1 24 24 21 2 2 13 16 21 16 8
split_gain=14.9094 11.0219 11.04 12.7956 10.3986 11.813 8.83604 21.3387 17.7494 16.478 13.7958 12.6182 10.8131 10.994 10.0573 9.68165
threshold=0 1.0000000180025095e-35 0.19090035481963338 14.500000000000002 13.233970000000001 1 0.44957584421062502 0.45194705289405279 1014.5500000000001 2 3 503.50000000000006 77.540000000000006 1002.5500000000001 35.330000000000005 22.500000000000004
decision_type=9 2 10 2 10 1 10 10 8 9 9 10 8 10 8 2
left_child=1 2 -1 -4 5 -5 10 8 -8 -9 11 14 13 -11 -2 -12
right_child=6 -3 3 4 -6 -7 7 9 -10 12 15 -13 -14 -15 -16 -17
leaf_value=-0.006130743318943835 0.03209226459565212 -0.0042661827764315999 -0.021770016343921946 0.037764722578358695 0.031657649517310343 0.0026984745417771181 0.058777642098485329 0.011828432922284752 -0.0080408933608759597 -0.014843528784479726 0.001511894857938743 -0.024028410756529516 -0.015385394462639212 0.010091321421839456 0.0086928646506472772 -0.0027510370854188235
leaf_weight=272.19856082461774 91.043049734085798 4332.7014513099566 43.155201077461243 42.940173957496881 102.29663158580661 287.65893793106079 51.760815661400557 589.47497144900262 22.719754230231047 101.09676210209727 6905.472777498886 38.338970322161913 211.85555121488869 267.16289530694485 505.6359945088625 3484.7771593276411
leaf_count=1993 658 27975 260 241 550 1704 277 3515 160 589 47767 201 1039 1711 3571 24294
internal_value=1.67886e-05 -0.00298331 0.00437939 0.0103905 0.0138606 0.00786881 0.00126147 0.00651949 0.0393499 0.00423092 0.000665954 0.00998157 -0.00367202 0.00311269 0.0125586 8.12818e-05
internal_weight=17350.3 5080.95 748.25 476.051 432.896 330.599 12269.3 1244.07 74.4806 1169.59 11025.3 635.018 580.115 368.26 596.679 10390.2
internal_count=116505 32723 4748 2755 2495 1945 83782 7291 437 6854 76491 4430 3339 2300 4229 72061
cat_boundaries=0 3 4 8 12
cat_threshold=1298731397 210371680 406431040 4 268437504 845187080 33833472 9 33554944 16843010 8388616 166
is_linear=0
shrinkage=0.0659825


Tree=193
num_leaves=17
num_cat=5
split_feature=2 3 23 23 2 16 4 17 13 2 2 16 9 9 23 17
split_gain=17.8422 12.5278 15.2864 19.3393 18.8773 18.736 12.4139 14.0468 11.7303 11.0411 10.4694 10.0923 9.45443 12.6755 12.0866 9.39883
threshold=0 1 0.20794189296132362 0.21912608148221704 2 71.330000000000013 1.5000000000000002 41.505000000000003 181.50000000000003 3 4 42.440000000000005 51.500000000000007 52.500000000000007 0.18643064455575339 93.265000000000015
decision_type=9 9 2 2 9 10 2 8 8 9 9 8 2 2 2 10
left_child=-1 2 6 5 -5 -4 7 -2 -3 -10 -9 -8 15 14 -14 -11
right_child=1 8 3 4 -6 -7 11 10 9 12 -12 -13 13 -15 -16 -17
leaf_value=-0.0036645069439062805 0.0061766952422531562 0.043327836432540609 -0.008201762130701824 -0.010381740032632434 0.0091490615196839885 0.040122126937499829 0.0057343287833958615 -0.022968247086711656 0.0066909547552513066 0.00018363630903625152 -0.0055243308253216088 -0.0045267174474355248 0.050664171532122992 0.0032046367087365758 0.010450812356642223 0.011334410748704483
leaf_weight=3836.1882416456938 159.87919290922582 24.612174774520099 47.192475963383913 349.66542809084058 508.27523306570947 110.50923183560371 588.33911225944757 347.89542640373111 2166.7323816958815 6647.4079976771027 301.08388567529619 1394.9272596221417 50.288235798478127 331.89493277668953 86.953831356018782 340.00448686443269
leaf_count=24480 1223 193 312 2105 2961 591 4768 2580 13561 46633 2214 9789 286 1927 497 2092
internal_value=0.00029579 0.0014277 -0.00177236 0.00513386 0.00115725 0.0258996 -0.00429671 -0.0111527 0.00269154 0.00256237 -0.0154401 -0.00147432 0.00134732 0.0103534 0.0267496 0.000735865
internal_weight=17291.8 13455.7 3807.77 1015.64 857.941 157.702 2792.12 808.859 9647.89 9623.28 648.979 1983.27 7456.55 469.137 137.242 6987.41
internal_count=116212 91732 26543 5969 5066 903 20574 6017 65189 64996 4794 14557 51435 2710 783 48725
cat_boundaries=0 4 5 8 11 15
cat_threshold=2233770690 2490369280 1948519460 145 2282234368 4721696 33622016 134742032 171982880 142673954 2207858752 541065216 33753096 16777296 8
is_linear=0
shrinkage=0.0659825


Tree=194
num_leaves=17
num_cat=4
split_feature=2 5 21 2 17 2 5 5 2 16 17 21 9 7 4 21
split_gain=26.4495 18.0038 13.3378 28.9183 15.0596 14.246 12.3738 14.8454 12.2837 15.4965 11.8334 10.5995 8.69912 8.53329 8.39626 10.4559
threshold=0 14.500000000000002 1026.8500000000001 1 30.885000000000002 2 19.500000000000004 10.500000000000002 3 52.520000000000003 34.755000000000003 1019.85 18.500000000000004 28.500000000000004 3.5000000000000004 1021.9500000000002
decision_type=9 2 10 9 10 9 2 2 9 10 8 8 2 2 2 10
left_child=1 -1 5 4 -4 12 7 -6 -3 10 11 -10 -2 -5 15 -11
right_child=2 8 3 13 6 -7 -8 -9 9 14 -12 -13 -14 -15 -16 -17
leaf_value=-0.0072804766236627865 0.0055728572714563397 0.0038791479975080604 -0.013362779307126758 -0.0072961344151972361 0.013005407923939873 0.00037449222431924702 -0.0054023514574769588 0.044366403074721353 0.025170078964582794 0.0031501920472573608 -0.016950522970604062 -0.020053245304872538 0.024283522940029084 0.011617942660507774 -0.0067720809905597659 0.033523081312412009
leaf_weight=2704.6850444022566 1730.6425627507269 1682.151835244149 38.567061048001051 314.74887405149639 111.42068020254374 8847.2427333705127 39.756798010319471 182.55679729953408 55.852493368089199 471.16893579438329 475.30286924913526 29.791288241744041 110.04967404529452 147.32371132820845 346.73270602524281 49.1280104406178
leaf_count=23160 10758 9137 242 2578 1225 58538 215 1171 330 2382 2739 186 678 1077 1818 292
internal_value=0.000278118 -0.0033443 0.00210809 0.0101135 0.0233162 0.00147957 0.0284083 0.032998 7.57379e-05 -0.00439843 -0.0129095 0.00914534 0.00673339 -0.0011663 0.00111057 0.00638168
internal_weight=17337.1 5814.81 11522.3 834.374 372.301 10687.9 333.734 293.977 3110.13 1427.98 560.947 85.6438 1840.69 462.073 867.03 520.297
internal_count=116526 40044 76482 6508 2853 69974 2611 2396 16884 7747 3255 516 11436 3655 4492 2674
cat_boundaries=0 4 7 11 15
cat_threshold=1009549461 109808928 67151904 166 1090535456 7340041 197200 54534464 2147491906 134612100 81 67633168 166944 32768 4
is_linear=0
shrinkage=0.0659825


Tree=195
num_leaves=17
num_cat=10
split_feature=2 18 0 8 2 0 2 4 21 1 3 2 16 2 2 13
split_gain=20.1621 12.4145 9.43899 8.90292 22.2684 15.1272 12.3025 11.5241 10.6153 10.527 19.1066 14.5017 14.7888 11.875 10.7954 13.2749
threshold=0 25.892550000000004 1 27.500000000000004 2 3 4 4.5000000000000009 1024.0500000000002 5 6 7 44.780000000000008 8 9 360.50000000000006
decision_type=9 10 9 2 9 9 9 2 10 1 9 9 8 9 9 8
left_child=-1 3 -3 6 -5 -6 7 9 -7 10 -2 -11 13 -13 15 -12
right_child=1 2 -4 4 5 8 -8 -9 -10 11 14 12 -14 -15 -16 -17
leaf_value=0.0035867687425850561 0.022640853357624887 -0.0097027967300638129 0.020266210065981619 -0.010149712376649895 0.0017383659998670301 0.025564543646655367 -0.00084705511094833915 -0.01131213976594652 -0.0069003118563784761 0.00094070018179960579 0.025648073154891791 -0.010582257152483628 -0.014618112820869847 0.011408321386983061 -0.012583143956662542 -0.0008426827829139524
leaf_weight=4157.6893835859373 147.81105165556073 53.109001167118549 170.28622629120946 345.21087434329093 470.7975850943476 280.82990226894617 7405.3639911245555 1042.217908302322 49.018601045012474 819.90843531303108 88.552712593227625 196.22151642665267 963.80931779369712 198.99898475408554 267.12749399058521 624.8815551251173
leaf_count=27765 865 346 932 3014 4443 2040 48988 7358 390 4862 563 1114 5624 1307 2368 4218
internal_value=-0.000409033 -0.00167745 0.0135314 -0.00194853 0.0035896 0.00955361 -0.00249 -0.00526797 0.0201032 -0.00336146 0.00180519 -0.00603455 -0.0101603 0.000516102 -0.00167151 0.00260326
internal_weight=17281.8 13124.1 223.395 12900.7 1145.86 800.646 11754.9 4349.53 329.849 3307.31 1128.37 2178.94 1359.03 395.221 980.562 713.434
internal_count=116197 88432 1278 87154 9887 6873 77267 28279 2430 20921 8014 12907 8045 2421 7149 4781
cat_boundaries=0 4 5 9 10 14 15 16 20 23 26
cat_threshold=2418558370 2383413250 2248549184 96 18 1157627920 276832289 420020224 4 22552 193013824 541098336 26266648 19 4 512 151005184 536903712 0 16 65536 4194304 8406032 8388608 536870944 50192
is_linear=0
shrinkage=0.0659825


Tree=196
num_leaves=17
num_cat=1
split_feature=21 17 1 24 5 24 21 24 23 21 17 23 23 8 13 23
split_gain=7.68178 20.5821 15.11 15.9962 14.3223 14.0754 14.7617 16.7113 13.9743 12.5781 11.3183 12.5024 11.6972 12.5014 12.157 10.7377
threshold=1018.0500000000001 64.805000000000021 0 0.3317027385159011 6.5000000000000009 0.18077932927556992 1011.0500000000001 0.15708305794227806 0.35411473737233773 1012.5500000000001 23.270000000000003 0.23898288533309972 0.23310629576701158 7.5000000000000009 299.50000000000006 0.35536531769302598
decision_type=8 10 1 8 2 10 10 10 2 10 10 2 2 2 10 2
left_child=1 9 4 5 -3 6 7 -4 -5 -1 11 -11 -12 -14 -15 -2
right_child=15 2 3 8 -6 -7 -8 -9 -10 10 12 -13 13 14 -16 -17
leaf_value=-0.0037540392159985197 -0.00058614431939752712 -0.013803882025935603 -0.018889096410136651 0.0076642373983502035 0.017584370329380504 -0.0053626648191275978 0.014113140342172764 0.019795179394824582 0.035567636201285141 0.0060573686925297389 0.0054740151747565084 0.054530245768289153 0.038010637916484381 -0.00068636696839589678 -0.016647957983183238 -0.0097841626733701798
leaf_weight=3031.2622051201761 7643.7726766820997 65.873185649514198 148.99306065961719 836.8402386168018 613.46442652586848 1004.4251777101308 427.33694760128856 64.954957708716393 80.914247170090675 66.485473290085793 1474.1549404170364 30.895180605351925 24.866239581257105 895.24878109246492 264.50682209432125 589.46773676946759
leaf_count=18751 55030 868 758 5062 3725 6000 2952 368 442 444 11360 151 144 5282 1396 3331
internal_value=0.000205573 0.00153409 0.005737 0.00340042 0.0144427 -0.000498544 0.00709822 -0.00691616 0.0103481 -0.000824525 0.0023986 0.0237955 0.00156099 -0.00331159 -0.00439641 -0.0012516
internal_weight=17263.5 9030.22 3242.8 2563.46 679.338 1645.71 641.285 213.948 917.754 5787.42 2756.16 97.3807 2658.78 1184.62 1159.76 8233.24
internal_count=116064 57703 20175 15582 4593 10078 4078 1126 5504 37528 18777 595 18182 6822 6678 58361
cat_boundaries=0 1
cat_threshold=4
is_linear=0
shrinkage=0.0659825


Tree=197
num_leaves=17
num_cat=1
split_feature=16 24 3 24 8 23 24 11 13 23 24 11 23 6 13 14
split_gain=11.0578 20.3232 13.8148 13.364 12.4265 9.87988 11.949 10.855 14.478 10.2741 14.0311 11.7082 9.08269 9.04993 16.9117 8.43616
threshold=36.230000000000011 0.1301249622470553 0 0.12335497835497837 9.5000000000000018 0.35585607045236883 0.34555756318454578 58.500000000000007 550.50000000000011 0.35617445638168593 0.36876294483148186 8.5000000000000018 0.19500228691770069 742.50000000000011 335.50000000000006 9.5000000000000018
decision_type=10 8 9 10 2 2 10 10 10 2 10 8 2 2 10 10
left_child=1 3 -3 4 -1 7 15 -2 13 -8 -11 -12 -5 14 -9 -7
right_child=5 2 -4 12 -6 6 9 8 -10 10 11 -13 -14 -15 -16 -17
leaf_value=-0.031025858630742698 -0.00035945961538841608 -0.003581396092807923 0.007508672652764903 0.047045219085153543 0.013135981252075551 -0.027720281993382157 -0.029499712646610821 0.039766935289724546 -0.0281828534868909 0.041934989664696477 -0.025472861929440854 0.0096970041986329299 0.0067237522006001376 0.047444866721676089 -0.016755878002789899 -0.0084290422013844363
leaf_weight=24.269289406016469 13822.379741396755 1121.7359769307077 842.23489384353161 79.462027836591005 339.13761621899903 124.59421925246716 29.601373419165611 38.19707527756691 20.606155686080456 38.232900120317936 48.353143185377121 161.91793360933661 37.232449781149626 45.556228491477668 42.570919301360846 445.49550124071538
leaf_count=186 92847 8395 5270 598 2898 720 155 392 118 192 239 856 224 352 269 2502
internal_value=9.1362e-05 0.00419747 0.00120316 0.0162737 0.00971239 -0.000587403 -0.00747509 -0.00016604 0.0173026 0.00368428 0.00826338 0.00110802 0.0351754 0.0257004 0.0109107 -0.0128999
internal_weight=17261.6 2444.07 1963.97 480.101 363.407 14817.5 848.195 13969.3 146.93 278.105 248.504 210.271 116.694 126.324 80.768 570.09
internal_count=116213 17571 13665 3906 3084 98642 4664 93978 1131 1442 1287 1095 822 1013 661 3222
cat_boundaries=0 1
cat_threshold=3590
is_linear=0
shrinkage=0.0659825


Tree=198
num_leaves=17
num_cat=0
split_feature=14 24 24 23 17 21 23 4 21 21 17 21 17 24 24 21
split_gain=7.26744 6.3871 9.98805 24.1369 16.8835 7.62669 15.0506 13.1896 19.5688 10.5796 10.5302 10.3224 10.0128 9.88584 14.4177 18.1064
threshold=1.0000000180025095e-35 0.076105717367853307 0.084553069080756396 0.1592004772961578 77.785000000000011 1021.0500000000001 0.35398842549664716 1.0000000180025095e-35 1030.1500000000003 1023.1500000000002 71.335000000000022 1020.85 37.695000000000007 0.097892635314995577 0.092077736181457842 1006.1500000000002
decision_type=8 8 8 2 8 10 2 2 10 10 10 10 10 8 10 10
left_child=-1 -2 3 -3 -5 11 7 8 -7 10 12 13 -8 14 -4 -16
right_child=1 2 5 4 -6 6 9 -9 -10 -11 -12 -13 -14 -15 15 -17
leaf_value=-0.01417032950362713 -0.0079433735511158336 0.042384570030653858 -0.00080725556560580915 -0.016580778527369933 0.03556843739171784 -0.012484471866044228 0.02744961142972998 0.0055953798714614717 0.02000794525586597 -0.016620588118360802 0.042724976299401279 -0.018283861474208723 -0.01784046329920563 -0.0011780108813352508 0.056289683329730333 0.0081295543865217146
leaf_weight=160.55796547047794 460.51312756165862 74.902892274782062 232.49659617803991 99.342198219150305 30.128061257302761 398.38038127869368 24.874634014442563 2765.3045651558787 94.890420734882355 276.40440139919519 21.524457342922688 143.42436813004315 61.187108609825373 12314.960968347266 47.272246457636356 100.36990618892014
leaf_count=1124 4313 683 1914 860 178 3354 135 21525 532 1645 114 1059 404 77330 247 938
internal_value=-0.000464033 -0.000330572 -0.000117568 0.0141604 -0.00336721 -0.000299919 0.00236233 0.00382252 -0.00606191 -0.00989182 0.00735877 -0.00105604 -0.00377867 -0.000852511 0.00954099 0.0252081
internal_weight=17306.5 17146 16685.5 204.373 129.47 16481.1 3642.57 3258.58 493.271 383.991 107.586 12838.5 86.0617 12695.1 380.139 147.642
internal_count=116355 115231 110918 1721 1038 109197 27709 25411 3886 2298 653 81488 539 80429 3099 1185
is_linear=0
shrinkage=0.0659825


Tree=199
num_leaves=17
num_cat=5
split_feature=2 7 2 4 2 2 18 7 7 5 2 7 17 22 5 4
split_gain=22.553 10.8478 15.5628 12.5843 40.1721 18.8485 13.2796 13.0365 12.3322 11.7284 16.5052 13.3834 13.3653 15.4788 11.0251 16.3837
threshold=0 2.5000000000000004 1 5.5000000000000009 2 3 13.233970000000001 8.5000000000000018 10.500000000000002 10.500000000000002 4 14.500000000000002 50.515000000000008 0.26428443146237712 13.500000000000002 4.5000000000000009
decision_type=9 2 9 2 9 9 10 2 2 2 9 2 8 2 2 2
left_child=-1 2 -2 5 8 7 -6 14 -5 10 -9 -12 13 -11 -3 -16
right_child=1 3 -4 4 6 -7 -8 9 -10 12 11 -13 -14 -15 15 -17
leaf_value=0.0042647082281951623 -0.017833899677570233 0.0022638675311663463 -0.001827186181502275 0.0031467822247200974 0.017231607711708168 -0.0050404583682861284 0.0010592751395479018 -0.009830892233494419 -0.017147033935945962 -0.0032314853110545043 0.025770001789725838 -0.00097179751566890357 0.0078863700729001132 0.013794998065117478 -0.0059522264160667901 -0.035704693379300087
leaf_weight=4020.9303592732176 391.97258065640926 679.24838106893003 780.75482973456383 203.07242929004133 723.60222822986543 4172.0263032829389 318.32350143603981 659.64137843064964 349.57775620184839 1311.986184457317 113.07985881902277 255.5417620819062 1983.4579775016755 275.98409025743604 944.11984696052969 82.410580642521381
leaf_count=25643 2896 6184 5580 1354 5187 26865 2082 8000 2635 9027 1125 2391 10372 1384 5094 444
internal_value=-5.33502e-05 -0.00136783 -0.00741017 -0.000778458 0.00467112 -0.00161012 0.01221 0.000669238 -0.00956702 0.00249701 -0.00369641 0.00732877 0.00428352 -0.00022989 -0.00424664 -0.00854224
internal_weight=17265.7 13244.8 1172.73 12072.1 1594.58 10477.5 1041.93 6305.47 552.65 4599.69 1028.26 368.622 3571.43 1587.97 1705.78 1026.53
internal_count=116263 90620 8476 82144 11258 70886 7269 44021 3989 32299 11516 3516 20783 10411 11722 5538
cat_boundaries=0 4 8 11 15 19
cat_threshold=34342086 135823363 1437125656 99 1140877312 905970184 131584 8 1507852288 885074464 197248 2040531200 853747216 671228546 152 1476397056 308477952 134218240 8
is_linear=0
shrinkage=0.0659825


Tree=200
num_leaves=17
num_cat=2
split_feature=13 24 24 14 1 5 23 20 18 0 13 15 9 24 13 18
split_gain=10.4156 10.3787 14.2372 10.0541 14.486 18.8288 16.9116 16.3214 10.0327 8.20181 14.2311 12.2915 11.508 12.7596 12.6167 12.3605
threshold=876.00000000000011 0.062063366187077536 0.069624405445300977 19.500000000000004 0 8.5000000000000018 0.184750187445992 1.6250000000000002 20.138650000000002 1 478.50000000000006 178.50000000000003 17.500000000000004 0.53763417706527716 390.50000000000006 21.289430000000007
decision_type=10 10 10 10 1 2 2 10 10 9 8 10 2 10 8 10
left_child=1 -1 8 9 5 -5 7 -6 -3 10 -4 -12 14 -14 15 -11
right_child=-2 2 3 4 6 -7 -8 -9 -10 12 11 -13 13 -15 -16 -17
leaf_value=0.013041435864195953 0.037426290453082177 -0.027635290316978051 0.0084429810132326082 0.054509044667785535 0.046440925577724987 0.010217928657335973 -0.01138031308178836 0.0041605556355117021 0.015597692993194724 -0.0090521022260015797 -0.0065814015005620993 0.00042123728262992389 0.002470499786904278 0.02747419085113512 0.00018983536320902889 0.018417483816214188
leaf_weight=255.85015303082764 26.208865262567997 123.197140365839 445.70393378846347 44.468325739726424 35.160754922777414 265.81579595059156 317.5704136043787 1065.4485105611384 24.24433528073132 1154.2356905890629 2775.4968950264156 1794.5996694173664 4511.3176010232419 84.485151406377554 4279.1681952252984 70.25195106305182
leaf_count=2175 134 1352 2701 523 212 1569 2234 8302 218 6632 20778 12230 30271 485 26038 394
internal_value=8.1578e-05 1.13018e-05 -0.000189623 -7.21054e-06 0.00475059 0.0175157 0.00189315 0.00576568 -0.0201814 -0.000553013 -0.00272918 -0.00383476 0.000530956 0.00296681 -0.00150318 -0.00739064
internal_weight=17273.2 17247 16991.2 16843.7 1728.46 310.284 1418.18 1100.61 147.441 15115.3 5015.8 4570.1 10099.5 4595.8 5503.66 1224.49
internal_count=116248 116114 113939 112369 12840 2092 10748 8514 1570 99529 35709 33008 63820 30756 33064 7026
cat_boundaries=0 1 2
cat_threshold=1 35094
is_linear=0
shrinkage=0.0659825


Tree=201
num_leaves=17
num_cat=4
split_feature=2 17 7 13 7 17 8 2 18 2 13 2 11 7 18 8
split_gain=16.2158 13.4624 12.234 12.1709 12.4408 11.3846 10.3087 19.6974 14.6132 12.8686 10.99 14.7152 13.5636 11.4749 10.0268 18.7268
threshold=0 93.265000000000015 1.0000000180025095e-35 190.50000000000003 47.500000000000007 19.205000000000002 15.500000000000002 1 20.138650000000002 2 555.50000000000011 3 38.500000000000007 16.500000000000004 12.083190000000002 20.500000000000004
decision_type=9 10 2 8 2 10 2 9 10 9 8 9 10 2 10 2
left_child=-1 2 -2 -4 6 -6 7 8 -5 -8 12 13 -9 -12 -11 -16
right_child=1 -3 3 4 5 -7 9 10 -10 14 11 -13 -14 -15 15 -17
leaf_value=-0.0026094982128471987 -0.014410876240411168 0.011206085547376629 0.034710708206463846 0.0056710761803003386 0.027539972379544819 -0.027180711443578896 0.0066880335361949213 -0.017330647907818013 0.046623035902455132 -0.0011762197969475924 0.00022136935219190654 -0.0064361352746125739 0.017148810625522506 0.029971192583033806 0.010474846372123002 -0.0003373454530922888
leaf_weight=5337.600353625603 207.19031956605613 616.24563948623836 41.710468705743551 404.34807164594531 14.318734280765055 102.87779869697988 2403.977629635483 478.2267896886915 35.96612112224102 3772.2130686398596 135.00910475850105 782.23790942318738 50.347003858536482 90.874066017568111 1154.4351076707244 1746.4217654000968
leaf_count=34192 1610 3733 283 2548 87 976 17157 3140 211 26667 950 6356 305 610 7449 10612
internal_value=0.000412913 0.00175458 0.00124026 0.00153732 0.00139413 -0.01944 0.00162587 -0.00268564 0.00941066 0.00256613 -0.00619652 -0.00216598 -0.0138846 0.0121508 0.00106474 0.00397877
internal_weight=17374 12036.4 11420.2 11213 11171.3 117.197 11054.1 1977.01 440.314 9077.05 1536.69 1008.12 528.574 225.883 6673.07 2900.86
internal_count=116886 82694 78961 77351 77068 1063 76005 14120 2759 61885 11361 7916 3445 1560 44728 18061
cat_boundaries=0 4 8 12 16
cat_threshold=204064741 402655296 119802582 1 8192 2160657928 2155945984 4 3221231616 1245474 402792712 192 268435456 539000832 147456 8
is_linear=0
shrinkage=0.0659825


Tree=202
num_leaves=17
num_cat=1
split_feature=24 16 17 24 17 21 3 24 6 22 24 16 16 23 17 9
split_gain=9.33168 16.314 11.0423 13.8628 11.3188 13.5532 10.5648 9.84762 9.61132 8.84327 8.38597 8.14979 8.00714 10.0861 9.91257 9.00477
threshold=0.069624405445300977 40.460000000000008 40.235000000000007 0.082393365918870379 37.695000000000007 1034.8500000000001 0 0.11073273300726792 204.50000000000003 0.20766118064297015 0.62194460871279333 90.500000000000014 63.500000000000007 0.34423461789266202 28.415000000000003 45.500000000000007
decision_type=10 8 10 10 8 8 9 10 2 2 8 10 10 2 10 2
left_child=1 -1 3 -2 5 6 -5 -6 -9 11 -4 -8 13 15 -15 -11
right_child=2 -3 10 4 7 -7 9 8 -10 12 -12 -13 -14 14 -16 -17
leaf_value=0.0074822388886157231 0.031959404981437484 -0.02006084152952076 -0.00068928409369459719 -0.0066421280725928117 0.037167761968250772 -0.040922368596672844 -0.002675653289612463 0.036104647419947143 0.0055293352560077842 0.022885689770784624 -0.023059790000345613 0.027931928269816327 0.00098424338721298074 0.018715520266119109 -0.0085332077285540046 -0.011594748119846584
leaf_weight=142.49587970227003 66.468740807846189 252.6195522043854 13600.674676877446 553.88781240954995 48.321467662230134 27.370095461606979 833.24987899698317 42.423779992386699 620.89318343251944 324.59591170027852 67.11221181973815 33.431128110736609 443.94170329160988 87.978382673114538 145.67321164533496 32.837425298988819
leaf_count=1276 592 2434 91010 3712 412 192 6107 297 4002 1943 437 194 2533 435 741 202
internal_value=-0.000221915 -0.0101657 1.38345e-05 0.00346 0.00280583 0.00069423 0.00126072 0.0101032 0.00780336 0.00359268 -0.00080961 -0.00130362 0.00771034 0.0126989 0.00194705 0.0195733
internal_weight=17324 395.115 16928.9 3261.07 3194.6 2482.97 2455.6 711.638 663.317 1901.71 13667.8 866.681 1035.03 591.085 233.652 357.433
internal_count=116519 3710 112809 21362 20770 16059 15867 4711 4299 12155 91447 6301 5854 3321 1176 2145
cat_boundaries=0 2
cat_threshold=1024 8
is_linear=0
shrinkage=0.0659825


Tree=203
num_leaves=17
num_cat=1
split_feature=7 24 7 24 24 23 24 24 24 24 1 24 15 15 7 9
split_gain=6.58754 14.6725 14.0835 16.1186 14.2457 12.8707 14.4714 12.7705 10.4496 10.1059 18.8991 10.1015 13.7455 8.84501 8.47774 17.0362
threshold=2.5000000000000004 0.58922321809645772 4.5000000000000009 0.31966011042098003 0.34954287515762933 0.16939055778545128 0.37876692026479603 0.39257817453272809 0.45944793834979408 0.27757601351351358 0 0.56436906969135137 146.00000000000003 141.00000000000003 15.500000000000002 38.500000000000007
decision_type=2 10 2 10 10 2 10 10 10 10 1 10 8 10 2 2
left_child=1 -1 3 9 -5 -6 -7 -8 -9 -2 -11 14 -13 -10 15 -4
right_child=2 -3 11 4 5 6 7 8 13 10 -12 12 -14 -15 -16 -17
leaf_value=-0.0028720250436670681 0.0039246912839082061 -0.03399551874164073 -0.0040539949903182484 0.037046252102099164 -0.014674732997199756 -0.010031164810560695 0.04081834442138612 -0.0081904497530442544 0.03507919784107208 0.0037143515604331472 -0.044363707309781703 -0.0087703656226001871 0.034988996334390746 0.0028302989825307449 0.00097649318450434555 0.003896150093283732
leaf_weight=1453.9796402510256 770.9868468362838 62.949487537145615 5185.9589353408664 99.383390765637159 72.657354295253754 78.747839298099279 92.407315896824002 73.34330690652132 82.635507160797715 90.419880973175168 51.551111184060574 48.030011996626854 73.344858311116695 65.496764667332172 7437.8562263445929 1510.7629802525043
leaf_count=10404 5595 352 34830 571 523 434 499 390 442 522 307 285 475 352 49784 10443
internal_value=-0.000154314 -0.00429768 0.000246709 0.00636439 0.015061 0.00993658 0.0146494 0.0209162 0.0117207 0.000919696 -0.014877 -0.000389898 0.0180909 0.0215116 -0.000556514 -0.0022585
internal_weight=17250.5 1516.93 15733.6 1477.63 564.671 465.288 392.631 313.883 221.476 912.958 141.971 14256 121.375 148.132 14134.6 6696.72
internal_count=116208 10756 105452 9635 3211 2640 2117 1683 1184 6424 829 95817 760 794 95057 45273
cat_boundaries=0 1
cat_threshold=1
is_linear=0
shrinkage=0.0659825


Tree=204
num_leaves=17
num_cat=3
split_feature=17 3 21 13 13 21 6 21 17 0 9 21 17 17 3 5
split_gain=9.61742 14.8203 12.7713 11.9233 11.38 12.1217 10.2048 12.5957 9.90552 14.1439 11.8832 9.85882 15.5465 10.9432 10.6173 7.35882
threshold=47.690000000000005 0 1011.2500000000001 266.50000000000006 175.50000000000003 1029.6500000000003 1075.0000000000002 1017.5500000000001 33.290000000000006 1 37.500000000000007 1028.1500000000003 43.695000000000007 22.275000000000002 2 14.500000000000002
decision_type=8 9 10 8 10 8 2 10 10 9 2 10 10 10 9 2
left_child=1 4 3 -3 5 -1 11 -8 9 10 -5 13 14 -4 -13 -16
right_child=-2 2 6 8 -6 -7 7 -9 -10 -11 -12 12 -14 -15 15 -17
leaf_value=0.010980412813354695 0.00085230807354723967 0.026079418099825256 0.013229183830399442 0.022960079051582954 -0.0028438452456886476 -0.018454677629961277 -0.0063896991692975139 0.0071761147906204952 -0.017624049454234857 -0.019999505776800403 -0.017948079162297067 -0.014567131657256037 0.038851407706581187 -0.0085812464260678848 -0.0049699181425873892 0.035929932207936617
leaf_weight=725.21157772839069 11674.394646283239 29.441648349165916 101.21314497292042 104.64351119473577 725.56497709080577 60.82451880723238 475.28029653243721 776.4549716077745 599.38488703221083 90.338890131562948 37.593666285276413 102.62077259644866 46.373636487871408 1632.4785372726619 31.996824514120817 36.946333292871714
leaf_count=4368 78032 202 634 646 4325 428 3389 5957 3712 611 229 764 410 11801 324 258
internal_value=-0.000224447 -0.00247712 -0.00454338 -0.0116584 0.0030846 0.00857517 -0.0026253 0.00201906 -0.0131783 -0.00155948 0.0111002 -0.00560103 0.00746973 -0.00726504 -0.00207935 0.0159858
internal_weight=17250.8 5576.37 4064.77 861.403 1511.6 786.036 3203.36 1251.74 831.961 232.576 142.237 1951.63 217.938 1733.69 171.564 68.9432
internal_count=116090 38058 28937 5400 9121 4796 23537 9346 5198 1486 875 14191 1756 12435 1346 582
cat_boundaries=0 1 2 3
cat_threshold=805447680 2059 1538
is_linear=0
shrinkage=0.0659825


Tree=205
num_leaves=17
num_cat=6
split_feature=2 7 7 2 2 14 14 16 2 7 2 4 2 24 24 24
split_gain=22.491 14.9431 10.709 16.9416 15.7878 10.6534 10.2404 10.2226 20.365 18.2166 20.0895 24.6461 17.335 15.9481 13.816 13.1422
threshold=0 47.500000000000007 19.500000000000004 1 2 27.500000000000004 1.5000000000000002 51.440000000000005 3 30.500000000000004 4 3.5000000000000004 5 0.2834785569138128 0.19877263190972191 0.25849694769839965
decision_type=9 2 2 9 9 10 8 8 9 2 9 2 9 10 10 10
left_child=1 -1 3 -2 -4 6 -5 8 -6 12 11 14 -9 -12 -11 -10
right_child=2 -3 4 5 7 -7 -8 9 15 10 13 -13 -14 -15 -16 -17
leaf_value=0.0037553174854165756 -0.0051592980415378284 -0.030860721559997865 0.0039674805774803897 -0.013868105116054944 0.0019133745649257509 0.029039814949630149 0.0015688831426704324 0.00043156264857438059 -0.022418199741151709 0.051442563246416641 -0.013466915475682658 -0.0060084102549762932 -0.014372830761728655 0.015034888809169112 0.011430568028176736 -0.0060601657974564856
leaf_weight=4782.2930684089661 2463.3503917455673 48.731068797409534 740.10821647569537 187.28937845304608 375.37330250442028 53.615716341882944 5638.0299393171445 618.1028790473938 588.18443427793682 91.021194994449615 260.04975444637239 98.43559105694294 773.22034999541938 119.94125856272876 68.502060376107693 343.31055942550302
leaf_count=30949 15497 404 4653 1412 2765 400 38952 4201 4829 656 1951 676 5508 725 383 2268
internal_value=-0.000453457 0.0033598 -0.00193897 -0.000584938 -0.00470969 0.00134171 0.00105825 -0.00663053 -0.011191 -0.00370078 0.00549538 0.01907 -0.00792311 -0.00426254 0.0353387 -0.016296
internal_weight=17249.6 4831.02 12418.5 8342.29 4076.25 5878.94 5825.32 3336.14 1306.87 2029.27 637.95 257.959 1391.32 379.991 159.523 931.495
internal_count=116229 31353 84876 56261 28615 40764 40364 23962 9862 14100 4391 1715 9709 2676 1039 7097
cat_boundaries=0 4 8 12 16 19 23
cat_threshold=2204644678 671123993 540410472 40 536969345 2175280162 109092868 147 67108864 25691168 2181136390 16 1342259328 5374016 17317888 64 1744830464 307363840 1040 536936496 371269632 402654336 1
is_linear=0
shrinkage=0.0659825


Tree=206
num_leaves=17
num_cat=4
split_feature=2 2 16 24 23 24 7 9 18 16 2 24 17 2 23 8
split_gain=16.2146 9.71645 8.65853 11.4012 9.57316 8.35229 10.0582 9.01465 8.25024 12.3399 12.581 8.7767 10.6569 8.37819 8.1538 7.74215
threshold=0 1 23.540000000000003 0.13535714285714287 0.13516257377267513 0.41238689625786407 9.5000000000000018 39.500000000000007 8.6308500000000006 49.460000000000008 2 0.29501289371891698 75.395000000000024 3 0.20684963882548976 17.500000000000004
decision_type=9 9 8 10 2 10 2 2 10 10 9 10 10 9 2 2
left_child=8 5 3 4 -3 -2 7 -7 -1 10 11 12 15 -11 -5 -10
right_child=1 2 -4 14 -6 6 -8 -9 9 13 -12 -13 -14 -15 -16 -17
leaf_value=-0.0088044528448528898 0.0029098642844489955 0.068553367943718163 -0.00038756023451925483 -0.0035455108172767328 0.0098002669098133238 0.014675986685270538 0.0035468073556719896 0.049929704883939045 0.021902707992891696 -0.013023337457573518 0.011419369335601627 -0.018426734083060933 -0.020539583815399498 -0.0023989456867921683 0.026207981010402039 -0.00043981349502157717
leaf_weight=1186.0531908608973 1873.1652375683188 19.324111856520176 11213.388538649306 144.80001739785075 27.588789183646441 110.27183583006263 186.89201926719397 43.586671322584152 95.482695866376162 463.6751299276948 458.38684421405196 123.27694324404001 69.946666274219751 1048.6961861494929 48.607352085411549 200.11380249634385
leaf_count=8155 12209 160 77295 1109 198 591 1032 226 697 2704 2997 744 400 6435 251 1486
internal_value=-0.000387226 0.000656988 -0.000118728 0.0121123 0.0392121 0.00464179 0.0140725 0.0262211 -0.00428652 -0.00210849 0.00378177 -0.00359213 0.00153961 -0.00579797 0.00451805 0.00708105
internal_weight=17313.3 13667.6 11453.7 240.32 46.9129 2213.92 340.751 153.859 3645.63 2459.58 947.207 488.82 365.543 1512.37 193.407 295.596
internal_count=116689 93071 79013 1718 358 14058 1849 817 23618 15463 6324 3327 2583 9139 1360 2183
cat_boundaries=0 4 7 11 14
cat_threshold=2300842502 739778841 2165065994 161 33595841 268435458 311632416 4096 603987992 2147745792 129 2283802624 605552896 524290
is_linear=0
shrinkage=0.0659825


Tree=207
num_leaves=17
num_cat=2
split_feature=15 5 0 17 5 4 24 4 7 21 0 17 23 21 5 6
split_gain=13.7094 12.1841 15.407 21.7293 15.0579 15.452 13.2388 14.8933 18.5732 13.1108 12.0838 11.967 11.5158 12.7311 11.5127 10.9722
threshold=211.00000000000003 10.500000000000002 0 67.470000000000013 18.500000000000004 3.5000000000000004 0.46353617843343881 5.5000000000000009 10.500000000000002 1008.0500000000001 1 88.785000000000011 0.36580247786183401 1018.6500000000002 14.500000000000002 542.50000000000011
decision_type=10 2 9 10 2 2 10 2 2 8 9 10 2 8 2 2
left_child=1 9 -3 12 5 -5 7 11 14 -1 -11 -7 -4 -14 -9 -2
right_child=15 2 3 4 -6 6 -8 8 -10 10 -12 -13 13 -15 -16 -17
leaf_value=0.009399448502577689 -0.020597636708210455 -0.0019717405435708086 0.00083911913814714047 0.017308810670288999 -0.00018015900949147861 -0.00087128289417910687 0.033913177156607868 0.0021558913957219188 -0.018437656008846177 -0.013155662686150423 -0.0031906854509560494 -0.029965660372637655 -0.0022379802275401886 -0.034105348105760394 0.054240584736916481 0.013705602655682223
leaf_weight=287.96520665474236 39.190816044807434 6574.9308876972646 4315.4718173313886 888.04690428450704 609.19562605768442 194.64121660962701 44.271539263427258 29.455458205193281 37.169328846037388 646.25765011832118 2809.4961435180157 84.034139337949455 147.64677355811 81.247700855135918 45.862923111766577 434.36083594709635
leaf_count=2603 365 36292 26825 4420 3092 998 219 163 206 9131 26853 427 721 414 220 3388
internal_value=-0.000362214 -0.000676132 0.000276146 0.0025568 0.0084088 0.0123446 0.00211862 -0.00195625 0.017711 -0.00399105 -0.00512181 -0.0101092 6.54977e-05 -0.0141549 0.035596 0.0106355
internal_weight=17269.2 16795.7 13052 6477.04 1932.68 1323.48 435.435 391.163 112.488 3743.72 3455.75 278.675 4544.37 228.894 75.3184 473.552
internal_count=116337 112584 73997 37705 9745 6653 2233 2014 589 38587 35984 1425 27960 1135 383 3753
cat_boundaries=0 1 2
cat_threshold=34827 20624
is_linear=0
shrinkage=0.0659825


Tree=208
num_leaves=17
num_cat=3
split_feature=16 7 5 7 16 4 5 4 1 5 21 13 6 19 3 0
split_gain=7.41082 7.83725 15.9907 19.735 42.9394 27.7062 36.8379 19.9721 19.4096 19.3727 16.8986 15.9702 16.7727 15.6317 14.8689 14.7831
threshold=23.540000000000003 15.500000000000002 7.5000000000000009 19.500000000000004 65.480000000000004 1.5000000000000002 15.500000000000002 2.5000000000000004 0 10.500000000000002 1032.6500000000003 329.50000000000006 1572.5000000000002 0.085000000000000006 1 2
decision_type=8 2 2 2 10 2 2 2 1 2 10 10 2 10 9 9
left_child=-1 11 -3 4 9 6 8 10 -6 -4 13 -2 -13 14 -5 -9
right_child=1 2 3 7 5 -7 -8 15 -10 -11 -12 12 -14 -15 -16 -17
leaf_value=0.009589985956467385 0.00011985291153340632 -0.0085726906168044487 -0.00065431577019927235 -0.01323335193169637 -0.02975671282649878 -0.0051978744823371189 0.04238942577214494 0.0072211774460175281 0.014250266365661117 0.029749655769333569 0.024111048594145319 -0.0098709123841015118 0.0087666967153129608 0.027940746613444208 -0.0018904317837302495 -0.0033044681242147241
leaf_weight=363.48967836797237 7807.5317512508482 597.21187215670943 113.91572734713554 754.38751764781773 64.484374694526196 799.7742224521935 138.37008689530194 2088.1269985968247 107.81371600553393 446.83284750767052 84.662840232253075 1380.7748119495809 242.7733365856111 55.324105568230152 1490.9285395052284 794.65101680345833
leaf_count=2544 54805 7691 752 4863 342 4697 672 12679 616 2179 412 7805 1311 266 9563 5606
internal_value=0.000348604 0.000147174 0.00173275 0.00262658 0.00885968 0.00130857 0.0178309 0.000641102 -0.00268455 0.0236339 -0.00381974 -0.00112019 -0.00706107 -0.00491007 -0.00579476 0.00433242
internal_weight=17331.1 16967.6 7536.48 6939.27 1671.19 1110.44 310.668 5268.08 172.298 560.749 2385.3 9431.08 1623.55 2300.64 2245.32 2882.78
internal_count=116803 114259 50338 42647 9258 6327 1630 33389 958 2931 15104 63921 9116 14692 14426 18285
cat_boundaries=0 1 2 3
cat_threshold=1 1536 26680
is_linear=0
shrinkage=0.0659825


Tree=209
num_leaves=17
num_cat=1
split_feature=13 0 23 9 11 23 21 21 21 4 9 13 11 21 17 16
split_gain=7.16315 22.4315 13.4407 11.839 8.60083 5.73008 7.32018 12.6189 5.41469 13.6966 19.3733 12.0854 12.3409 11.3106 11.4564 8.18928
threshold=214.50000000000003 0 0.35082540161802911 10.500000000000002 153.50000000000003 0.3724848749640316 1014.7500000000001 1021.7500000000001 1021.2500000000001 2.5000000000000004 51.500000000000007 314.50000000000006 35.500000000000007 1021.4500000000002 93.090000000000018 88.520000000000024
decision_type=8 9 2 2 10 2 8 10 10 2 2 8 10 10 10 10
left_child=1 2 -1 -3 5 8 -7 -8 15 -10 11 12 -11 -13 -15 -2
right_child=4 3 -4 -5 -6 6 7 -9 9 10 -12 13 -14 14 -16 -17
leaf_value=-0.039197590155835106 -0.00080391687808081 0.018357729520662096 0.0081238281024085136 0.077195330078421734 0.032199242892906696 -0.026169488117408539 0.020355012646354954 -0.032254319863917517 -0.0028678931648142849 -0.015893376545993737 0.047047606363399073 0.036802462646536478 0.034565667061603807 0.0044621298049739421 0.03461413025265133 0.0071968767545288132
leaf_weight=31.12258411757648 12721.329926250502 40.304843672551215 81.828209683299065 23.806098802015185 30.058057358488441 75.530014105141163 50.814044736325741 24.217335075139999 1348.0398834757507 184.90070314519107 41.650920955464244 44.922524003311992 17.811908893287182 1972.4467762541026 50.386581834405661 576.24373187869787
leaf_count=167 82975 236 463 156 230 403 256 146 11156 1294 247 345 115 15280 284 3073
internal_value=0.000255675 0.0132299 -0.00579919 0.0395038 0.000116864 4.87683e-05 -0.0125066 0.00220105 0.000164806 0.00240988 0.00548642 0.00459703 -0.0105591 0.00611019 0.00531741 -0.000453991
internal_weight=17315.4 177.062 112.951 64.1109 17138.4 17108.3 150.561 75.0314 16957.7 3660.16 2312.12 2270.47 202.713 2067.76 2022.83 13297.6
internal_count=116826 1022 630 392 115804 115574 805 402 114769 28721 17565 17318 1409 15909 15564 86048
cat_boundaries=0 1
cat_threshold=48
is_linear=0
shrinkage=0.0659825


Tree=210
num_leaves=17
num_cat=1
split_feature=4 7 7 0 7 16 4 4 16 4 7 17 17 4 13 4
split_gain=11.4744 18.5901 18.5768 15.7853 15.7253 12.1709 21.1905 20.4794 16.9465 15.2491 17.7518 17.1098 13.9664 44.4801 21.9862 19.3247
threshold=1.0000000180025095e-35 5.5000000000000009 2.5000000000000004 0 1.0000000180025095e-35 81.050000000000011 1.5000000000000002 2.5000000000000004 19.670000000000005 5.5000000000000009 9.5000000000000018 67.230000000000004 71.335000000000022 3.5000000000000004 499.50000000000006 2.5000000000000004
decision_type=2 2 2 9 2 8 2 2 10 2 2 8 10 2 8 2
left_child=1 2 -1 -3 -2 6 8 -7 -6 11 -11 -9 15 14 -14 -8
right_child=4 3 -4 -5 5 7 12 9 -10 10 -12 -13 13 -15 -16 -17
leaf_value=0.0026954409600326397 -0.023417948347324059 0.0060709609343708023 0.032696275333071519 -0.0055272525197302743 0.038844675193683585 0.012806222327133283 -0.0083186693597633067 -0.0094818011084709299 -0.0080826586896785985 0.027873569647494385 -0.0030300417023923993 0.017273349522026502 0.027340892273776268 -0.0034402450064308378 0.0076622584037063044 9.727651995557894e-05
leaf_weight=177.86005456186831 124.62285866215825 1380.9422267423943 177.93063484504819 790.77464729547501 27.978792950510979 761.05305672064424 1500.6204195283353 727.81833135709167 2017.5130753368139 142.51795094832778 175.06722391396761 115.38888608664274 300.67106198519468 1906.4729031557217 1320.9531406573951 5610.3558665309101
leaf_count=1491 845 8789 981 5836 147 4176 10846 4041 14362 801 1014 644 1556 12016 8302 40646
internal_value=5.80987e-05 0.00415975 0.018004 0.00184653 -0.000647115 -0.000442907 -0.00118481 0.00444178 -0.00732449 -0.00108141 0.0111082 -0.00572041 -7.77118e-07 0.00338973 0.0114018 -0.00168447
internal_weight=17258.5 2527.51 355.791 2171.72 14731 14606.4 12684.6 1921.85 2045.49 1160.79 317.585 843.207 10639.1 3528.1 1621.62 7110.98
internal_count=116493 17097 2472 14625 99396 98551 87875 10676 14509 6500 1815 4685 73366 21874 9858 51492
cat_boundaries=0 1
cat_threshold=697
is_linear=0
shrinkage=0.0659825


Tree=211
num_leaves=17
num_cat=9
split_feature=2 3 16 2 3 2 9 16 0 4 22 2 17 22 3 2
split_gain=15.5795 7.98083 8.26253 21.4832 10.2512 17.1295 9.23602 21.1174 12.6417 11.2217 10.9806 10.8548 14.7858 10.444 8.39737 11.8456
threshold=0 1 44.330000000000005 2 3 4 50.500000000000007 56.480000000000011 5 2.5000000000000004 0.22129289538248767 6 23.270000000000003 0.19280294480201923 7 8
decision_type=9 9 8 9 9 9 2 10 9 2 2 9 8 2 9 9
left_child=-1 -2 3 -3 5 -5 11 9 -9 -8 13 12 -4 -10 -13 -16
right_child=1 2 6 4 -6 -7 7 8 10 -11 -12 14 -14 -15 15 -17
leaf_value=0.0034522252323785918 -0.017578195819645762 -0.0047508677507717674 0.030974564615440472 0.022839975557291947 0.0021986041855279908 0.0037236992200379388 0.011685391749096516 0.0093712821007665217 -0.0073499833982387163 0.078344181412162789 -0.021536841000625626 -0.0032755697824957742 -0.0096489858450557117 0.034629734521280209 0.0050560096818907723 -0.0037388773292710811
leaf_weight=4986.9635818284005 107.72549001406878 1258.6289734672755 34.406638251617551 340.60258141160011 1241.6791016105562 516.3798101413995 24.202323701232672 398.92266708984971 77.193238517269492 18.875834967941046 137.19690227881074 4182.2720591891557 1146.777362767607 31.360735632479191 1597.080315683037 1122.1114774383605
leaf_count=32670 766 9356 199 2141 9483 3667 183 2292 580 112 867 28161 7250 185 10339 8072
internal_value=0.000350108 -0.000917454 -0.000746146 0.00203436 0.00609928 0.0116049 -0.00181206 0.00549606 0.00228965 0.0471151 -0.0091615 -0.00243767 -0.00823959 0.00600188 -0.00142413 0.00142603
internal_weight=17222.4 12235.4 12127.7 3357.29 2098.66 856.982 8770.4 687.752 644.674 43.0782 245.751 8082.65 1181.18 108.554 6901.46 2719.19
internal_count=116323 83653 82887 24647 15291 5808 58240 4219 3924 295 1632 54021 7449 765 46572 18411
cat_boundaries=0 4 5 9 10 14 15 19 21 25
cat_threshold=2768769558 550053640 873025028 128 2684887040 272736384 486672464 3399491744 14 268567040 144719872 1 16810000 1 2569 136331265 135266304 1090658320 65 134349312 8 1346481184 35684352 168820928 8
is_linear=0
shrinkage=0.0659825


Tree=212
num_leaves=17
num_cat=5
split_feature=2 13 23 14 15 19 16 2 7 2 24 2 8 7 15 2
split_gain=20.1804 12.5425 33.8992 9.05086 9.97863 9.16653 20.3631 11.2361 8.80928 20.0188 18.3978 11.8335 12.5804 9.87842 9.66528 9.48657
threshold=0 253.50000000000003 0.23898288533309972 31.500000000000004 6.5000000000000009 0.015000000000000001 35.330000000000005 1 16.500000000000004 2 0.48403472384839269 3 29.500000000000004 19.500000000000004 199.50000000000003 4
decision_type=9 8 2 10 8 8 8 9 2 9 10 9 2 2 8 9
left_child=1 2 -1 4 -3 -6 -7 -8 11 -10 13 12 -2 15 -14 -11
right_child=8 3 -4 -5 5 6 7 -9 9 10 -12 -13 14 -15 -16 -17
leaf_value=0.061222390634376379 -0.00039175281515586001 0.03573088373015619 0.0019045199377031822 -0.022383313993553811 0.0029612973141959968 0.028771344224170735 0.0040905478664312964 -0.018958969279543793 -0.0039579741215432481 -0.0037085241175828796 0.027100482636805919 -0.0054824787984742813 0.037210185386787629 0.0011525047301736264 -0.014412727291066621 0.020384132953883385
leaf_weight=52.371952159330249 1916.157178546302 32.825948867946863 148.96173475310206 58.214151199907064 6007.124177608639 55.786557767540216 133.07429439947009 273.87086225673556 2218.2782537601888 100.22256319783628 146.30713203176856 4158.2170422300696 60.721862273290753 1622.4953245483339 16.956690609455109 228.49357993341982
leaf_count=314 12928 218 850 442 39722 277 678 1415 14838 616 873 28935 587 11906 197 1490
internal_value=-7.06585e-05 0.00273515 0.0187123 0.00223169 0.00247332 0.00227029 -0.0066203 -0.0118335 -0.00188457 0.000398897 0.00499972 -0.00348831 0.000698652 0.00328692 0.0257073 0.0136041
internal_weight=17230.1 6762.23 201.334 6560.9 6502.68 6469.86 462.732 406.945 10467.8 4315.8 2097.52 6152.05 1993.84 1951.21 77.6786 328.716
internal_count=116286 43916 1164 42752 42310 42092 2370 2093 72370 29723 14885 42647 13712 14012 784 2106
cat_boundaries=0 4 8 12 16 19
cat_threshold=2808172930 20973641 1235845648 137 83902464 1 16810496 1 143164464 337281328 637536490 68 8914464 67797264 34867232 66 8192 538969088 263168
is_linear=0
shrinkage=0.0659825


Tree=213
num_leaves=17
num_cat=0
split_feature=9 4 21 6 17 14 17 6 11 16 23 24 24 7 24 21
split_gain=6.41843 12.1987 17.0176 18.5425 11.6997 10.9057 11.7777 9.6977 12.0019 10.0562 8.42375 7.38075 7.25246 7.04556 9.43409 10.1881
threshold=37.500000000000007 4.5000000000000009 1010.9500000000002 2543.0000000000005 50.860000000000007 6.5000000000000009 33.615000000000002 745.50000000000011 -9.4999999999999982 41.990000000000002 0.19012220591801965 0.1486910827005031 0.1862820512820513 24.500000000000004 0.21603839876688732 1014.35
decision_type=2 2 10 2 10 8 8 2 10 10 2 10 10 2 8 8
left_child=-1 4 -3 7 5 6 -2 -4 9 -9 -11 -10 -5 14 15 -7
right_child=1 2 3 12 -6 13 -8 8 11 10 -12 -13 -14 -15 -16 -17
leaf_value=-0.00054163621061747525 0.0086574959392860668 -0.0060160354983656008 -0.0061034571656263803 0.076719593575271236 0.0036326522106282354 -0.010819272950067288 -0.022671555432092663 0.052360076942938108 0.02166036635451404 0.0035498086326138565 0.02813013723927963 -0.021200760285271476 0.018274354788233856 -0.0082369676798059038 -0.0045829587461172017 0.01578313777681177
leaf_weight=12722.041565389838 64.660971589386463 192.73615215346217 93.775460548698902 23.602606147527695 2461.4482548320666 74.71387080848217 215.4010262414813 39.167899644002318 20.427324097603559 110.70618787035346 133.85834032669663 46.003647249191999 20.732107438147068 375.62270502373576 370.86039357632399 290.11561709828675
leaf_count=84787 484 1234 663 143 16730 520 1727 373 135 1035 969 258 122 2744 2258 2294
internal_value=0.000218186 0.00234808 0.0104466 0.0169388 0.000902024 -0.00392331 -0.0154072 0.0124253 0.0174074 0.0232229 0.0173689 -0.00729234 0.0550199 -0.00095933 0.00279448 0.0102448
internal_weight=17255.9 4533.83 681.01 488.274 3852.82 1391.37 280.062 443.939 350.163 283.732 244.565 66.431 44.3347 1111.31 735.69 364.829
internal_count=116476 31689 4932 3698 26757 10027 2211 3433 2770 2377 2004 393 265 7816 5072 2814
is_linear=0
shrinkage=0.0659825


Tree=214
num_leaves=17
num_cat=3
split_feature=2 11 2 8 9 11 16 4 24 17 15 11 8 8 2 10
split_gain=22.07 8.32569 7.82531 9.19762 10.0977 14.2213 9.1349 11.5179 10.5766 9.73352 11.162 9.27162 11.4465 7.67848 7.94006 7.55494
threshold=0 20.500000000000004 1 16.500000000000004 10.500000000000002 -3.4999999999999996 53.780000000000008 3.5000000000000004 0.31198770491803285 48.965000000000011 67.500000000000014 -4.4999999999999991 24.500000000000004 14.500000000000002 2 2.5000000000000004
decision_type=9 8 9 2 2 10 10 2 10 10 8 8 2 2 9 2
left_child=1 -1 3 4 -2 -6 7 8 -5 -8 11 -11 -13 -3 -15 -7
right_child=2 13 -4 6 5 15 9 -9 -10 10 -12 12 -14 14 -16 -17
leaf_value=-0.00097356183789106758 -0.0081670779850064913 -0.0041101444348756438 -0.00044210695625654248 -0.010478877096094682 0.012237453160903362 -0.026707720173910366 0.0037077277025171912 -0.0017189524821996801 -0.028876983150251556 0.013437447230346377 -0.0022370027433583888 -0.028954330643650127 -0.003803686659757801 0.0037104183582068644 0.010671162959170139 0.012284807570193079
leaf_weight=1203.0970517583191 262.5723440181464 329.3576535563916 8491.1207672357559 633.22492043115199 453.79885057359934 65.912132035940886 678.88809994980693 482.19808908179402 172.91244875639677 38.271019399166107 983.66411966364831 198.67908627167344 131.44450886175036 1906.8627395424992 1175.1505361590534 26.564345370978117
leaf_count=6888 1650 2461 59688 4484 3210 379 3968 3181 1044 198 6131 1130 867 13155 7624 153
internal_value=-0.000162749 0.00373428 -0.00159061 -0.00394197 0.00234356 0.0074308 -0.00548701 -0.00982099 -0.0146168 -0.00271606 -0.00594375 -0.015639 -0.0191967 0.00540427 0.00642728 -0.0154383
internal_weight=17233.7 4614.47 12619.3 4128.13 808.848 546.275 3319.28 1288.34 806.137 2030.95 1352.06 368.395 330.124 3411.37 3082.01 92.4765
internal_count=116211 30128 86083 26395 5392 3742 21003 8709 5528 12294 8326 2195 1997 23240 20779 532
cat_boundaries=0 4 8 12
cat_threshold=1143232167 2751473729 1342898632 44 268992576 14190370 103025712 17 1140851712 2113 1074462856 8
is_linear=0
shrinkage=0.0659825


Tree=215
num_leaves=17
num_cat=5
split_feature=2 17 16 16 2 2 21 3 4 22 23 16 11 11 2 23
split_gain=18.973 9.5264 9.61941 9.41819 17.9421 12.0548 10.9283 15.1634 11.3447 12.5585 11.2544 9.59054 9.28619 9.21173 9.65347 8.70273
threshold=0 37.695000000000007 85.460000000000022 80.330000000000013 1 2 1016.85 3 5.5000000000000009 0.26242317513519159 0.35585607045236883 71.780000000000015 83.500000000000014 -3.4999999999999996 4 0.24386470281513214
decision_type=9 8 8 8 9 9 10 9 2 2 2 10 10 8 9 2
left_child=1 13 15 5 -5 6 -2 -8 9 -9 11 -11 -7 -1 -15 -3
right_child=3 2 -4 4 -6 12 7 8 -10 10 -12 -13 -14 14 -16 -17
leaf_value=-0.0057133191046559572 -0.0097157274775849511 0.00071710015505277544 -0.0092890933443161242 0.0077128456194172695 -0.0052619204223407524 -0.0011207151017464227 0.0055168163752802183 -0.023118036612233279 0.012549824942296842 0.023198139066967008 -0.026792519632952021 -0.013463383569533426 0.027474216646120399 0.00065549224932230426 0.017556873197451271 0.0068283442316486457
leaf_weight=140.1231956332922 1556.0255493111908 3070.3757381429896 302.9526637122035 1173.2016613250598 747.53546462953091 6886.4557629032061 635.51636274904013 254.88051857613027 78.082418616861105 79.990590736269951 42.97863045707345 43.463968448340893 43.563066881150007 220.95845879986882 486.509810321033 1510.1585370171815
leaf_count=997 9687 22161 1676 6653 4097 49233 4948 1822 509 459 238 241 357 1410 3149 8958
internal_value=4.88814e-06 0.00310312 0.00198142 -0.00153576 0.0026752 -0.00237922 -0.00611297 -0.00120083 -0.00963071 -0.01409 7.19653e-05 0.0102641 -0.000915069 0.00954052 0.0125853 0.00273847
internal_weight=17272.8 5731.08 4883.49 11541.7 1920.74 9620.96 2690.94 1134.91 499.396 421.314 166.433 123.455 6930.02 847.591 707.468 4580.53
internal_count=116595 38351 32795 78244 10750 67494 17904 8217 3269 2760 938 700 49590 5556 4559 31119
cat_boundaries=0 4 8 12 14 17
cat_threshold=151351718 36768808 335856704 118 1883769872 344064001 168296448 9 3758096897 4235266 1242638752 129 516 8 134225952 1117216 262144
is_linear=0
shrinkage=0.0659825


Tree=216
num_leaves=17
num_cat=2
split_feature=19 16 5 3 16 22 0 22 9 5 22 18 10 4 18 18
split_gain=9.29616 15.7125 9.87544 8.47946 11.6109 14.5288 13.2521 12.7085 12.7197 12.6104 12.396 12.1363 11.7912 11.1634 14.3737 12.7533
threshold=0.15500000000000003 58.460000000000008 12.500000000000002 0 59.540000000000006 0.19820548571619309 1 0.14767633388631754 41.500000000000007 16.500000000000004 0.12837455973295778 6.3292900000000003 2.5000000000000004 5.5000000000000009 13.233970000000001 17.83709
decision_type=10 10 2 9 8 2 9 2 2 2 2 10 2 2 10 10
left_child=3 -2 -3 -1 11 6 7 -6 -9 10 -8 -5 -11 15 -15 -13
right_child=1 2 -4 4 5 -7 9 8 -10 12 -12 13 -14 14 -16 -17
leaf_value=-0.0018709715456787989 -0.016787814157687209 0.043409209033296883 0.0089438323006337493 -0.0046155974745015456 0.023356863886997866 -0.0035187958695493044 -0.027358674553338715 -0.0093451746868383478 0.019159654380848851 0.044215898004829911 0.010361267429851934 0.0041761502266623026 0.0066590528154006961 0.0055758374163963221 -0.01689554962320975 0.014211601699980116
leaf_weight=8456.2758622500114 49.951767034828663 61.042299892753363 87.522746643051505 661.80162173509598 71.572774063795805 3269.6721655149013 36.736548162996769 455.32124642655253 73.998595017939806 84.22506370767951 328.90823166631162 2314.4247621204704 65.182276479899883 284.74617046304047 210.22355757467449 721.49473693873733
leaf_count=57157 268 327 444 4954 617 19895 508 3448 450 460 2689 16720 459 2038 1579 4370
internal_value=-0.000222358 0.0137531 0.0242848 -0.000390206 0.00107073 -0.00130084 0.00518108 -0.00155297 -0.00518327 0.0127472 0.00617573 0.00355222 0.0287555 0.00508858 -0.00405981 0.00658538
internal_weight=17233.1 198.517 148.565 17034.6 8578.31 4385.62 1115.94 600.893 529.32 515.052 365.645 4192.69 149.407 3530.89 494.97 3035.92
internal_count=116383 1039 771 115344 58187 28526 8631 4515 3898 4116 3197 29661 919 24707 3617 21090
cat_boundaries=0 1 2
cat_threshold=2282229250 58
is_linear=0
shrinkage=0.0659825


Tree=217
num_leaves=17
num_cat=5
split_feature=2 24 2 16 24 11 16 2 24 4 2 2 23 14 20 17
split_gain=19.845 8.96811 11.5144 8.75432 11.247 8.21386 7.7443 7.86024 7.93227 7.24913 11.5378 9.35742 7.2473 11.3145 7.13658 6.94277
threshold=0 0.13380447585394586 1 92.480000000000004 0.24172928217099507 47.500000000000007 91.670000000000016 2 0.44461302277606535 1.0000000180025095e-35 3 4 0.14534574715770457 6.5000000000000009 5.5000000000000009 46.245000000000005
decision_type=9 8 9 8 8 8 10 9 8 2 9 9 2 8 8 10
left_child=1 2 12 6 5 -5 7 8 -2 10 -3 -11 13 -1 -15 -4
right_child=3 9 15 4 -6 -7 -8 -9 -10 11 -12 -13 -14 14 -16 -17
leaf_value=-0.025095446864212712 -0.0099144061603759163 -0.0023073315708977385 -0.0064072945953128199 -0.00059569298352637567 -0.0052332761960333027 0.035176761766119821 -0.02195845059790064 -0.00088952975703807124 0.009952781206936552 -0.00064152042170222471 0.016168401966806304 0.0059281963005664894 -0.014418752893172978 0.049193007490420597 0.0058066695849108866 0.0095484067366591006
leaf_weight=35.857573997229338 735.06271337065846 209.41783717088401 168.54768681898713 40.103530585765839 96.55081370100379 84.399762164801359 74.087163519114256 10320.835829891264 94.12679798156023 1473.2159310095012 487.75784894824028 2619.1577727952972 352.42059436812997 15.606032971292732 76.499700076878071 368.80363089032471
leaf_count=534 4714 1342 1321 217 488 442 406 70309 512 9386 3032 17180 3020 108 802 2723
internal_value=0.000312749 0.00344883 -0.00215974 -0.00128141 0.01154 0.0241761 -0.00154134 -0.00139346 -0.00751169 0.00464905 0.0108445 0.00357869 -0.00940884 0.00371668 0.0158148 0.00444578
internal_weight=17252.5 5807.28 1017.74 11445.2 221.054 124.503 11224.1 11150 829.19 4789.55 697.176 4092.37 480.384 127.963 92.1057 537.351
internal_count=116536 39448 8508 77088 1147 659 75941 75535 5226 30940 4374 26566 4464 1444 910 4044
cat_boundaries=0 4 8 11 14 17
cat_threshold=2885753857 2519829058 831143970 96 134223872 302024704 285343744 64 4457248 0 3156488 536872960 1049088 9043968 2214658049 271646784 16384
is_linear=0
shrinkage=0.0659825


Tree=218
num_leaves=17
num_cat=2
split_feature=24 7 9 4 0 24 7 24 7 3 5 24 24 24 18 24
split_gain=13.5451 13.524 18.9124 13.7218 20.6686 26.1874 17.4256 21.4886 13.431 13.3576 11.55 11.2877 15.6233 13.1375 11.1098 10.758
threshold=0.62194460871279333 16.500000000000004 41.500000000000007 1.0000000180025095e-35 0 0.1631689949675291 5.5000000000000009 0.31198770491803285 10.500000000000002 1 6.5000000000000009 0.34555756318454578 0.32775632775632785 0.37728539708036096 14.384750000000002 0.54947799308998058
decision_type=10 2 2 2 9 10 2 10 2 9 2 10 10 10 10 8
left_child=1 2 3 4 5 -1 -6 8 -8 -3 -11 12 -12 14 -13 -5
right_child=-2 9 -4 15 6 -7 7 -9 -10 10 11 13 -14 -15 -16 -17
leaf_value=-0.0066205974700877974 -0.025266154474532766 -0.0010065258372462724 0.0046182311115329153 -0.0043786085586683798 0.0148254732470894 0.036409187725421378 0.0099171826320204482 -0.028637989976064353 -0.010754804976276637 -0.011160604245797859 0.0046341606810536033 0.047137516118252225 -0.019352220658487872 0.0081787258452463742 0.011272358989437143 0.013990138315366578
leaf_weight=95.628388494253159 87.506157193332911 3252.7411041595042 1724.1409612279385 7099.0576690565795 218.17159669287503 158.53596586920321 273.01728208176792 141.5718804821372 262.06165250018239 183.02143819257617 2688.9038705211133 72.986846134066582 117.55427051708102 654.03537999093533 81.513903174549341 135.64501072466373
leaf_count=982 582 22304 11791 48094 1435 1062 1788 782 1750 2261 17660 425 680 3664 444 827
internal_value=-0.000254179 -0.000117475 -0.00166422 -0.00295871 0.0037247 0.0196927 -0.00112197 -0.00636887 -0.000214457 0.00209942 0.00474691 0.00558324 0.0035887 0.0124258 0.0293883 -0.00402244
internal_weight=17246.1 17158.6 10107.8 8383.69 1148.99 254.164 894.822 676.651 535.079 7050.76 3798.02 3614.99 2806.46 808.536 154.501 7234.7
internal_count=116531 115949 68511 56720 7799 2044 5755 4320 3538 47438 25134 22873 18340 4533 869 48921
cat_boundaries=0 1 2
cat_threshold=4624 134743556
is_linear=0
shrinkage=0.0659825


Tree=219
num_leaves=17
num_cat=5
split_feature=24 24 24 0 0 1 24 13 3 6 13 5 24 24 1 5
split_gain=13.481 10.2318 21.9676 16.7396 9.62542 9.47869 14.9886 13.2269 12.7264 13.0122 12.1819 11.4296 10.5264 9.69471 9.14696 9.20279
threshold=0.089018978564919388 0.50315460552503788 0.52091940427800376 0 1 2 0.11238132566849579 230.50000000000003 3 1601.5000000000002 585.50000000000011 16.500000000000004 0.11902132520944404 0.20096401737438183 4 9.5000000000000018
decision_type=10 10 10 9 9 1 10 8 9 2 8 2 10 10 1 2
left_child=-1 4 14 -4 -2 6 -6 -7 -8 12 11 -9 -10 -13 -3 -16
right_child=1 2 3 -5 5 7 8 10 9 -11 -12 13 -14 -15 15 -17
leaf_value=-0.007978376777980906 -0.0015762056891164816 0.0060290552613735775 0.0092521835806476452 -0.0144604304338462 -0.022815701297037631 0.039833119592774871 -0.010837113574385587 -0.009921364043118051 0.033931476575599563 0.029154627575470254 0.0061742254070053298 -0.0044407371553956288 0.00045505181910845819 0.01462107267283703 0.0043436372524576035 0.041033072933582715
leaf_weight=918.16094757243991 8902.4714842475951 92.42415452003479 303.57127793133259 201.70642325282097 122.63710220903158 38.569387230090797 387.7767595872283 466.55360958725214 35.26954085752368 66.873121049255133 2410.7783798407763 238.81902037747204 2752.7343662511557 215.94858786836267 40.843656305223703 121.97796404361725
leaf_count=8447 61776 512 1672 1317 827 237 2878 3224 229 358 16556 1561 15296 1175 266 614
internal_value=-0.000225705 0.000211231 0.00765307 -0.000376666 -0.000153589 0.00172609 -0.000748354 0.0041985 0.000128486 0.00167038 0.00371228 -0.00272796 0.000953434 0.0046863 0.0231779 0.03233
internal_weight=17317.1 16399 760.523 505.278 15638.4 6735.96 3365.29 3370.67 3242.65 2854.88 3332.1 921.321 2788 454.768 255.246 162.822
internal_count=116945 108498 4381 2989 104117 42341 19588 22753 18761 15883 22516 5960 15525 2736 1392 880
cat_boundaries=0 1 2 3 4 5
cat_threshold=26664 2078 1 1030 2
is_linear=0
shrinkage=0.0659825


Tree=220
num_leaves=17
num_cat=1
split_feature=5 9 15 24 1 21 7 16 7 20 16 5 7 16 18 24
split_gain=7.39329 10.8861 9.49156 13.0381 8.55701 8.29459 8.60224 7.27587 6.7238 11.8562 11.2945 32.1993 17.2132 11.2973 12.6428 10.8054
threshold=7.5000000000000009 7.5000000000000009 190.00000000000003 0.19167416925847114 0 1019.9500000000002 21.500000000000004 35.330000000000005 7.5000000000000009 0.37500000000000006 78.890000000000015 19.500000000000004 10.500000000000002 82.490000000000023 13.233970000000001 0.17709601873536301
decision_type=2 2 10 10 1 10 2 8 2 8 8 2 2 10 10 10
left_child=1 -1 4 -4 -3 -5 -7 -6 9 -2 -10 12 13 -12 -15 -14
right_child=8 2 3 5 7 6 -8 -9 10 -11 11 -13 15 14 -16 -17
leaf_value=0.010535293099395365 0.037168259687753759 -0.0036131658380305362 -0.013494874760963609 0.0050240686173276122 -0.00071679722321725677 0.051718765871276946 -0.005006303399080243 -0.02086117731546782 0.0003012304401880023 -0.0019035204095420449 0.0017628872870871718 0.033369921578373138 0.010878768659290231 0.011205407269695628 0.043204458632740035 -0.0024133880519282272
leaf_weight=176.42278466559947 27.82184974104166 442.06644301116467 125.52500269934535 154.76976705528796 100.05016618408263 32.779617391526699 15.122243363410233 356.43382979277521 8928.6956609282643 4723.4171119146049 151.03193813934922 161.66774423792958 328.44645316898823 133.28551869466901 91.507260639220476 1296.1381233874708
leaf_count=1848 143 4763 1876 1824 1496 408 210 5466 57019 29262 886 775 2196 742 440 7154
internal_value=4.19963e-05 -0.00453763 -0.0067477 0.00281684 -0.0102365 0.0130209 0.0352991 -0.0165153 0.000449254 -0.00162624 0.0013388 0.00561043 0.00327011 0.0158717 0.0250471 0.00030529
internal_weight=17245.2 1403.17 1226.75 328.197 898.55 202.672 47.9019 456.484 15842 4751.24 11090.8 2162.08 2000.41 375.825 224.793 1624.58
internal_count=116508 17891 16043 4318 11725 2442 618 6962 98617 29405 69212 12193 11418 2068 1182 9350
cat_boundaries=0 1
cat_threshold=1
is_linear=0
shrinkage=0.0659825


Tree=221
num_leaves=17
num_cat=6
split_feature=2 8 4 2 24 19 17 2 22 2 2 0 8 17 24 17
split_gain=18.015 11.6987 8.07509 7.72622 9.2517 8.4184 11.4115 8.30514 8.14935 12.657 11.7933 11.4696 9.86785 8.08296 7.99378 9.04526
threshold=0 8.5000000000000018 5.5000000000000009 1 0.52091940427800376 0.025000000000000005 88.785000000000011 2 0.21947959459440627 3 4 5 28.500000000000004 93.265000000000015 0.12797452407614784 46.655000000000008
decision_type=9 2 2 9 8 10 10 9 2 9 9 9 2 10 8 10
left_child=1 2 -1 8 5 13 -7 -8 9 -2 12 -11 14 -5 -10 -16
right_child=3 -3 -4 4 -6 6 7 -9 10 11 -12 -13 -14 -15 15 -17
leaf_value=-0.022195411655633449 -0.016840473953412895 0.0047325749517410573 0.02376024344371569 -0.0031437039295278534 -0.016785536571030307 0.025870399055440016 -0.020733968221009012 0.0075387088059720398 0.026820683154316252 0.013395226372701989 0.00034542180208645351 -0.0010215784701033135 0.041221300697504758 0.011377246448683145 -0.0043704116008489334 0.010722001532974257
leaf_weight=104.58644762076437 192.05372676253319 4328.0238739224151 14.318697307258843 4968.9397641345859 185.86456388607621 101.92600783705711 48.64377686008811 133.51295494474471 84.255201768130064 238.68145548179746 1671.1292247064412 4158.7338647572324 35.53869690746069 166.66468580812216 247.77416398376226 544.7883830703795
leaf_count=923 1290 29014 126 33074 1102 492 258 687 538 1679 9745 31502 393 1060 1399 3120
internal_value=0.000545355 0.0041542 -0.0157519 -0.00071463 -0.0025465 -0.00204412 0.00889342 -0.00114873 0.00071947 -0.000948301 0.00368013 -0.000192645 0.00963565 -0.00265921 0.00818208 0.00600647
internal_weight=17225.4 4446.93 118.905 12778.5 5605.55 5419.69 284.083 182.157 7172.95 4589.47 2583.49 4397.42 912.356 5135.6 876.818 792.563
internal_count=116402 30063 1049 86339 36673 35571 1437 945 49666 34471 15195 33181 5450 34134 5057 4519
cat_boundaries=0 4 8 11 14 17 18
cat_threshold=3276550146 395938082 9437258 184 211847253 6422609 772358820 69 0 8 16 136314880 4194304 128 136349696 4194304 167772288 24576
is_linear=0
shrinkage=0.0659825


Tree=222
num_leaves=17
num_cat=4
split_feature=2 23 4 2 13 24 21 14 2 24 18 24 2 4 17 24
split_gain=22.1166 12.7353 19.2584 14.2075 14.4281 12.3585 13.6197 11.0644 12.1729 10.1436 9.95937 9.36194 9.33054 10.6454 8.99818 10.693
threshold=0 0.34857467486614446 4.5000000000000009 1 224.50000000000003 0.11145095914974691 1029.6500000000003 11.500000000000002 2 0.16389860139860143 1.0000000180025095e-35 0.11499128919860628 3 1.0000000180025095e-35 84.335000000000022 0.10962368976219668
decision_type=9 2 2 9 8 10 8 10 9 10 10 10 9 2 10 10
left_child=14 3 5 -2 -5 -3 7 8 -7 11 -9 -4 13 -12 -1 -16
right_child=1 2 9 4 -6 6 -8 10 -10 -11 12 -13 -14 -15 15 -17
leaf_value=-0.0057709877616076788 -0.0072591194160028993 -0.015632385036926159 -0.013470516908718443 0.028032517165489303 0.00078602723317466113 -0.0047848178219648506 -0.0036862278355446897 -0.019201905632530554 0.013141068848754113 -0.010008023575230153 0.035633430203481614 0.02346043193015071 0.027142807857949928 0.0035025052399914485 0.024710216878119095 -0.00052696845148705808
leaf_weight=3356.9295024946332 976.04104024544358 78.259677708148956 40.269671354442835 79.104164974298328 9941.4017455335706 245.09858417883515 251.37699138186872 24.01076577976346 460.7449444886297 416.5489388667047 50.333039406687021 81.781095784157515 378.03167097084224 225.77543469518423 77.48961235024035 573.23789359163493
leaf_count=22471 6549 564 270 495 70442 1342 1371 148 2500 2377 287 526 1977 1232 471 3380
internal_value=-0.000100377 0.00119957 0.00571349 0.000273435 0.00101743 0.00912656 0.0103663 0.0129238 0.00704642 -0.00512582 0.0189211 0.0112128 0.0204888 0.00967571 -0.00438507 0.00268464
internal_weight=17256.4 13248.8 2252.23 10996.5 10020.5 1713.63 1635.37 1383.99 705.844 538.6 678.151 122.051 654.14 276.108 4007.66 650.728
internal_count=116402 90080 12594 77486 70937 9421 8857 7486 3842 3173 3644 796 3496 1519 26322 3851
cat_boundaries=0 4 7 11 15
cat_threshold=2684425201 207168008 1697122312 20 203431936 32769 8601600 276849664 553649152 32768 1 16794624 8389744 16416 1
is_linear=0
shrinkage=0.0659825


Tree=223
num_leaves=17
num_cat=3
split_feature=2 8 17 16 22 2 16 23 23 13 7 4 13 8 16 2
split_gain=25.1321 10.3204 9.47267 10.6419 9.9404 9.32325 13.8373 9.18778 7.9259 15.7065 11.4669 13.2272 17.3749 16.1637 10.7705 10.8498
threshold=0 26.500000000000004 75.720000000000013 46.670000000000009 0.17950851840707219 1 85.460000000000022 0.15352872006943283 0.24718244009963153 224.50000000000003 1.0000000180025095e-35 4.5000000000000009 308.50000000000006 17.500000000000004 30.110000000000003 2
decision_type=9 2 10 10 2 9 8 2 2 8 2 2 10 2 8 9
left_child=1 -1 3 -3 -4 6 -2 -5 9 -7 -10 14 13 -13 -12 -16
right_child=5 2 4 7 -6 8 -8 -9 10 -11 11 12 -14 -15 15 -17
leaf_value=0.0036296315315997064 -0.0039505190516281015 0.024049379696777548 0.0037865439758958258 -0.029868234376021967 0.035228878534438166 0.034713127479507937 -0.028028466202732246 0.0045122901030532226 -0.028910112771878795 -0.0014863939543156434 0.029674198516308051 -0.014097916580783486 -0.025709415882584356 0.0086672963076544693 0.014218270068468809 0.0024111557857126775
leaf_weight=3870.2163245268166 1460.5196698959917 103.70166302658617 67.730257606133819 33.124849611893296 126.65497233346105 46.275116578675807 105.99283128604293 234.75444016233087 42.708264734596014 8318.5750659378245 74.167827017605305 205.20172391459346 129.34900452569127 373.25892026722431 420.29647667426616 1594.7687672087923
leaf_count=26720 8487 936 527 360 977 287 566 1617 248 59625 388 1324 690 2271 2387 8913
internal_value=0.000579845 0.00484856 0.013138 0.00676422 0.0247322 -0.000907668 -0.00564858 -0.000322671 -0.000237624 -0.00126039 0.00277038 0.00331744 -0.00445026 0.000527297 0.00595447 0.00499244
internal_weight=17207.3 4436.18 565.966 371.581 194.385 12771.1 1566.51 267.879 11204.6 8364.85 2839.75 2797.04 707.81 578.461 2089.23 2015.07
internal_count=116323 31137 4417 2913 1504 85186 9053 1977 76133 59912 16221 15973 4285 3595 11688 11300
cat_boundaries=0 4 8 12
cat_threshold=42475522 86190336 268716448 229 83985216 2283274832 538117128 16 1077938304 545259528 134225936 8
is_linear=0
shrinkage=0.0659825


Tree=224
num_leaves=17
num_cat=2
split_feature=7 7 21 21 0 7 21 21 7 5 17 7 18 4 0 21
split_gain=7.67248 20.1354 23.1812 20.4756 13.6832 18.2321 17.4951 12.9266 22.5725 12.454 18.2998 12.3553 15.4948 14.4537 13.3958 12.3701
threshold=23.500000000000004 19.500000000000004 1025.5500000000002 1025.9500000000003 0 16.500000000000004 1007.1500000000002 1014.9500000000002 17.500000000000004 9.5000000000000018 57.240000000000002 4.5000000000000009 25.892550000000004 1.0000000180025095e-35 1 1017.35
decision_type=2 2 10 8 9 2 8 10 2 2 10 2 8 2 9 10
left_child=1 4 -3 -4 6 11 -1 -7 -9 -10 -11 13 -13 -6 -14 -15
right_child=-2 2 3 -5 5 7 -8 8 9 10 -12 12 14 15 -16 -17
leaf_value=0.031111127487196886 0.0021122089865071394 -0.011911656341815862 0.075589637371390822 0.0048897062920661332 0.014873315361211033 0.0021668670632955284 0.0038221781876321033 -0.0041662661895200386 -0.00051019646726604018 0.018337210019377281 0.062855175203566996 -0.0041727321713590703 -0.0037621710477034826 -0.004206017050657665 0.032996274913380634 0.0054741506459480256
leaf_weight=105.97544036991894 4518.3982233386487 1108.2708535119891 16.687294840812683 84.776171699166298 313.89446690306067 878.91426148079336 1190.8420461667702 134.36285230889916 46.454561779275537 102.9263165332377 69.00801245868206 6137.8828710503876 81.755715970881283 1340.7778004277498 76.486783571541309 996.20527138188481
leaf_count=584 31606 7153 140 651 2188 5040 7270 952 431 641 339 42233 456 8834 393 7293
internal_value=-0.000220765 -0.00105239 -0.00912615 0.0202261 -0.000196758 -0.00101285 0.00614349 0.00649261 0.0170454 0.0298488 0.0377819 -0.00205101 -0.00364096 0.00172499 0.0163606 -7.59793e-05
internal_weight=17203.6 12685.2 1209.73 101.463 11475.5 10178.7 1296.82 1231.67 352.752 218.389 171.934 8947 6296.13 2650.88 158.242 2336.98
internal_count=116204 84598 7944 791 76654 68800 7854 7403 2363 1411 980 61397 43082 18315 849 16127
cat_boundaries=0 1 2
cat_threshold=16833 26
is_linear=0
shrinkage=0.0659825


Tree=225
num_leaves=17
num_cat=3
split_feature=2 22 22 16 2 24 21 4 4 2 21 24 16 21 6 9
split_gain=27.5883 10.3914 9.43945 8.41352 16.1022 12.4122 9.29382 8.84837 18.86 16.0749 8.55399 11.3301 8.31882 8.56013 8.23637 8.15366
threshold=0 0.23450766719656943 0.16507560842321276 77.540000000000006 1 0.57549051534641393 1002.1500000000002 3.5000000000000004 5.5000000000000009 2 1020.2500000000001 0.2499422766104826 60.890000000000008 1013.2500000000001 2459.5000000000005 38.500000000000007
decision_type=9 2 2 10 9 10 8 2 2 9 10 10 10 10 2 2
left_child=1 2 12 -2 -5 6 -6 10 14 -10 -8 -12 -1 -14 15 -9
right_child=3 -3 -4 4 5 -7 7 8 9 -11 11 -13 13 -15 -16 -17
leaf_value=0.0040414610651841971 -0.0019031996724960644 0.0096883823395356259 0.00051237634939000655 -0.0064766578280157725 0.030816453170365909 -0.028341105853616405 0.010598554788210555 -0.010054606406475286 -0.0081041925092942852 0.02383855947359188 0.01215369156984774 -0.021908871545768725 0.026727479304306585 0.0050290052487847433 -0.026392548781360742 0.0081023301161970498
leaf_weight=693.90945054031909 9693.2579136313871 1410.873194988817 2240.6706258654594 694.92409691400826 56.380677290260792 41.494790397584438 1071.8350982237607 312.70778479427099 98.001162741333246 184.44012632593513 76.391556899994612 82.022216256707907 170.43789323791862 149.78789610229433 78.495851188898087 156.97990884631872
leaf_count=6058 68107 7888 15692 3826 273 211 5775 1912 616 1083 629 517 1106 1433 441 911
internal_value=0.000636633 0.00495896 0.00290946 -0.000975501 0.00216954 0.00497045 0.00572814 0.00495075 -0.000314027 0.0133646 0.008489 -0.00564499 0.00817012 0.0168682 -0.00743283 -0.00395947
internal_weight=17212.6 4665.68 3254.81 12546.9 2853.67 2158.75 2117.25 2060.87 830.625 282.441 1230.25 158.414 1014.14 320.226 548.184 469.688
internal_count=116478 32177 24289 84301 16194 12368 12157 11884 4963 1699 6921 1146 8597 2539 3264 2823
cat_boundaries=0 4 8 11
cat_threshold=3818913827 56166674 1219568780 4 4203520 738205792 17449024 9 268437504 131073 16
is_linear=0
shrinkage=0.0659825


Tree=226
num_leaves=17
num_cat=6
split_feature=2 13 2 8 2 21 17 2 2 16 2 21 17 16 18 7
split_gain=17.7946 9.00502 8.88577 9.07087 12.9963 10.6961 10.2524 17.1047 13.2426 8.95254 8.93171 8.76197 8.55217 7.87888 7.54556 8.28112
threshold=0 217.50000000000003 1 17.500000000000004 2 1027.0500000000002 54.165000000000006 3 4 74.480000000000004 5 1024.1500000000003 94.080000000000013 87.890000000000015 20.138650000000002 15.500000000000002
decision_type=9 8 9 2 9 8 10 9 9 10 9 8 8 10 8 2
left_child=12 -2 -3 4 5 -4 8 -8 -5 -6 -11 13 -1 -12 15 -9
right_child=1 2 3 6 9 -7 7 14 -10 10 11 -13 -14 -15 -16 -17
leaf_value=0.0032625011360503664 0.015360766234225342 -0.0049325908238079478 -0.012918217565249206 -0.0057389427336971607 -0.0030088987219058796 0.0034548693840123464 -0.0025356085795059545 0.0036646964170568719 0.0025847562090833319 -0.0071277157897603567 0.022517629652795319 -0.010301907416716116 0.018656215824558869 -0.0066814263017308832 -0.0075991733718485969 0.011247296107148331
leaf_weight=4206.3259506067261 137.95070057595149 2285.1726729739457 821.03062923997641 1824.8956775218248 1225.1948100291193 216.99056097865105 1598.2767961304635 1471.0973206795752 1507.1388388965279 123.0617889072746 240.68673155643046 53.300156269222498 157.38788852095604 45.122006122022867 160.6901636607945 1099.053299789317
leaf_count=27425 809 15287 6372 12852 8950 1563 10492 10450 9697 823 1495 331 895 270 887 7569
internal_value=0.000203947 -0.00103638 -0.00122319 -0.000399467 -0.00366455 -0.00940529 0.000763576 0.0028794 -0.00198564 -5.54903e-05 0.00770842 0.0129552 0.00383481 0.0178635 0.00603442 0.00692659
internal_weight=17173.4 12809.7 12671.7 10386.5 2725.39 1038.02 7661.15 4329.12 3332.03 1687.37 462.171 339.109 4363.71 285.809 2730.84 2570.15
internal_count=116167 87847 87038 71751 19804 7935 51947 29398 22549 11869 2919 2096 28320 1765 18906 18019
cat_boundaries=0 4 8 11 15 18 21
cat_threshold=104895494 22677000 3241419136 69 2552299968 2147485776 656426 136 1627392048 805347585 268500992 25120 310419488 780173380 16 1082656784 203489281 276890128 524288 35651584 16896
is_linear=0
shrinkage=0.0659825


Tree=227
num_leaves=17
num_cat=5
split_feature=2 7 16 7 9 16 5 14 2 7 3 2 5 2 8 8
split_gain=17.813 9.94555 8.19166 7.73994 7.91532 7.77109 9.41461 9.47496 13.3828 7.08538 7.07563 9.75088 10.0521 20.0118 16.5077 14.1223
threshold=0 47.500000000000007 78.890000000000015 44.500000000000007 47.500000000000007 28.220000000000002 10.500000000000002 20.500000000000004 1 5.5000000000000009 2 3 16.500000000000004 4 27.500000000000004 12.500000000000002
decision_type=9 2 10 2 2 10 2 8 9 2 9 9 2 9 2 2
left_child=3 10 -3 5 -5 -1 7 -7 9 -9 -2 -12 14 -14 -13 -15
right_child=1 2 -4 4 -6 6 -8 8 -10 -11 11 12 13 15 -16 -17
leaf_value=0.0088881721099068368 -0.00056756222260388896 -0.02457289769090577 0.015431209604520128 0.0035266233567912493 0.038473901550811825 -0.0134008598205118 -0.0023796616899985179 0.053798842769010147 -0.0083575344975029709 0.010571627722937883 -0.00070957902495285814 0.00081187787349779918 0.0016920772544160086 -0.0029948097658009511 0.013687905745967259 0.017965362871462248
leaf_weight=207.64282638579607 3523.7028922624886 99.203786885365844 23.660594541579485 147.30491657741368 29.131885197013617 751.72314667142928 3622.6587494239211 17.548015963286161 218.53727456182241 68.973580669611692 2311.2591852815822 3562.8072222899646 1105.6593419965357 164.66284415498376 487.45245139300823 868.4905056450516
leaf_count=1504 24790 943 149 1077 178 7224 20089 183 2833 740 16086 25154 5734 911 4295 4413
internal_value=0.000353733 0.00172376 -0.0164953 -0.00292854 0.0104149 -0.00342893 -0.0039866 -0.00944887 0.000363074 0.0201936 0.00191983 0.00294781 0.00431191 0.00797249 0.00238021 0.0144874
internal_weight=17210.4 12146.9 122.864 5063.52 176.437 4887.08 4679.44 1056.78 305.059 86.5216 12024 8500.33 6189.07 2138.81 4050.26 1033.15
internal_count=116303 82475 1092 33828 1255 32573 31069 10980 3756 923 81383 56593 40507 11058 29449 5324
cat_boundaries=0 4 6 7 11 14
cat_threshold=134514117 37847841 2617395996 76 1024 65537 403196416 807409696 2165442560 8388610 177 58785792 336077832 570532864
is_linear=0
shrinkage=0.0659825


Tree=228
num_leaves=17
num_cat=4
split_feature=3 0 16 4 24 16 16 22 16 0 7 7 24 8 1 4
split_gain=8.03866 8.46592 9.5435 7.37619 6.97044 6.93402 6.14427 12.7477 5.72778 20.2106 16.3726 35.1112 11.7694 13.3029 10.4534 13.6654
threshold=0 1 72.500000000000014 1.5000000000000002 0.046507207088071947 14.540000000000001 92.480000000000004 0.18697376571672544 44.330000000000005 2 17.500000000000004 19.500000000000004 0.29501289371891698 20.500000000000004 3 4.5000000000000009
decision_type=9 9 8 2 10 8 10 2 8 9 2 2 10 2 1 2
left_child=1 2 3 -1 -3 -2 8 -8 9 -7 12 -12 -11 -14 -13 -16
right_child=5 4 -4 -5 -6 6 7 -9 -10 10 11 14 13 -15 15 -17
leaf_value=-0.013933517421302494 0.033207344867018811 -0.032930953256912587 0.030923355615593638 0.01271437843865331 0.0018095631708797417 -0.0063072878536271776 0.042160399273885998 0.0023451298219501131 -0.0021909456737044413 0.0032861803687070546 0.056623372603047263 0.015063561909754299 -0.019424582095527512 0.0033752364429155634 -0.0084407772459735263 0.018700439691385053
leaf_weight=56.65093981102109 19.332174845039845 19.182098235934973 87.67172634974122 158.01339941471815 2346.5476478394121 1218.0253662392497 35.842738132923841 213.34984154254198 10260.820811932907 1555.903958555311 63.124046934768558 380.47203961759806 233.82403793185949 204.92966421321034 266.00653792545199 108.58667844906449
leaf_count=377 164 183 482 995 17452 9727 216 1079 66716 10973 328 2378 1390 1219 1919 830
internal_value=-0.000511679 0.00280761 0.0129207 0.00548678 0.00143586 -0.00112202 -0.00118267 0.00896273 -0.0013634 0.000743295 0.00381241 0.0116476 0.000591246 -0.0088775 0.0074539 -0.00039547
internal_weight=17228.3 2668.07 302.336 214.664 2365.73 14560.2 14540.9 249.193 14291.7 4030.87 2812.85 818.189 1994.66 438.754 755.065 374.593
internal_count=116428 19489 1854 1372 17635 96939 96775 1295 95480 28764 19037 5455 13582 2609 5127 2749
cat_boundaries=0 2 3 4 5
cat_threshold=402663492 1 8 53841 1
is_linear=0
shrinkage=0.0659825


Tree=229
num_leaves=17
num_cat=6
split_feature=14 1 23 23 2 24 24 2 24 2 24 24 16 16 2 3
split_gain=11.9464 24.0133 16.5395 15.1539 13.1266 11.9844 11.1812 21.7664 17.3233 17.2285 16.8474 12.0595 12.2335 10.9615 11.8049 11.4871
threshold=19.500000000000004 0 0.18092528112104567 0.18932597750581642 1 0.14737556561085977 0.34021917309210131 2 0.33889677700752624 3 0.18077932927556992 0.19090035481963338 84.110000000000014 35.330000000000005 4 5
decision_type=10 1 2 2 9 10 8 9 10 9 10 10 8 8 9 9
left_child=4 2 -2 -3 -1 -4 8 -8 9 10 -6 -12 -13 14 15 -11
right_child=1 3 5 -5 6 -7 7 -9 -10 13 11 12 -14 -15 -16 -17
leaf_value=-0.0029033923757677904 0.0032544169144097328 0.0052971690897002143 0.074272442047148154 -0.012404805436657691 0.01030466056512851 0.026007756849456651 -0.00061613136323372252 0.010701867151790266 -0.041124302218942407 -0.0081134022151378472 -0.017314884527598308 0.0039520848679109374 -0.018798944685156482 -0.0029611870933248931 -0.0020291143431903883 0.019747847951304982
leaf_weight=4298.4489212883636 124.63462793081999 1239.5131594482809 23.574658930301666 247.27139795944095 1242.7654302641749 166.54949946701527 1534.2710560895503 1416.2515277676284 37.831817056983709 76.034017201513052 153.16935170814395 1153.2511721886694 106.72803104296327 4726.027945542708 439.69684011861682 287.82480059191585
leaf_count=28018 896 9745 169 1748 8809 1027 8844 8557 220 615 985 7052 567 33821 3320 2302
internal_value=0.000781873 0.00585738 0.0222263 0.00231353 0.000188774 0.0341642 0.00138061 0.00486175 0.000130521 0.000352399 0.0047037 -0.00021248 0.00194172 -0.00174587 0.00534807 0.0138279
internal_weight=17273.8 1801.54 314.759 1486.78 15472.3 190.124 11173.9 2950.52 8223.33 8185.5 2655.91 1413.15 1259.98 5529.58 803.556 363.859
internal_count=116695 13585 2092 11493 103110 1196 75092 17401 57691 57471 17413 8604 7619 40058 6237 2917
cat_boundaries=0 1 5 9 13 17 18
cat_threshold=1 2819469860 287507456 832086146 162 83887248 81266713 168035608 12 1191183745 207102226 134546456 20 10502160 41945089 147968 1 1026
is_linear=0
shrinkage=0.0659825


Tree=230
num_leaves=17
num_cat=5
split_feature=2 0 2 24 24 7 24 7 3 24 16 23 22 0 9 23
split_gain=20.161 8.19622 7.35404 9.22529 9.3852 16.3808 10.0068 12.0476 8.43803 8.30063 7.73154 7.61802 11.3817 11.7643 12.2319 11.1569
threshold=0 1 2 0.35385367762128334 0.305877616747182 21.500000000000004 0.313750659577059 31.500000000000004 3 0.34127789046653151 45.860000000000007 0.18899591098336627 0.17679187166492866 4 46.500000000000007 0.16167382779448658
decision_type=9 9 9 8 10 2 10 2 9 10 10 2 2 9 2 2
left_child=1 -1 11 4 -4 8 7 -7 -6 -10 -8 15 -13 14 -14 -2
right_child=2 -3 3 -5 5 6 10 -9 9 -11 -12 12 13 -15 -16 -17
leaf_value=-0.011393289556300356 -0.0048587369578776832 0.0039217740792292042 -0.00021061198103988768 -0.0048992377865846818 0.025488685768840395 -0.021340616612389302 0.0075491998415343556 0.034276832953616269 0.012590365678525135 -0.016717299924139405 -0.02571808788975562 -0.014105293238423321 -0.003783785151631274 -0.011644059199902662 0.0088783179957430385 0.0040110473163928739
leaf_weight=143.52059367485344 1326.729367474094 3814.7858216017485 4603.7733062114567 1597.2596711721271 189.06349352374673 21.719473790377378 39.168436884880066 39.37708349712193 183.55617199745029 48.262615514919162 100.79406411200762 558.32537887245417 2369.1457439661026 680.02803947404027 380.11829679645598 1144.0484379045665
leaf_count=1054 12128 23739 33561 9637 1146 158 247 218 1076 282 641 3838 13998 4369 2446 8184
internal_value=-0.000802827 0.00332218 -0.00203417 -0.000520292 0.000821406 0.00838682 -0.00696081 0.0143597 0.0157131 0.00595994 -0.0164835 -0.0036282 -0.00541546 -0.00397759 -0.00200965 -0.000751988
internal_weight=17239.7 3958.31 13281.4 6822.97 5225.71 621.941 201.059 61.0966 420.882 231.819 139.963 6458.4 3987.62 3429.29 2749.26 2470.78
internal_count=116722 24793 91929 46966 37329 3768 1264 376 2504 1358 888 44963 24651 20813 16444 20312
cat_boundaries=0 4 5 9 11 12
cat_threshold=608245601 8431106 1630544680 61 6 2577926148 268632424 101469382 194 268435462 8 2216
is_linear=0
shrinkage=0.0659825


Tree=231
num_leaves=17
num_cat=7
split_feature=2 7 2 0 9 0 23 9 2 2 2 7 23 9 5 6
split_gain=15.5705 15.1395 22.6008 11.0389 10.1139 14.2041 14.1094 15.7487 11.7371 11.2423 10.6602 10.0824 9.54059 9.34289 8.93473 8.43361
threshold=0 2.5000000000000004 1 2 18.500000000000004 3 0.16594373429940737 47.500000000000007 4 5 6 41.500000000000007 0.1764840204624808 54.500000000000007 17.500000000000004 1416.5000000000002
decision_type=9 2 9 9 2 9 2 2 9 9 9 2 2 2 2 2
left_child=-1 2 -2 -4 9 6 7 15 12 -3 14 -9 -8 -14 -7 -6
right_child=1 4 3 -5 5 10 8 11 -10 -11 -12 -13 13 -15 -16 -17
leaf_value=0.0032004276488173658 -0.019747250452121369 -0.0083291421708268087 -0.015545339479421329 0.0034253934070052135 0.0078337574317506233 0.0072957330439741164 -0.0071343825847467466 0.075015848106711761 -0.0020779359048675242 -0.0011264906508466547 0.0016802859193813138 0.0092819150208951207 -0.017114800597607907 -0.049800552645862965 0.038667828937046581 -0.02344654381449103
leaf_weight=3946.6482176585123 460.17900908179581 1335.899379927665 158.5871577616781 550.66509681008756 195.65478533878922 116.06165852025151 347.56163186952472 17.125551560893655 846.82987184822559 3165.8562957197428 5692.7019175803289 21.572195366024971 204.20070562139153 45.282815472222865 56.902080664411187 39.88774798810482
leaf_count=26134 3296 8835 1546 3605 1643 733 2793 133 5432 19566 40225 158 1516 294 283 331
internal_value=-0.000429759 -0.00151291 -0.00866225 -0.00106952 -0.000818257 0.000652518 -0.00459773 0.00895358 -0.00723076 -0.00329344 0.00219771 0.0447539 -0.0141728 -0.0241188 0.0176212 0.00206784
internal_weight=17201.6 13255 1169.43 709.252 12085.5 7583.78 1718.12 274.24 1443.88 4501.76 5865.67 38.6977 597.045 249.484 172.964 235.543
internal_count=116523 90389 8447 5151 81942 53541 12300 2265 10035 28401 41241 291 4603 1810 1016 1974
cat_boundaries=0 4 8 9 10 14 18 21
cat_threshold=50885074 83919170 933236098 7 1614872576 574620169 98320 8 12306 32866 1024 35782656 16 8 3087074304 268961792 1208238144 144 1024 0 134217728
is_linear=0
shrinkage=0.0659825


Tree=232
num_leaves=17
num_cat=1
split_feature=5 16 21 4 4 21 21 13 15 16 13 21 5 0 21 23
split_gain=9.02952 20.9216 16.7702 13.31 27.5911 25.9845 22.6684 12.1393 11.9119 32.2907 15.5811 11.0124 12.4054 10.5819 9.89544 11.5636
threshold=17.500000000000004 78.890000000000015 1017.5500000000001 5.5000000000000009 3.5000000000000004 1014.5500000000001 1010.7500000000001 219.50000000000003 38.500000000000007 64.220000000000013 214.50000000000003 1017.7500000000001 14.500000000000002 0 1013.5500000000001 0.35271662718360297
decision_type=2 8 10 2 2 8 10 8 8 8 10 10 2 9 10 2
left_child=8 7 3 4 5 6 -3 -2 9 11 -11 12 -1 -6 -9 -16
right_child=1 2 -4 -5 13 -7 -8 14 -10 10 -12 -13 -14 -15 15 -17
leaf_value=-0.012601657453079271 0.042866291914677154 0.028491661288300628 -0.0031898854053277015 0.043905842025653626 0.010409795735799711 0.047292582356634326 -0.016644721160715168 0.0045185326267934639 0.00024817294339590876 -0.0080034960062664723 -0.032658729748945861 0.01594794299507353 0.016215579907157263 -0.018955760099590477 -0.00041232959683260988 -0.01539310076840039
leaf_weight=207.30191015265882 23.838106779381633 106.85499952174723 208.22435862571001 73.250347752124071 86.645722314715385 134.9547709338367 79.287959359586239 1758.4407899919897 11356.114796616137 235.37539647705853 215.68715502135456 199.20986787509173 87.505061637610197 98.837734658271074 2071.7585766091943 245.37571170181036
leaf_count=1670 162 518 1027 325 411 621 359 8790 83301 1953 1459 1758 489 465 11736 1220
internal_value=0.000607695 0.00300498 0.0128065 0.0185238 0.0143636 0.0258947 0.00934952 0.00110416 -0.000345828 -0.00743814 -0.020078 0.0042093 -0.00388914 -0.00579157 0.000794681 -0.00203585
internal_weight=17188.7 4887.47 788.056 579.832 506.581 321.098 186.143 4099.41 12301.2 945.079 451.063 494.017 294.807 185.483 4075.58 2317.13
internal_count=116264 25634 3726 2699 2374 1498 877 21908 90630 7329 3412 3917 2159 876 21746 12956
cat_boundaries=0 1
cat_threshold=2576
is_linear=0
shrinkage=0.0659825


Tree=233
num_leaves=17
num_cat=7
split_feature=2 0 2 17 8 2 2 21 23 21 8 2 2 18 23 21
split_gain=14.9279 8.75768 14.7667 8.93018 11.3744 11.495 10.8482 9.46678 9.9421 10.1116 8.91465 10.4131 9.38551 8.22889 8.08536 9.99937
threshold=0 1 2 49.650000000000006 13.500000000000002 3 4 1027.1500000000003 0.26450825317821186 1012.7500000000001 13.500000000000002 5 6 20.138650000000002 0.20841362774803077 1016.5500000000001
decision_type=9 9 9 10 2 9 9 10 2 8 2 9 9 10 2 10
left_child=-1 2 -2 4 13 -6 14 8 9 -8 11 -3 -12 -4 15 -5
right_child=1 10 3 6 5 -7 7 -9 -10 -11 12 -13 -14 -15 -16 -17
leaf_value=0.0034336103447977573 -0.01058897459031994 0.0054955977397325839 0.0056645663169326826 -0.0001932155477448614 -0.013473543160266416 0.00017953143557978079 0.015204574641153311 0.033782420778060304 0.028862920467098686 0.0019217474687719387 0.00081018098673971367 -0.013722429131753059 -0.0037044546651305468 0.039039889611003971 -0.0032158385811906207 0.020580929999711818
leaf_weight=3743.9361895285547 408.97122509777546 151.76515254564583 169.36998877674341 261.5061650685966 385.46864362899214 817.4233167860657 351.00955170206726 57.349561080336571 82.793269449844956 834.81088460143656 3396.0162388402969 540.91952758096159 4870.2081503607333 34.367287632077932 897.55295292846859 157.86180758103728
leaf_count=25349 2534 1185 1283 1612 2665 5334 2046 475 532 5499 23465 4141 32941 217 5671 1240
internal_value=-0.000241608 -0.00126986 0.00111752 0.00233738 -0.00189865 -0.00435256 0.00459991 0.00876652 0.00754445 0.0059126 -0.00245783 -0.00961804 -0.00185399 0.0122881 0.000314493 0.007814
internal_weight=17161.3 13417.4 4458.48 4049.51 1406.63 1202.89 2642.88 1325.96 1268.61 1185.82 8958.91 692.685 8266.22 203.737 1316.92 419.368
internal_count=116189 90840 29108 26574 9499 7999 17075 8552 8077 7545 61732 5326 56406 1500 8523 2852
cat_boundaries=0 4 5 8 11 15 18 22
cat_threshold=3221225762 541165921 2150190344 46 25288 2732033 0 872546432 281021440 335544328 512 285215744 2148140040 50626562 128 536936448 33555456 41943104 283194884 319946768 1074176640 64
is_linear=0
shrinkage=0.0659825


Tree=234
num_leaves=17
num_cat=1
split_feature=19 16 19 19 4 20 7 16 8 24 3 24 16 24 24 24
split_gain=8.35387 14.8764 8.35721 7.52972 5.8985 5.80063 5.20047 17.015 5.58588 6.82695 5.94046 5.27124 8.70035 5.36411 7.02196 12.2614
threshold=0.15500000000000003 58.460000000000008 0.14500000000000005 0.27500000000000008 1.5000000000000002 0.18500000000000003 1.0000000180025095e-35 69.890000000000015 17.500000000000004 0.089018978564919388 0 0.62194460871279333 52.520000000000003 0.56436906969135137 0.52739040894380707 0.50315460552503788
decision_type=10 10 8 10 2 10 2 10 2 10 9 10 10 10 10 10
left_child=2 -2 5 -3 -4 -1 7 8 10 -10 -7 13 -13 14 15 -8
right_child=1 3 4 -5 -6 6 11 -9 9 -11 -12 12 -14 -15 -16 -17
leaf_value=0.024156950603532703 -0.017132087081131127 0.035657548925046419 -0.040125343346682163 0.004912442802536908 -0.0012395859948152546 0.012128244919979084 -9.8035019498636544e-05 -0.03274116749924752 0.027510944018876781 -0.0015736716649683256 -0.023742555404171063 0.015037135791820542 -0.028437197035794344 0.013489016250948295 -0.01081969972766739 0.013764443368725196
leaf_weight=36.549994200468063 47.234539479017258 84.982362125068903 32.569387301802635 59.612715594470501 30.924806792289019 20.732950799167156 15917.722579211462 84.014792609959841 47.133446326479316 100.99685218371451 44.474353251978755 24.037858001887798 60.388184119015932 122.56907240301371 252.15124186500907 276.47687810473144
leaf_count=232 249 438 170 313 144 174 108564 597 387 799 367 183 375 668 1489 1568
internal_value=-4.20547e-05 0.0134306 -0.00019849 0.0237103 -0.0229931 -0.000104871 -0.000166063 -0.00872418 0.00139617 0.00841929 -0.0138995 -1.00414e-05 -0.015876 7.6754e-05 -2.82853e-05 0.000143848
internal_weight=17242.6 191.83 17050.7 144.595 63.4942 16987.2 16950.7 297.352 213.338 148.13 65.2073 16653.3 84.426 16568.9 16446.4 16194.2
internal_count=116717 1000 115717 751 314 115403 115171 2324 1727 1186 541 112847 558 112289 111621 110132
cat_boundaries=0 1
cat_threshold=6
is_linear=0
shrinkage=0.0659825


Tree=235
num_leaves=17
num_cat=1
split_feature=9 18 8 9 18 7 20 6 1 13 18 4 4 7 5 7
split_gain=6.58584 6.37512 9.96789 8.31126 6.05088 5.69819 5.53043 5.24984 4.95216 52.7358 15.9069 24.7466 11.495 14.1357 25.9167 14.5215
threshold=55.500000000000007 24.741770000000006 25.500000000000004 25.500000000000004 27.043330000000001 3.5000000000000004 0.18500000000000003 495.00000000000006 0 235.50000000000003 17.83709 5.5000000000000009 5.5000000000000009 9.5000000000000018 10.500000000000002 2.5000000000000004
decision_type=2 10 2 2 10 2 8 2 1 8 10 2 2 2 2 2
left_child=1 6 3 4 5 -3 -1 -6 9 -8 -11 -12 -10 14 -14 -16
right_child=-2 2 -4 -5 7 -7 8 -9 12 10 11 -13 13 -15 15 -17
leaf_value=0.024593343057768977 0.014813120012242621 -0.0021199254796528313 0.035130677471302017 -0.0065284304165769344 0.020987534629688144 0.033837780837445465 0.097321067451546228 -0.007687109028634319 -0.0011507675981798973 0.00027353055766661467 0.01876956001601825 -0.023878748534484663 -0.015268917797741022 5.4836412557711052e-05 -0.008982994581427638 0.023682403051531388
leaf_weight=34.761299628764391 136.77636037021875 24.685690436512232 47.772217057645321 159.44486127048731 36.448199145495892 70.095588512718678 18.999703427776694 73.772678712382913 10551.245730333962 3910.0852999482304 417.65577800199389 63.375569958239794 111.87151249684393 1019.1889511626214 65.344121258705854 425.02810963988304
leaf_count=215 805 161 259 981 191 367 114 408 68169 30405 2739 498 1158 6989 418 2288
internal_value=0.00071262 0.000593981 0.00863759 0.00463149 0.0132478 0.0249205 0.00039128 0.00241205 0.000331307 0.00222402 0.00167492 0.0129166 -0.000355204 0.00480637 0.0127644 0.0192714
internal_weight=17166.6 17029.8 412.219 364.447 205.002 94.7813 16617.6 110.221 16582.8 4410.12 4391.12 481.031 12172.7 1621.43 602.244 490.372
internal_count=116165 115360 2367 2108 1127 528 112993 599 112778 33756 33642 3237 79022 10853 3864 2706
cat_boundaries=0 1
cat_threshold=4
is_linear=0
shrinkage=0.0659825


Tree=236
num_leaves=17
num_cat=0
split_feature=23 11 13 8 7 24 11 8 16 24 24 23 5 23 13 24
split_gain=12.6525 13.7752 16.3916 12.6864 11.9989 13.1666 10.4649 8.94319 11.0779 9.10092 9.42484 8.9047 9.18561 11.6099 9.81859 9.06606
threshold=0.34857467486614446 -1.0000000180025095e-35 435.50000000000006 11.500000000000002 4.5000000000000009 0.23932302153161053 32.500000000000007 29.500000000000004 25.520000000000003 0.062063366187077536 0.058715794009911663 0.35216773230507653 11.500000000000002 0.35302504536958529 217.50000000000003 0.38450824941075645
decision_type=2 10 8 2 2 10 10 2 10 10 10 2 2 2 10 10
left_child=7 3 6 -2 5 -5 -3 9 -9 10 -1 -6 13 -13 15 -15
right_child=1 2 -4 4 11 -7 -8 8 -10 -11 -12 12 -14 14 -16 -17
leaf_value=0.0018013827248297646 -0.024423057908468274 -0.0070380984255595308 -0.031760142325597471 0.0015324304573268916 0.014612172666305283 0.030344161673654311 0.016870394824399806 0.041992231476783166 0.004853228213865868 -0.0014816859102714309 0.029587394640950785 -0.026889538590119666 0.0066385914863309704 -0.0035453958186877602 -0.039363529949111568 0.015440123962701807
leaf_weight=151.81085361726582 52.35632311552763 282.69129528105259 83.493494465947151 113.38788615167141 333.69946615025401 173.18054343014956 103.82789121195674 31.932761181145906 451.59900573082268 13709.629981675651 76.271849052980542 74.150371827185154 1039.7276265509427 374.70976836979389 20.062172338366508 147.5606599971652
leaf_count=1417 316 1321 411 702 1929 885 757 281 4807 93947 578 507 5033 2716 130 839
internal_value=-0.000166222 0.00388858 -0.00635517 0.00596748 0.00673133 0.0192199 -0.000449602 -0.000954514 0.00781008 -0.00126194 0.0116341 0.00487833 0.0028696 -0.00348981 -2.07883e-05 0.00193778
internal_weight=17220.1 2798.85 470.013 2328.83 2276.48 286.568 386.519 14421.2 483.532 13937.7 228.083 1989.91 1656.21 616.483 542.333 522.27
internal_count=116576 15546 2489 13057 12741 1587 2078 101030 5088 95942 1995 11154 9225 4192 3685 3555
is_linear=0
shrinkage=0.0659825


Tree=237
num_leaves=17
num_cat=0
split_feature=21 18 21 14 15 13 8 16 20 5 8 16 17 13 18 16
split_gain=8.38536 13.4436 12.7511 12.4389 11.5145 21.2119 14.4714 10.8552 12.0542 11.9956 10.7647 10.2576 10.1146 9.91398 9.65978 11.2108
threshold=1029.0500000000002 7.4800700000000004 1028.4500000000003 3.5000000000000004 190.00000000000003 255.50000000000003 12.500000000000002 64.670000000000016 1.1250000000000002 10.500000000000002 20.500000000000004 30.560000000000006 47.690000000000005 238.50000000000003 27.043330000000001 44.330000000000005
decision_type=8 10 10 10 8 8 2 10 8 2 2 10 10 10 10 10
left_child=2 7 4 -3 13 6 -6 8 -2 -9 -5 -10 -4 -1 15 -12
right_child=1 3 12 10 5 -7 -8 9 11 -11 14 -13 -14 -15 -16 -17
leaf_value=-0.00035599317575775148 0.0093936263877684046 -0.010525039112100777 0.036422475574760006 0.0065746145617513576 -0.0066351132689740052 0.0018403330075448092 0.058051362250288521 -0.015336762447549859 -0.0016507895976997273 0.019316151393695982 0.0073007353886963867 -0.024139116586263547 0.0023251507474614432 -0.0053111687238260579 0.033212912532821021 -0.0097339067451815021
leaf_weight=6980.7620395277627 69.464459285140038 488.63226534239948 67.788820322602987 853.44968190975487 20.030079919844866 4731.4933125134557 42.769096026197076 74.726731944829226 114.24858168698847 87.985751233994961 225.90082062035799 397.6007785834372 79.42385833337903 2343.7410377040505 23.446563966572285 611.83306127041578
leaf_count=48738 404 3094 481 5416 128 33641 282 586 810 442 1436 2921 660 13957 127 3534
internal_value=-0.000710381 -0.00391045 -4.78401e-05 -0.00130879 -0.000253343 0.00237266 0.0386854 -0.0115397 -0.0157196 0.00342294 0.00134631 -0.0192 0.0188696 -0.00160421 -0.00384509 -0.00512036
internal_weight=17213.3 2947.29 14266 2203.26 14118.8 4794.29 62.7992 744.026 581.314 162.712 1714.63 511.849 147.213 9324.5 861.18 837.734
internal_count=116657 18770 97887 13607 96746 34051 410 5163 4135 1028 10513 3731 1141 62695 5097 4970
is_linear=0
shrinkage=0.0659825


Tree=238
num_leaves=17
num_cat=0
split_feature=17 5 18 16 4 6 22 22 20 22 16 16 15 9 4 4
split_gain=7.38599 9.73155 15.7688 13.3164 12.1127 11.0459 9.86751 18.9764 9.50826 16.7236 18.4483 13.7897 10.7177 10.6885 10.6497 11.8841
threshold=57.895000000000003 18.500000000000004 20.138650000000002 78.890000000000015 5.5000000000000009 1979.5000000000002 0.29066753021395769 0.25568794327131733 5.5000000000000009 0.22738800396642719 35.330000000000005 64.670000000000016 180.50000000000003 47.500000000000007 1.5000000000000002 1.0000000180025095e-35
decision_type=10 2 8 10 2 2 2 2 10 2 10 10 10 2 2 2
left_child=1 5 3 4 -3 -1 7 -7 9 10 -2 12 14 -12 15 -11
right_child=8 2 -4 -5 -6 6 -8 -9 -10 11 13 -13 -14 -15 -16 -17
leaf_value=-0.00365160240384872 0.0083703977870660251 -0.0055490582242487532 0.023788312088092397 0.014192499562648514 0.012254878082818705 0.0035989057637525151 -0.021050953373386347 0.050850185795955981 0.0021418399955608824 0.0076977437828659517 -0.016353721451337871 0.02614871684515948 -0.029428447661502117 0.004566693296901468 0.013946007280759036 -0.034518118792995052
leaf_weight=6044.462521366775 219.22365336492658 882.78762715682387 140.80320830922574 261.78560131788254 198.56785275787115 890.94314967468381 58.65215191245079 32.444723583757877 7230.8532948330976 60.356704048812389 665.70084730535746 112.84336786717176 40.394203446805477 123.49396154284477 186.13503419980407 46.640221033245325
leaf_count=43675 1171 5037 732 1242 1143 7089 311 183 48842 311 4044 622 214 753 963 216
internal_value=-0.000190828 -0.00157173 0.00327389 0.0010232 -0.00222815 -0.00259709 0.00387553 0.00558961 0.00116238 -0.00369428 -0.0083861 0.00687473 -7.08533e-06 -0.0130699 0.00457656 -0.011593
internal_weight=17196.1 8510.45 1483.94 1343.14 1081.36 7026.5 982.04 923.388 8685.64 1454.79 1008.42 446.37 333.526 789.195 293.132 106.997
internal_count=116548 59412 8154 7422 6180 51258 7583 7272 57136 8294 5968 2326 1704 4797 1490 527
is_linear=0
shrinkage=0.0659825


Tree=239
num_leaves=17
num_cat=5
split_feature=2 1 13 2 16 16 18 21 23 17 18 2 2 21 16 7
split_gain=13.0092 18.0183 20.7086 12.3599 11.3045 9.368 10.6081 9.31153 9.18498 9.00023 7.81452 25.1631 13.746 9.25397 9.16424 10.8759
threshold=0 1 266.50000000000006 2 55.670000000000009 59.540000000000006 15.535530000000003 1027.5500000000002 0.13709602548436403 81.730000000000004 7.4800700000000004 3 4 1029.6500000000003 47.480000000000011 1.5000000000000002
decision_type=9 1 8 9 10 10 10 10 2 10 10 9 9 8 8 2
left_child=1 2 -1 4 -4 6 7 -5 -8 -7 11 -2 14 -13 -12 -16
right_child=10 -3 3 5 -6 9 8 -9 -10 -11 12 13 -14 -15 15 -17
leaf_value=0.050564934425615944 -0.010838324296436299 -0.0047830821288075906 0.017216522487513389 -0.024022431626709646 0.0011627232827770492 -0.00059538889706278058 0.028243163956844099 0.012721876295383993 -0.0084895429314827513 0.027878234595526921 0.011971332488364961 0.0047378993780166755 0.00064263521861325425 -0.0077633797255387592 -0.023576977286390022 0.0045912761713961942
leaf_weight=33.361838070675731 874.72201984189451 4155.3030847683549 334.77268238179386 210.42940888926387 436.22502895817161 393.86478750966489 39.777195205911994 30.854088585823774 77.780562292784452 48.808108698576689 854.22083367593586 1542.5073915459216 6227.9934624349698 303.43881005048752 55.834388917312026 1604.5278508318588
leaf_count=198 6358 26844 2506 1903 2848 2616 356 343 542 316 5785 11787 41612 2094 395 10067
internal_value=6.70822e-05 -0.0024867 0.00343542 0.00223947 0.00811136 -0.00348518 -0.0113579 -0.0191213 0.00473718 0.0028882 0.0013522 -0.00173198 0.00231409 0.00264937 0.00641402 0.00355924
internal_weight=17224.4 5761.18 1605.87 1572.51 770.998 801.514 358.841 241.283 117.558 442.673 11463.2 2720.67 8742.58 1845.95 2514.58 1660.36
internal_count=116570 38472 11628 11430 5354 6076 3144 2246 898 2932 78098 20239 57859 13881 16247 10462
cat_boundaries=0 4 5 9 13 17
cat_threshold=50259 2899968296 338002246 26 4 1024 5242888 262464 8 335610016 74305 1134053920 132 338231716 16785985 3247982112 132
is_linear=0
shrinkage=0.0659825


Tree=240
num_leaves=17
num_cat=4
split_feature=7 0 1 9 0 7 16 21 11 21 6 8 15 21 7 0
split_gain=10.2081 20.9801 21.7826 19.1748 13.5783 12.9508 15.9878 12.9563 15.1583 12.0884 11.7798 11.5669 11.1227 11.2457 20.4388 11.8393
threshold=30.500000000000004 0 1 44.500000000000007 2 35.500000000000007 52.520000000000003 1008.85 21.500000000000004 1020.35 2567.0000000000005 18.500000000000004 21.000000000000004 1018.0500000000001 41.500000000000007 3
decision_type=2 9 1 2 9 2 10 10 8 10 2 2 8 8 2 9
left_child=4 2 3 -2 -1 7 10 -3 9 -9 12 -10 -7 14 -14 -16
right_child=1 5 -4 -5 -6 6 -8 8 11 -11 -12 -13 13 -15 15 -17
leaf_value=0.0024205766965517063 0.016863050651401316 0.0012389782412364917 -0.017823304702179556 -0.02801095009988128 -0.0019668196425951315 0.017368053924160291 0.011438464398712671 0.011331228184341551 0.034044457894755312 0.057743021257930675 0.035344042285108672 0.0056524844001807741 -0.016913112929885402 -0.016157268697807516 -0.0066036703851400239 0.027122549900407578
leaf_weight=4364.998966074083 196.19628502801061 206.84217631816864 339.67505527101457 46.181334802880883 10260.099092582241 82.204542900435627 597.17786391638219 41.589254923164845 80.836729887872934 69.032509125769138 27.295255351811647 233.1359957549721 144.584238326177 324.2232256680727 66.800872810184956 111.78721056133509
leaf_count=25048 1532 1215 2559 392 73358 624 4102 229 566 320 209 1425 1196 2551 540 756
internal_value=1.75226e-05 0.00384953 -0.00705364 0.00782416 -0.000656575 0.00705787 0.00342389 0.0148515 0.0213688 0.041832 -0.00294134 0.0134838 -0.00466145 -0.00759791 0.00113279 0.0158205
internal_weight=17192.7 2567.56 582.053 242.378 14625.1 1985.51 1354.07 631.437 424.594 110.622 756.895 313.973 729.6 647.396 323.172 178.588
internal_count=116622 18216 4483 1924 98406 13733 9978 3755 2540 549 5876 1991 5667 5043 2492 1296
cat_boundaries=0 1 2 3 4
cat_threshold=16529 4 16865 4106
is_linear=0
shrinkage=0.0659825


Tree=241
num_leaves=17
num_cat=4
split_feature=2 23 13 11 2 21 2 2 18 13 16 7 7 13 13 19
split_gain=19.6565 11.5062 24.0234 10.5532 10.7525 8.22663 27.8451 13.0858 8.98526 8.87179 8.16904 8.02562 9.76092 8.82943 7.81641 10.0233
threshold=0 0.10952406173432357 245.50000000000003 -5.4999999999999991 1 1010.2500000000001 2 3 24.741770000000006 434.50000000000006 90.500000000000014 40.500000000000007 4.5000000000000009 247.50000000000003 402.50000000000006 1.0000000180025095e-35
decision_type=9 2 10 8 9 10 9 9 8 10 8 2 2 10 10 10
left_child=1 2 -1 4 11 6 -5 8 -7 -9 14 12 -2 -14 -8 -16
right_child=3 -3 -4 5 -6 7 10 9 -10 -11 -12 -13 13 -15 15 -17
leaf_value=-0.016439055754174016 0.0042648954352331172 0.0041299818193294051 0.049688858728779768 0.003362169301241294 -0.0014783489878445553 -0.0045179741795251171 -0.0098177797275714185 0.0029217073993993131 0.025084440863329827 -0.0065732363815019634 -0.035387363719326395 0.017640635643843119 0.0099583006429394601 -0.030513962152796083 0.0094935428500498437 -0.021780920221709806
leaf_weight=234.52581081539392 52.709169197827578 5274.7702547200024 20.485118247568607 1433.6999512361363 399.48955196887255 2158.7732169702649 1578.6742660403252 5012.7877474809065 39.449428379535675 462.54426411539316 43.528331823647022 20.613111782819033 23.21880266815424 221.08226627111435 197.63481849431992 50.943857505917549
leaf_count=2670 365 35055 150 8540 2488 15244 9601 36629 219 2564 208 148 141 1448 979 240
internal_value=0.000222769 0.00345845 -0.0100662 -0.00131001 -0.00903096 -0.000802006 -0.00355114 0.000383787 -0.00389948 0.00210917 -0.00881378 -0.0177256 -0.0210773 -0.0265151 -0.00811044 0.00270742
internal_weight=17224.9 5529.78 255.011 11695.1 717.113 10978 3304.48 7673.55 2198.22 5475.33 1870.78 317.623 297.01 244.301 1827.25 248.579
internal_count=116689 37875 2820 78814 4590 74224 19568 54656 15463 39193 11028 2102 1954 1589 10820 1219
cat_boundaries=0 4 8 12 16
cat_threshold=1017186690 2417526282 1099695488 34 20988944 572522496 147456 9 2152231952 641730913 2281848872 5 2148037121 641730928 2486198318 28
is_linear=0
shrinkage=0.0659825


Tree=242
num_leaves=17
num_cat=4
split_feature=2 17 2 24 4 2 5 7 7 5 21 24 7 15 14 3
split_gain=13.668 8.31036 13.3583 9.07918 10.2829 8.63864 13.1122 9.75468 15.6143 9.7672 9.53669 8.4896 9.37578 9.98051 9.10979 8.14564
threshold=0 70.115000000000023 1 0.46993731003039518 5.5000000000000009 2 10.500000000000002 35.500000000000007 30.500000000000004 12.500000000000002 1021.0500000000001 0.5332445520581115 6.5000000000000009 87.500000000000014 9.5000000000000018 3
decision_type=9 10 9 10 2 9 2 2 2 2 8 10 2 8 8 9
left_child=1 5 3 4 -3 -1 -7 8 10 -9 -8 12 13 -4 15 -14
right_child=-2 2 11 -5 -6 6 7 9 -10 -11 -12 -13 14 -15 -16 -17
leaf_value=0.0060551628175755812 -0.0011930690107618278 -0.0069980834639508608 0.036456048978045004 0.021448369545631306 0.019624283803982411 -0.011612552165087235 0.0040324951817052096 0.018484493054004694 0.025611982045225575 -0.017501446395875711 -0.0071454279059147835 -0.021053726101388687 -0.017795491378322259 0.010206102683528586 0.013639366832236528 0.0057480327940125373
leaf_weight=1018.295048745349 12035.234040087089 506.36467121820897 119.96932455524802 63.519352495670319 65.957333687692881 422.99440872296691 1242.6477444078773 34.089421309530735 114.66871249303222 190.72394555062056 446.63513746485114 29.165833372622728 73.71654899045825 139.80081903748214 508.24804659746587 205.94681833125651
leaf_count=7236 81601 3349 736 396 449 4672 7159 311 592 1229 3054 171 398 937 3194 1338
internal_value=2.68624e-05 0.00285458 0.00661218 -0.00103365 -0.00375127 0.000999637 -0.00113017 0.00107876 0.00270522 -0.0116926 0.00106169 0.0110146 0.0121313 0.0229003 0.00842858 -0.00113234
internal_weight=17218 5182.74 1712.69 635.841 572.322 3470.05 2451.76 2028.76 1803.95 224.813 1689.28 1076.85 1047.68 259.77 787.911 279.663
internal_count=116822 35221 10968 4194 3798 24253 17017 12345 10805 1540 10213 6774 6603 1673 4930 1736
cat_boundaries=0 4 8 12 13
cat_threshold=436826288 406925120 2283801928 70 4128 272697344 136314888 64 33558560 76032 2283799560 64 1024
is_linear=0
shrinkage=0.0659825


Tree=243
num_leaves=17
num_cat=5
split_feature=2 2 21 24 4 21 0 2 5 23 19 24 13 13 11 3
split_gain=27.605 10.8874 9.31394 8.98135 18.6579 9.3291 8.49189 12.0877 8.19567 8.11913 8.00698 7.7544 7.65206 7.17373 7.70867 11.9693
threshold=0 1 1031.1500000000003 0.096242346242346247 3.5000000000000004 1017.1500000000002 2 3 10.500000000000002 0.35082540161802911 0.15500000000000003 0.56436906969135137 264.50000000000006 467.50000000000006 -5.4999999999999991 4
decision_type=9 9 8 10 2 10 9 9 2 2 10 10 10 10 10 9
left_child=11 2 9 4 -3 -6 -4 -8 -7 13 -5 -1 -10 14 -2 -16
right_child=1 3 6 10 5 8 7 -9 12 -11 -12 -13 -14 -15 15 -17
leaf_value=-0.0042144598437518629 0.0037002060563286272 0.017202722322556329 0.012327599337273008 -0.00092594445612696643 -0.027134005826338025 -0.025924404579035509 0.0036100407870421412 -0.014939100758348464 0.029655390922560181 0.012238751797195694 0.02013938754373357 0.016505190247367015 -0.014852905510672034 -0.0048780953759578081 -0.0013417957695693419 0.021180866082179065
leaf_weight=5685.2810922330245 2428.8032631836832 335.97033789753914 119.16135020367801 6270.1255096052773 68.679789571091533 22.366770774126053 289.35753856785595 301.0369571633637 45.65135195478797 636.31025131046772 73.314837032929063 73.727286765351892 20.267700918018818 341.69127392396331 165.35399954766035 270.78516527544707
leaf_count=38387 19317 2942 777 40772 584 372 1780 1784 377 3520 378 435 178 1972 986 1623
internal_value=-0.000208294 0.00167413 0.00416864 7.03588e-06 0.00852896 -0.00998428 -0.00274858 -0.00599478 0.00426814 0.00545904 -0.000662912 -0.00392481 0.0158696 0.00409253 0.0051707 0.0131919
internal_weight=17147.9 11388.9 4552.5 6836.38 492.936 156.966 709.556 590.394 88.2858 3842.94 6343.44 5759.01 65.9191 3206.63 2864.94 436.139
internal_count=116184 77362 31759 45603 4453 1511 4341 3564 927 27418 41150 38822 555 23898 21926 2609
cat_boundaries=0 4 8 9 12 13
cat_threshold=2986883589 24191488 780198916 195 12960130 570984571 1076234762 32 20481 16384 2089 262144 131072
is_linear=0
shrinkage=0.0659825


Tree=244
num_leaves=17
num_cat=4
split_feature=7 17 7 23 8 23 23 0 20 0 17 23 0 7 1 4
split_gain=8.11646 8.72696 7.88711 13.7143 10.4112 7.86518 14.9106 28.5202 13.8137 10.4017 13.4329 12.4517 10.0922 13.4815 11.7085 14.4511
threshold=47.500000000000007 37.925000000000004 46.500000000000007 0.35536531769302598 16.500000000000004 0.20684963882548976 0.22831825588035756 0 9.5000000000000018 1 67.02000000000001 0.25498122390743766 2 8.5000000000000018 3 2.5000000000000004
decision_type=2 10 2 2 2 2 2 9 8 9 10 2 9 2 1 2
left_child=2 -2 5 4 -4 12 7 -7 -9 10 11 -8 13 -1 -14 -16
right_child=1 -3 3 -5 -6 6 9 8 -10 -11 -12 -13 14 -15 15 -17
leaf_value=-0.011205479314720769 0.0055707349644133425 -0.024551112043063168 -0.0064122678270361437 -0.027375590814782087 0.039410316342957434 -0.011433303437491691 0.024361055457996689 -0.0051333675756861739 0.016616064287315931 -5.9354183156225431e-05 0.030777445508848273 -0.0069124687512371894 0.0015492430883926435 0.027388055650547381 -0.0079917458799742581 -0.00057854643666978441
leaf_weight=54.754283130168915 62.469228846952319 109.68987337686121 27.812248110771179 19.807794734835625 70.763073371723294 245.07724853977561 74.611773755401373 146.74775088205934 836.13417255319655 7423.1089866282418 104.18659463524818 170.56452167034149 2988.9668230060488 112.45569580048323 1987.3099876455963 2691.6873797457665
leaf_count=429 435 1096 235 124 563 1546 428 812 5226 43942 697 910 24786 842 14655 19550
internal_value=0.000191647 -0.0138088 0.000338847 0.0168767 0.0268701 0.000216342 0.00154649 0.00828378 0.0132232 0.000476276 0.011341 0.00297337 -0.00131164 0.013995 -0.00167259 -0.00373361
internal_weight=17126.1 172.159 16954 118.383 98.5753 16835.6 9000.43 1227.96 982.882 7772.47 349.363 245.176 7835.17 167.21 7667.96 4679
internal_count=116276 1531 114745 922 798 113823 53561 7584 6038 45977 2035 1338 60262 1271 58991 34205
cat_boundaries=0 1 2 3 4
cat_threshold=24577 49216 8256 4
is_linear=0
shrinkage=0.0659825


Tree=245
num_leaves=17
num_cat=1
split_feature=14 13 22 16 6 13 16 6 13 8 13 6 0 14 8 7
split_gain=5.09879 9.94124 10.7459 10.249 8.14639 13.7586 9.63091 9.27263 7.21443 8.8294 8.57398 7.37292 7.95945 7.83718 6.76649 9.84648
threshold=16.500000000000004 301.50000000000006 0.29206919336784798 91.220000000000013 1018.5000000000001 384.50000000000006 41.990000000000002 729.00000000000011 845.50000000000011 25.500000000000004 605.50000000000011 2470.0000000000005 0 25.500000000000004 19.500000000000004 38.500000000000007
decision_type=10 8 2 8 2 10 10 2 8 2 10 2 9 10 2 2
left_child=-1 -2 3 4 5 6 -3 -8 10 11 -6 14 13 -13 15 -10
right_child=1 2 -4 -5 8 -7 7 -9 9 -11 -12 12 -14 -15 -16 -17
leaf_value=-0.00015769540472635056 0.04033737435918875 0.01615517028492695 0.036795185691788079 0.028696089445202116 0.0096796682218613875 -0.021312628084258628 0.012168857276202739 -0.0089022876218086636 0.016561272592813054 0.014430666115078452 0.047656579181954463 0.025156195230202023 -0.0197798069510274 -0.0073685442915122053 -0.002369792896447244 -0.031684303407889115
leaf_weight=15047.78465837054 24.905618131160736 127.17046671546996 33.372156918048859 54.858648627996445 161.71163282543421 153.31160322204232 114.05189398676157 369.6174721699208 203.64159271493554 204.12917465530336 25.920546755194664 39.112675925716758 133.92152019962668 105.70335044339299 316.40183087065816 14.44056182168424
leaf_count=100523 167 1180 205 293 922 965 834 2918 1714 1638 141 301 953 963 2249 145
internal_value=0.000266261 0.00332134 0.00275252 0.00207976 0.00124987 -0.00405944 0.000442714 -0.00384181 0.00462039 0.00238149 0.0162921 -0.000729941 -0.00931332 0.00196281 0.00380222 0.0125735
internal_weight=17130.1 2082.27 2057.37 2023.99 1969.13 764.151 610.84 483.669 1204.98 1017.35 187.632 813.222 278.738 144.816 534.484 218.082
internal_count=116111 15588 15421 15216 14923 5897 4932 3752 9026 7963 1063 6325 2217 1264 4108 1859
cat_boundaries=0 1
cat_threshold=18
is_linear=0
shrinkage=0.0659825


Tree=246
num_leaves=17
num_cat=8
split_feature=2 5 2 0 7 2 2 21 23 24 2 11 2 2 21 21
split_gain=17.868 10.9455 25.8186 11.7994 11.5126 17.1275 17.021 11.7181 13.215 16.8795 12.0899 11.1593 11.1557 10.7666 9.86326 8.80077
threshold=0 10.500000000000002 1 2 16.500000000000004 3 4 1012.2500000000001 0.28062351161803306 0.50315460552503788 5 32.500000000000007 6 7 1034.1500000000003 1020.9500000000002
decision_type=9 2 9 9 2 9 9 10 2 10 9 8 9 9 10 10
left_child=14 2 -2 -4 6 -6 -3 13 9 10 -9 -5 -13 -7 -1 -12
right_child=1 4 3 11 5 7 -8 8 -10 -11 15 12 -14 -15 -16 -17
leaf_value=-0.0025447182041410544 -0.010085406170020935 -0.0046357117591463454 0.0079152905214610759 -0.042796160909574277 -0.0011714325847584995 0.021124311868624339 0.0034889398854209747 0.018004953878374225 0.020241633386958759 0.038586180930846564 -0.0068491449067027265 0.012756426348795246 -0.0093978961204740467 0.0068025538256080188 -0.032798260597622399 0.0053750827026823166
leaf_weight=6246.8080891696736 1030.0530922664329 1694.3933219052851 915.63143998011947 25.646734327077866 1110.9567628558725 488.58707849495113 3251.2688842881471 136.6263028960675 203.37456158176064 47.175068065524101 620.66649214737117 131.47238507121801 285.87900623679161 494.87042585387826 41.07938015088439 428.02823623456061
leaf_count=41664 11671 9824 9615 134 6198 2547 18995 853 1075 260 3923 858 3018 2600 262 2787
internal_value=2.4915e-05 0.00164435 -0.00229489 0.0036776 0.00275731 0.00563205 0.000700767 0.00872006 0.00492139 0.00230409 0.000665418 -0.00505143 -0.00225447 0.0142883 -0.00277031 -0.00184006
internal_weight=17152.5 10864.6 2388.68 1358.63 8475.95 3530.28 4945.66 2419.33 1435.87 1232.5 1185.32 442.998 417.351 983.458 6287.89 1048.69
internal_count=116284 74358 25296 13625 49062 20243 28819 14045 8898 7823 7563 4010 3876 5147 41926 6710
cat_boundaries=0 4 8 9 13 17 21 24 27
cat_threshold=2374008836 348262193 277947702 24 268974096 34611274 3223585344 1 10763 805307552 1146880 1797261312 65 1080123392 19398656 33980544 64 16384 532480 786560 4 2113600 16809984 9 1075838992 570425352 163904
is_linear=0
shrinkage=0.0659825


Tree=247
num_leaves=17
num_cat=7
split_feature=2 24 16 0 2 24 17 2 1 16 2 22 8 2 15 16
split_gain=12.8387 9.94891 9.47332 9.53251 9.67017 8.2453 7.47058 23.355 18.0536 21.4242 13.7684 13.2753 12.3246 14.6117 11.702 11.2651
threshold=0 0.24011491042572719 43.520000000000003 1 2 0.22259759759759762 49.435000000000009 3 4 70.520000000000024 5 0.24784402632335925 27.500000000000004 6 378.00000000000006 92.480000000000004
decision_type=9 8 10 9 9 10 10 9 1 10 9 2 2 9 10 10
left_child=1 5 -3 -4 -5 -1 7 15 9 -8 12 -11 14 -14 -10 -2
right_child=6 2 3 4 -6 -7 8 -9 10 11 -12 -13 13 -15 -16 -17
leaf_value=-0.0054166544574657848 -0.0045442764574374402 0.010131136791878312 0.0047142639488010124 0.01171151638465175 -0.0099878795684925428 -0.022267897716909631 0.0020336940958953081 0.0064766597020647961 -0.0043132852537528807 0.011718591893125685 0.0030039567904473316 0.034204919049048765 0.020250883660559871 -0.0049754585193377476 -0.044432819422619403 0.012651899702052263
leaf_weight=1686.836281767115 3409.4106585346162 338.60729946196079 495.86920471861959 91.306612184271216 627.04039228335023 131.52344086021185 1319.0273926369846 1333.5547324120998 2297.0654101902619 772.56784880068153 4029.5998825859278 131.63404528424144 184.53304750286043 192.62198401242495 25.943003160879016 168.39563975855708
leaf_count=11813 24601 1975 2954 463 3451 861 10620 8900 14280 5375 26308 744 1624 1685 201 876
internal_value=0.000248645 -0.00339376 0.000476262 -0.00225425 -0.00703174 -0.00670756 0.00113707 -0.000929304 0.00227175 0.00741786 0.000566392 0.0152043 -0.00306961 0.00789443 -0.00487927 -0.00370394
internal_weight=17235.5 3371.18 1552.82 1214.22 718.347 1818.36 13864.4 4911.36 8952.99 2223.23 6729.76 904.202 2700.16 377.155 2323.01 3577.81
internal_count=116731 21517 8843 6868 3914 12674 95214 34377 60837 16739 44098 6119 17790 3309 14481 25477
cat_boundaries=0 4 5 8 12 13 17 20
cat_threshold=3154673763 679486000 3023611908 81 21009 134742048 0 268435456 1086327952 373492745 42025584 4 4 14761988 2489879560 142869834 130 8404992 35848 263232
is_linear=0
shrinkage=0.0659825


Tree=248
num_leaves=17
num_cat=6
split_feature=2 21 2 2 23 17 5 16 21 2 23 21 2 22 17 0
split_gain=17.3517 10.273 12.8716 9.83276 9.48856 9.48044 8.6101 13.9331 19.7134 11.8921 10.5312 10.0694 14.4054 12.3356 12.6145 9.89432
threshold=0 1019.4500000000002 1 2 0.11695997298802223 33.615000000000002 17.500000000000004 84.470000000000013 1015.1500000000002 3 0.26150435147612405 1024.2500000000002 4 0.19398897111022265 61.915000000000006 5
decision_type=9 8 9 9 2 8 2 8 10 9 2 10 9 2 10 9
left_child=1 -1 4 5 -3 -2 11 9 -9 -8 -11 -5 15 14 -14 -13
right_child=3 2 -4 6 -6 -7 7 8 -10 10 -12 12 13 -15 -16 -17
leaf_value=0.0071562278106620239 0.0081066332063677322 0.018864010761332567 0.005152477371938257 -0.002315009278274095 -0.0096471289490620265 -0.0069393194617210132 0.0066537800528453468 0.039205824364284436 -0.0013131459491812583 0.00062043565299636262 -0.011768906562978035 0.012192575877598959 0.0068979457347513613 0.0158063007533642 -0.018796234211496999 -0.017318092211255388
leaf_weight=2058.7230717493221 198.20687386021018 49.884106788784266 866.50811131298542 7298.2614069627598 578.86723447963595 1749.1325050732121 1157.6125800982118 98.80815065279603 103.27666214480996 1526.769146265462 364.94596618413925 55.841288659721613 309.63339475914836 454.42934511601925 106.68266388215125 174.44584300555289
leaf_count=13139 1215 519 6047 53267 3899 11216 6013 454 508 8301 1798 578 3053 3652 1241 1524
internal_value=3.43085e-05 0.00412857 -2.49521e-05 -0.00103944 -0.00710986 -0.00535944 -0.000310924 0.00256875 0.0190797 0.00143777 -0.00179112 -0.00142711 0.00443825 0.00827275 0.000133225 -0.00983029
internal_weight=17152 3553.98 1495.26 13598 628.751 1947.34 11650.7 3251.41 202.085 3049.33 1891.72 8399.29 1101.03 870.745 416.316 230.287
internal_count=116424 23604 10465 92820 4418 12431 80389 17074 962 16112 10099 63315 10048 7946 4294 2102
cat_boundaries=0 4 7 11 15 19 20
cat_threshold=2617770596 671156594 1619312968 128 335544320 671088720 33024 2102401 25690112 2217738884 11 1631600640 74579969 134283264 4 4261888 269516801 524320 4 17
is_linear=0
shrinkage=0.0659825


Tree=249
num_leaves=17
num_cat=2
split_feature=0 13 16 17 11 7 17 19 9 5 24 17 17 1 24 24
split_gain=8.55344 16.5183 11.9562 10.5437 11.9812 10.0539 8.7927 8.65998 8.46826 8.20311 7.8734 9.82263 7.8467 7.71205 7.6251 14.659
threshold=0 234.50000000000003 50.540000000000006 56.235000000000007 16.500000000000004 2.5000000000000004 88.250000000000014 1.0000000180025095e-35 12.500000000000002 12.500000000000002 0.17634102098989379 71.335000000000022 73.920000000000016 1 0.076105717367853307 0.097892635314995577
decision_type=9 8 10 10 10 2 10 10 2 2 10 10 10 1 8 10
left_child=14 9 6 -4 5 -5 -3 13 10 -2 11 -7 -6 -8 -1 -16
right_child=1 2 3 4 12 8 7 -9 -10 -11 -12 -13 -14 -15 15 -17
leaf_value=-0.01128922417180382 0.0091889090541084108 -0.0045461236476559402 0.00021155847671272088 -0.0082237066730339106 0.0021642939587388334 -0.0027302732896005641 -0.0030470035380965846 -0.003240088520764549 0.016011545485879918 0.066098447711694708 -0.0021864118949834668 0.032533236499748798 -0.044197417330033455 0.03666801482064648 0.0098267206175718293 -0.0010120857506022369
leaf_weight=287.39515244588256 23.056952845305204 1246.4867572365329 1092.6377366930246 113.03369750455022 33.241435244679451 59.919056639075279 29.668832447379827 96.944264467805624 782.02035638317466 20.051398535724729 275.45091693848372 71.730127524584532 23.272267837077379 61.784071236848831 562.0100006069988 12348.093928749673
leaf_count=2683 139 10025 7707 738 188 429 193 502 5284 127 1590 428 169 407 4821 80672
internal_value=3.04992e-05 0.00272639 0.00224786 0.00504324 0.00891012 0.0102268 -0.00252882 0.0105359 0.0120144 0.0406742 0.00421013 0.0170866 -0.0194257 0.0244126 -0.000774537 -0.000535722
internal_weight=17126.8 3929.3 3886.19 2451.31 1358.67 1302.15 1434.88 188.397 1189.12 43.1084 407.1 131.649 56.5137 91.4529 13197.5 12910.1
internal_count=116102 27926 27660 16533 8826 8469 11127 1102 7731 266 2447 857 357 600 88176 85493
cat_boundaries=0 1 2
cat_threshold=43066 4
is_linear=0
shrinkage=0.0659825


Tree=250
num_leaves=17
num_cat=4
split_feature=13 7 21 8 0 21 21 21 0 7 13 5 7 0 24 0
split_gain=9.16321 6.53005 11.1845 10.6905 10.9059 12.9453 11.6273 10.3397 12.9919 12.5225 11.1758 11.0374 15.3016 11.2192 10.2479 11.0341
threshold=894.50000000000011 15.500000000000002 1021.2500000000001 27.500000000000004 0 1017.85 1019.1500000000002 1020.35 1 14.500000000000002 364.50000000000006 13.500000000000002 4.5000000000000009 2 0.12797452407614784 3
decision_type=10 2 10 2 9 10 8 8 9 2 8 2 2 9 10 9
left_child=1 3 -3 7 5 -5 -6 9 -9 -1 -11 13 14 -10 -13 -16
right_child=-2 2 -4 4 6 -7 -8 8 11 10 -12 12 -14 -15 15 -17
leaf_value=0.00086138895880780522 0.038062984131886975 0.00014667341879480553 0.0062165121837963596 0.037874111793151581 -0.0051119460729283058 -0.0029628166107372581 0.012207195633351788 0.0042452030578752579 0.0057750055869091963 0.015679275587797234 -0.017901238004669608 -0.018736244224528936 -0.013978827089144628 -0.0070898821743417698 0.012910950522995113 -0.0075855930860342065
leaf_weight=5125.1045726463199 21.438161984086037 5781.7562182373367 1707.1884937565774 88.291400196030736 384.07584876567125 51.271847998723388 291.44377828016877 599.22643105499446 513.89260493218899 46.355791447684169 263.58459176309407 101.58343207836151 1167.6571275684983 651.10848203860223 241.34758469834924 192.39824550226331
leaf_count=32770 110 37579 12788 723 3044 527 2737 4769 4837 286 1721 615 6695 5381 1251 985
internal_value=0.000131914 7.08606e-05 0.00153439 -0.00105731 0.00614702 0.0218863 0.00236879 -0.00172078 -0.00453269 7.61853e-05 -0.0126683 -0.00636457 -0.00976286 -0.00142575 -0.000511877 0.00396163
internal_weight=17227.7 17206.3 7488.94 9717.34 815.083 139.563 675.52 8902.26 3467.21 5435.04 309.94 2867.99 1702.99 1165 535.329 433.746
internal_count=116818 116708 50367 66341 7031 1250 5781 59310 24533 34777 2007 19764 9546 10218 2851 2236
cat_boundaries=0 1 2 3 4
cat_threshold=4609 16592 523 4648
is_linear=0
shrinkage=0.0659825


Tree=251
num_leaves=17
num_cat=3
split_feature=7 0 4 7 21 22 3 7 7 21 0 19 4 7 5 9
split_gain=8.1971 11.6889 11.6841 7.05308 9.63508 7.04219 7.02783 9.42896 8.39589 7.01813 9.79603 7.63551 9.83805 9.54345 10.7116 8.48324
threshold=1.0000000180025095e-35 0 2.5000000000000004 47.500000000000007 1013.6500000000002 0.10332868193968359 1 7.5000000000000009 27.500000000000004 1005.5500000000001 2 1.0000000180025095e-35 4.5000000000000009 9.5000000000000018 16.500000000000004 39.500000000000007
decision_type=2 9 2 2 10 2 9 2 2 8 9 10 2 2 2 2
left_child=1 2 -1 5 -5 6 -2 -8 -9 10 -7 12 13 14 -12 -15
right_child=3 -3 -4 4 -6 9 7 8 -10 -11 11 -13 -14 15 -16 -17
leaf_value=0.016123187560262278 -0.023616051532804289 -0.020489191270317564 -0.027924951387250273 0.019213010255413936 -0.020169032788667256 -0.0011180056780372347 0.016660570582451906 -0.027274922775131924 0.01727266530304061 0.0001323593463587603 0.010676155521840593 -0.012976230076619227 -0.0085351291771299641 0.020780765000346819 0.057593921723227741 -0.0071662860580589925
leaf_weight=98.358913397416472 89.917363023385406 181.07687805779278 28.89492404088378 28.00834097340703 138.93553101830184 394.08372974209487 66.570503085851669 60.307247987017035 20.593667050823569 15661.762419095263 39.766027316451073 37.739335183054209 54.433995716273785 164.18600721284747 49.372202169150114 61.8089535292238
leaf_count=795 858 1399 188 180 1309 2182 743 734 252 105206 190 176 382 1001 247 396
internal_value=-5.69506e-05 -0.0106102 0.00491478 0.000139813 -0.0131073 0.000277086 -0.010859 -0.000845873 -0.01551 0.000441719 0.00643983 0.0133627 0.0165788 0.0209984 0.0387326 0.0131502
internal_weight=17175.8 308.331 127.254 16867.5 166.944 16700.5 237.389 147.471 80.9009 16463.2 801.39 407.307 369.567 315.133 89.1382 225.995
internal_count=116238 2382 983 113856 1489 112367 2587 1729 986 109780 4574 2392 2216 1834 437 1397
cat_boundaries=0 1 2 3
cat_threshold=523 514 2083
is_linear=0
shrinkage=0.0659825


Tree=252
num_leaves=17
num_cat=5
split_feature=2 11 13 2 17 22 16 16 2 15 2 13 16 2 16 4
split_gain=17.6726 10.0681 8.64283 17.0176 8.04634 9.69483 9.15352 7.00627 21.6347 15.0921 10.5995 18.1015 9.33982 9.8763 9.2118 12.8873
threshold=0 111.50000000000001 481.50000000000006 1 94.080000000000013 0.13887322395878277 42.890000000000008 44.330000000000005 2 264.50000000000006 3 279.50000000000006 72.500000000000014 4 33.440000000000005 1.5000000000000002
decision_type=9 10 10 9 8 2 8 8 9 10 9 10 8 9 10 2
left_child=1 4 7 -4 -1 -6 -7 8 9 -2 11 12 13 -9 -10 -16
right_child=2 -3 3 -5 5 6 -8 10 14 -11 -12 -13 -14 -15 15 -17
leaf_value=0.0017627011946975352 -0.0065732184942348428 0.040289632094948943 0.0055483606336937932 -0.015258648905852703 -0.022186711071863808 0.048089060352101275 0.011696868797136698 -0.010545938430786423 -0.00074311929353341555 0.044359531603486081 -0.0050793117740170046 0.009979228384180857 0.0015745248909132205 -0.00011058026193748037 -0.0011320998926852071 0.014363025749801556
leaf_weight=5985.1222722893581 1174.2734072580934 24.141972091048956 244.58673672005534 521.34694472700357 21.463243572041392 34.84016951546073 138.33844744041562 834.97250967100263 557.15213465690613 19.714696124196053 3676.1671789819375 637.68799896724522 1481.2950713336468 747.53961123153567 334.53268663585186 762.35184192657471
leaf_count=40483 8691 200 1328 2826 147 176 805 6392 4286 143 24940 3480 9221 5582 2481 5537
internal_value=-0.000426686 0.00238538 -0.00201467 -0.00874893 0.00220064 0.0151935 0.0204373 -0.00150719 0.00127061 -0.0054603 -0.00257968 -7.88714e-05 -0.00218862 -0.00570342 0.00612766 0.0096576
internal_weight=17195.5 6203.91 10991.6 765.934 6179.76 194.642 173.179 10225.7 2848.02 1193.99 7377.66 3701.5 3063.81 1582.51 1654.04 1096.88
internal_count=116718 41811 74907 4154 41611 1128 981 70753 21138 8834 49615 24675 21195 11974 12304 8018
cat_boundaries=0 4 7 11 15 19
cat_threshold=809518903 587212034 2853871652 17 25167872 131072 16859152 16781312 214141544 8454160 74 1073778816 485657096 276892746 168 1073774592 11567112 276824128 8
is_linear=0
shrinkage=0.0659825


Tree=253
num_leaves=17
num_cat=2
split_feature=4 0 24 16 24 7 6 24 9 0 21 13 7 7 7 13
split_gain=6.80251 10.8785 12.1888 11.6192 20.6387 11.8065 11.22 10.782 9.91122 9.60461 15.1828 18.0497 10.5807 19.1285 14.328 11.8792
threshold=3.5000000000000004 0 0.45944793834979408 63.500000000000007 0.17805926375404532 35.500000000000007 764.50000000000011 0.44957584421062502 5.5000000000000009 1 1013.35 354.50000000000006 37.500000000000007 39.500000000000007 35.500000000000007 345.50000000000006
decision_type=2 9 10 10 10 2 2 10 2 9 10 10 2 2 2 10
left_child=9 3 7 5 8 -2 -7 -3 -5 10 11 -1 14 -14 15 -11
right_child=1 2 -4 4 -6 6 -8 -9 -10 12 -12 -13 13 -15 -16 -17
leaf_value=0.01323861713064598 0.0091381930358440701 -0.0044988602313353445 0.0063835645174932206 -0.027821888006264794 -0.0079308085097557594 -0.025870465847271963 0.0033004450594051791 -0.031659339790968875 0.016838181859000597 -0.0019399201894937973 -0.00022296357660940618 -0.014598027392690284 0.031421180493494079 0.0024902609200693061 -0.026370525332558976 0.0049186696481102994
leaf_weight=958.82392026577145 1029.0860314313322 3917.8201805548742 455.70038010366261 18.113043081015348 876.72264358401299 81.653193980455399 162.07029076293111 58.650938279926777 239.35221544653177 5877.0894074356183 1317.0983050577343 108.14868838712573 114.27993179485202 578.02594200521708 89.370563887059689 1345.9731038920581
leaf_count=5856 7547 27476 2717 120 5387 600 1309 352 1759 39710 10389 557 776 4286 765 7262
internal_value=-0.000220036 -0.00183508 -0.00376753 0.00173226 -0.0031084 0.00605338 -0.00687468 -0.00494848 0.0131118 0.000843642 0.00450407 0.0103486 -0.000254519 0.00750414 -0.000995196 -0.000658719
internal_weight=17228 6839.17 4432.17 2407 1134.19 1272.81 243.723 3976.47 257.465 10388.8 2384.07 1066.97 8004.74 692.306 7312.43 7223.06
internal_count=116868 47267 30545 16722 7266 9456 1909 27828 1879 69601 16802 6413 52799 5062 47737 46972
cat_boundaries=0 1 2
cat_threshold=10435 21125
is_linear=0
shrinkage=0.0659825


Tree=254
num_leaves=17
num_cat=0
split_feature=21 17 7 7 13 5 7 17 14 15 17 6 23 17 16 23
split_gain=9.05207 14.2231 10.4914 34.6111 17.262 16.0418 15.5888 13.521 13.2009 12.4566 10.4798 10.9249 9.58269 8.95471 8.57403 10.7283
threshold=1021.2500000000001 93.090000000000018 30.500000000000004 39.500000000000007 421.50000000000006 15.500000000000002 38.500000000000007 32.055000000000007 18.500000000000004 180.50000000000003 74.950000000000003 816.00000000000011 0.14534574715770457 44.150000000000006 52.520000000000003 0.1382479367875846
decision_type=10 10 2 2 8 2 2 10 10 8 10 2 2 10 10 2
left_child=-1 2 7 4 -4 6 -6 8 -2 13 -9 -12 -7 -5 15 -11
right_child=1 -3 3 9 5 12 -8 10 -10 14 11 -13 -14 -15 -16 -17
leaf_value=-0.00047337578243007462 -0.018818128402882873 0.032941348713301996 0.050798696771526826 -0.0041597763701818457 -0.0054099137515046958 -0.0021847190899268792 0.04048501007292811 0.0038438946190626224 0.025727026338258931 0.042003934772462739 -0.021035538231383454 0.0023823018482998846 0.036624163743950403 -0.032228620815733251 0.031760227233533771 -0.01422251870881827
leaf_weight=13432.951656894293 227.73035911098123 62.550411783158779 66.525733195245266 109.68957082368433 177.93067651614547 33.166698932647705 32.839322820305824 2272.2329391958192 27.544190708547831 12.136768145486711 155.06127523444593 185.16454954445362 143.27227041125298 87.26095209363848 40.305610883980989 69.620088990777731
leaf_count=87290 1539 341 364 871 1267 166 251 18787 219 145 1210 1503 644 772 319 664
internal_value=0.00032318 0.00320866 0.00264226 0.00943297 0.021028 0.0151881 0.00270009 0.000795892 -0.0135121 -0.00714588 0.00222288 -0.0084774 0.0295036 -0.0172043 0.00913103 -0.00348722
internal_weight=17136 3703.03 3640.48 772.748 453.735 387.209 210.77 2867.73 255.275 319.013 2612.46 340.226 176.439 196.951 122.062 81.7569
internal_count=116352 29062 28721 5463 2692 2328 1518 23258 1758 2771 21500 2713 810 1643 1128 809
is_linear=0
shrinkage=0.0659825


Tree=255
num_leaves=17
num_cat=3
split_feature=0 1 23 24 24 7 11 23 5 24 16 18 3 24 5 21
split_gain=6.88399 10.4558 10.6651 10.0821 11.3857 10.0477 8.67084 8.39555 7.6397 7.30361 9.34404 9.8111 9.03186 8.23947 7.43107 7.06025
threshold=0 1 0.1764840204624808 0.43414967821496014 0.47502334267040153 17.500000000000004 21.500000000000004 0.17758094065713087 7.5000000000000009 0.37728539708036096 74.480000000000004 8.6308500000000006 2 0.062063366187077536 14.500000000000002 1012.4500000000002
decision_type=9 1 2 10 10 2 10 2 2 10 10 8 9 10 2 8
left_child=1 -1 3 9 -5 -6 7 -4 -9 10 12 -12 -3 -14 15 -13
right_child=-2 2 6 4 5 -7 -8 8 -10 -11 11 14 13 -15 -16 -17
leaf_value=-0.010434149180492892 0.00086945916541860888 0.012656622598843164 -0.029199265410668921 0.034109445192103002 -0.019888900842354729 0.024087569012036639 -0.027548365964378999 -0.021717669658790826 -0.0015472448116188701 -0.015701132164694126 0.0333145529668906 0.01391997813697108 0.022499103218500866 -0.0035147352377473788 0.015396921189849862 -0.028178684665761868
leaf_weight=576.71366672962904 13280.224253093824 190.71901260875165 48.640480633825064 82.561045207083225 44.469052441418171 34.586689755320549 64.831911983899772 81.206014737486839 1278.2523704282939 101.41744294762611 71.759139824658632 23.319247536361217 49.435550425201654 1119.952622606419 99.85092917829752 38.819276979193091
leaf_count=4398 85839 1590 432 621 355 238 375 1144 8206 783 637 194 531 10252 611 448
internal_value=0.000153095 -0.00227608 -0.000853068 0.00246974 0.0178958 -0.00029437 -0.00503479 -0.00388115 -0.00284591 0.000938827 0.00205478 0.0140583 -6.2981e-05 -0.00228192 0.00460804 -0.0125515
internal_weight=17186.8 3906.53 3329.82 1856.89 161.617 79.0557 1472.93 1408.1 1359.46 1695.27 1593.86 233.749 1360.11 1169.39 161.989 62.1385
internal_count=116654 30815 26417 16260 1214 593 10157 9782 9350 15046 14263 1890 12373 10783 1253 642
cat_boundaries=0 1 2 3
cat_threshold=12934 1 512
is_linear=0
shrinkage=0.0659825


Tree=256
num_leaves=17
num_cat=4
split_feature=2 18 24 16 2 22 6 22 17 2 21 2 22 21 9 23
split_gain=22.8938 10.3424 8.85795 9.21618 19.0493 14.0102 25.5706 13.273 14.8258 11.248 8.2526 9.37169 9.04838 13.0846 7.94696 7.20805
threshold=0 28.194110000000006 0.62194460871279333 78.890000000000015 1 0.20567754669855856 2450.0000000000005 0.21330945299643442 45.280000000000008 2 1020.6500000000002 3 0.20018444750678746 1014.85 42.500000000000007 0.17602218049349219
decision_type=9 10 10 10 9 2 2 2 10 9 8 9 2 10 2 2
left_child=1 -1 3 9 -5 6 -6 8 -7 10 11 12 13 14 -2 -9
right_child=2 -3 -4 4 5 7 -8 15 -10 -11 -12 -13 -14 -15 -16 -17
leaf_value=-0.0040549890552649516 0.0094906955340343501 0.021703416398976071 -0.024309326833877095 -0.0061956142583338416 0.013978961105522133 0.016060390525510386 0.075836364787752034 0.028144681533383193 -0.025965527354718857 -0.0013192938035764931 0.0078825694692960802 0.0083885324586377482 -0.006385643282855253 -0.009057483501442691 0.041115430051405506 0.0061221392056841958
leaf_weight=6288.2152560623363 184.65802182629704 62.496445931494236 52.677250511944294 493.70085191354156 388.44595427252352 48.868093762546778 25.836091496050358 63.309535268694162 107.22031962871552 5736.032768372912 1206.352662130259 473.03028281405568 806.08710574451834 146.95894202962518 38.320010989904404 1094.3759495280683
leaf_count=43439 1419 344 358 2838 2422 281 130 363 585 41004 8241 3043 5083 1269 239 5818
internal_value=-0.000632642 -0.00377449 0.00120713 0.00134651 0.00512817 0.00836151 0.0189055 0.00502621 -0.0126964 0.000365558 0.00373719 0.000708944 -0.00245816 0.00599836 0.0158977 0.00747102
internal_weight=17216.6 6350.71 10865.9 10813.2 2221.76 1728.06 414.282 1313.77 156.088 8591.44 2855.41 1649.05 1176.02 369.937 222.978 1157.69
internal_count=116876 43783 73093 72735 12437 9599 2552 7047 866 60298 19294 11053 8010 2927 1658 6181
cat_boundaries=0 4 8 12 16
cat_threshold=449339648 443549537 2501018628 5 18874368 537034752 9240832 8 3240169606 537427984 9251122 10 1073811588 32768 8718352 8
is_linear=0
shrinkage=0.0659825


Tree=257
num_leaves=17
num_cat=5
split_feature=2 2 21 2 2 16 8 18 6 13 0 18 6 17 14 13
split_gain=21.7997 8.60944 6.63246 7.88266 6.32472 11.3207 7.89432 8.13352 6.35335 8.56925 6.20662 6.02779 5.86044 5.11216 7.77673 5.64066
threshold=0 1 1027.3500000000001 2 3 49.460000000000008 23.500000000000004 8.6308500000000006 265.00000000000006 450.50000000000006 4 15.535530000000003 261.00000000000006 23.270000000000003 13.500000000000002 485.50000000000006
decision_type=9 9 10 9 9 8 2 8 2 10 9 10 2 8 10 10
left_child=2 13 4 -4 5 8 12 -8 -1 11 -5 -10 -7 14 -2 -15
right_child=1 -3 3 10 -6 6 7 -9 9 -11 -12 -13 -14 15 -16 -17
leaf_value=0.0019483393114739474 0.023833151746193788 0.00041815020052997446 -0.028418598992376785 -0.015137295374548479 0.0044074571526828343 0.019363963142389945 -0.007309671748544494 0.02653809100588812 0.03983309199778954 -0.0028858266411557632 0.0098512776484101991 0.01373741065909484 -0.003851413832579911 -0.0030202722423922426 -0.017941968787640695 -0.013670214739908529
leaf_weight=58.05461985245347 61.022343587130308 10506.295948707499 35.029566962271929 49.907353645190597 2133.3638097424991 49.924121163785458 39.019729647785425 109.67896463349462 130.77926626056433 35.586329437792301 109.50854835473001 66.449506726115942 294.97551091760397 3235.8015713449568 22.024682648479939 226.65081487968564
leaf_count=336 357 72957 235 424 14073 268 253 629 824 199 852 393 1821 21509 128 1201
internal_value=0.000577122 -0.000531675 0.00555821 -0.00607747 0.00636395 0.0114078 0.00534781 0.0177195 0.0217468 0.0265039 0.00135183 0.0317325 -0.00020637 -0.00333534 0.0122741 -0.00374077
internal_weight=17164.1 14051.8 3112.28 194.445 2917.83 784.468 493.598 148.699 290.87 232.815 159.416 197.229 344.9 3545.5 83.047 3462.45
internal_count=116459 96152 20307 1511 18796 4723 2971 882 1752 1416 1276 1217 2089 23195 485 22710
cat_boundaries=0 4 8 11 14 15
cat_threshold=3590861446 2579497250 1720450 52 32 633872 1417717612 72 67117056 0 16384 33567360 134217986 1720320 537
is_linear=0
shrinkage=0.0659825


Tree=258
num_leaves=17
num_cat=4
split_feature=2 2 7 15 21 17 9 9 2 17 22 8 21 21 23 2
split_gain=23.4853 12.2029 8.11895 7.25361 6.85857 6.96758 6.44177 6.08514 9.85214 9.02741 7.31071 7.1653 9.76421 12.226 12.123 10.0201
threshold=0 1 39.500000000000007 211.00000000000003 1016.4500000000002 57.240000000000002 7.5000000000000009 38.500000000000007 2 81.455000000000013 0.11297042127966635 22.500000000000004 1022.85 1023.35 0.19301108419054688 3
decision_type=9 9 2 8 10 10 2 2 9 8 2 2 10 10 2 9
left_child=-1 2 7 4 6 -6 -4 8 -2 10 -9 12 15 -14 -15 -10
right_child=1 -3 3 -5 5 -7 -8 9 11 -11 -12 -13 13 14 -16 -17
leaf_value=0.006614161548811134 -0.012812658262313171 0.00026067148920824881 0.016835541468926459 0.0098222165305627534 -0.015392926366623181 -0.047067245122520869 -0.013770901462683947 0.026834415370104062 -0.019719959741333521 0.0096321849074228697 -0.0029882277047807359 0.0014633951560122783 0.049023103334491912 -0.016105168252689869 0.012175988818002156 -0.0050819060977090273
leaf_weight=1924.4195388518274 526.40304937772453 9953.8060763874091 32.528111325576901 47.181181037798524 95.547361116856337 46.365245657041669 132.08085724711418 30.542994079180062 245.032227255404 344.24927823804319 1356.7170824222267 978.6517380643636 19.216966785490513 102.27017066814005 162.20676907151937 1089.7040236536413
leaf_count=11638 3960 68759 201 404 865 398 928 336 1647 2190 9677 6211 133 1003 1038 6713
internal_value=-0.000221014 -0.00109454 -0.0036771 -0.0132532 -0.0169302 -0.0272892 -0.0073285 -0.00297088 -0.00470729 0.000167097 -0.00221431 -0.00297696 -0.00567564 0.00535162 0.00112075 -0.00803345
internal_weight=17086.9 15162.5 5208.7 353.703 306.522 141.913 164.609 4854.99 3123.48 1731.51 1387.26 2597.08 1618.43 283.694 264.477 1334.74
internal_count=116101 104463 35704 2796 2392 1263 1129 32908 20705 12203 10013 16745 10534 2174 2041 8360
cat_boundaries=0 4 8 11 14
cat_threshold=34117126 20979810 3223544064 86 3105882321 11665920 881855178 1 2147483792 2228224 8388610 136314880 0 268435968
is_linear=0
shrinkage=0.0659825


Tree=259
num_leaves=17
num_cat=0
split_feature=21 8 17 8 24 17 24 18 17 5 18 17 24 14 15 4
split_gain=9.84037 10.2119 11.598 9.74643 8.99352 20.8172 18.6781 15.0426 17.8031 20.157 13.3421 12.8875 11.0449 9.71831 10.9615 9.51452
threshold=1029.0500000000002 20.500000000000004 94.080000000000013 11.500000000000002 0.305877616747182 70.115000000000023 0.30897684567826406 21.289430000000007 61.315000000000005 17.500000000000004 7.4800700000000004 85.760000000000005 0.45007552870090645 4.5000000000000009 264.50000000000006 4.5000000000000009
decision_type=8 2 10 2 8 10 8 10 10 2 10 10 10 8 10 2
left_child=4 3 -3 -2 13 6 -6 -8 9 12 -7 15 -9 -1 -15 -12
right_child=1 2 -4 -5 5 10 7 8 -10 -11 11 -13 -14 14 -16 -17
leaf_value=-0.0075091345977878927 -0.013304245367020927 -0.0098087366713748448 0.0070879346862158816 0.0024435480493346542 0.047995264384459141 0.00077457575684317635 -0.0011705579979395049 0.00042956849514574978 -0.028837487467713255 0.072062888925821106 0.013924325559968686 0.028507427650242192 0.041696652633987898 1.6691218413644335e-05 0.021660092790475295 -0.0058256532960815708
leaf_weight=753.24103189446032 190.33628848381341 1218.7065030839294 202.08822346292436 1314.3165312018245 29.283923093229532 440.12131525762379 3136.3532422510907 88.467272248119116 24.472108494490385 27.789508283138275 532.0336949955672 219.9998689442873 35.320188365876675 8696.0822953358293 96.839779961854219 128.55455192551017
leaf_count=5798 1219 7779 1108 8565 140 3094 18435 491 137 142 3040 1340 205 63391 666 777
internal_value=9.45419e-05 -0.00338613 -0.00738492 0.000404718 0.000812361 0.00318563 0.000408396 -0.000101833 0.0183256 0.0267799 0.0101777 0.0148388 0.0136414 -0.00034808 0.000270262 0.0100623
internal_weight=17134 2925.45 1420.79 1504.65 14208.6 4662.4 3341.69 3312.4 176.049 151.577 1320.71 880.588 123.787 9546.16 8792.92 660.588
internal_count=116327 18671 8887 9784 97656 27801 19550 19410 975 838 8251 5157 696 69855 64057 3817
is_linear=0
shrinkage=0.0659825


Tree=260
num_leaves=17
num_cat=6
split_feature=2 2 8 21 24 18 21 2 2 15 2 5 21 16 2 21
split_gain=22.7218 9.25778 8.2694 8.25304 9.16132 10.45 8.05278 10.9436 8.32413 7.79211 12.5357 10.7453 10.0579 9.63904 13.9058 11.6898
threshold=0 1 26.500000000000004 1031.1500000000003 0.27035031847133767 13.233970000000001 1026.7500000000002 2 3 178.50000000000003 4 13.500000000000002 1024.5500000000002 54.500000000000007 5 1010.4500000000002
decision_type=9 9 2 8 10 10 10 9 9 8 9 2 8 8 9 10
left_child=3 2 -2 6 5 -5 8 -8 -1 10 12 -12 -3 14 -13 -15
right_child=1 9 -4 4 -6 -7 7 -9 -10 -11 11 13 -14 15 -16 -17
leaf_value=0.0090907324602409884 -0.008406791824146418 -0.0051389476855479696 0.0059559336002572424 -0.003507765091212959 -0.010536968692561544 0.014920163145108672 -0.0079613814457923007 0.019666387465527214 0.0022848623606933197 0.0012103493675143721 -0.0050520931833312587 -0.013987880287938752 -0.01951307204640151 0.014850526889439412 0.002332370562771355 0.0016408769987852091
leaf_weight=962.92892351932824 1302.7269909856841 852.90277090668678 196.82961715385318 392.43903752043843 361.40964832436293 195.84017961472273 74.211117602884769 269.09778155572712 4067.1594846174121 4204.5473522599787 1618.4078655298799 324.17611924931407 279.17839670740068 395.70418609771878 676.35389717295766 1069.9670472703874
leaf_count=6315 7641 5701 1303 2537 2078 1067 588 2070 27118 30750 14266 1693 1952 1980 4097 5773
internal_value=0.000148614 -0.0016734 -0.00646177 0.00329145 -0.00236137 0.00271924 0.00429823 0.0139936 0.00361998 -0.000901433 -0.00260462 -0.000882543 -0.00869492 0.00185594 -0.0031252 0.00525512
internal_weight=17243.9 10920.8 1499.56 6323.09 949.689 588.279 5373.4 343.309 5030.09 9421.24 5216.69 4084.61 1132.08 2466.2 1000.53 1465.67
internal_count=116929 75156 8944 41773 5682 3604 36091 2658 33433 66212 35462 27809 7653 13543 5790 7753
cat_boundaries=0 4 7 10 14 17 21
cat_threshold=2338357282 579863897 405192976 156 603461 67641376 1051780 16777248 1024 134250496 50364450 1048896 404750592 128 1082130432 2162688 1107820576 268435456 289442304 8388608 64
is_linear=0
shrinkage=0.0659825


Tree=261
num_leaves=17
num_cat=1
split_feature=8 24 23 0 7 16 5 19 5 7 23 23 20 16 5 24
split_gain=8.1056 7.09127 21.2804 12.5378 18.1341 17.1209 11.1679 10.0758 9.79754 9.70541 14.2227 15.7242 9.14975 16.2361 15.3317 15.1641
threshold=6.5000000000000009 0.097892635314995577 0.35161402770324535 0 5.5000000000000009 31.460000000000004 12.500000000000002 1.0000000180025095e-35 16.500000000000004 16.500000000000004 0.3724848749640316 0.3680291008974908 9.5000000000000018 46.670000000000009 20.500000000000004 0.11778579356270812
decision_type=2 10 2 9 2 8 2 10 2 2 2 2 10 8 2 10
left_child=-1 2 3 8 5 -5 -6 -8 -2 12 11 -11 13 15 -15 -3
right_child=1 9 -4 4 6 -7 7 -9 -10 10 -12 -13 -14 14 -16 -17
leaf_value=-0.0119996813111843 0.0063931589081392135 -0.048225951925325798 -0.031693480287539925 -0.016366830106949459 -0.0082261666295270087 0.037829702302106714 0.016511399309044151 -0.022593256290520915 -0.011631475328555699 0.0018570030569500864 -0.025444224729049905 0.028133195782619011 -0.00031411010470618154 -0.0026817065034280625 0.032128767119562758 -0.010830565667007875
leaf_weight=227.46986171044409 335.23541681468487 46.011543868109584 58.921634141355753 26.198726177215576 154.92551161907613 163.56848158501089 299.39833210781217 26.239359423518181 207.07490643113852 6398.8577422928065 75.439547788351774 94.51353258267045 7231.5555127188563 1255.3234291644767 51.361784040927887 594.09288096055388
leaf_count=1838 3877 359 431 258 1929 1230 2144 123 1507 42171 391 485 48436 7806 254 3800
internal_value=0.000204872 0.000372338 0.00509967 0.00704066 0.0129335 0.0300644 0.00613559 0.0129946 -0.000533676 -1.12583e-05 0.00192402 0.00226613 -0.00139668 -0.00540413 -0.0011671 -0.0139586
internal_weight=17246.2 17018.7 1271.56 1212.64 670.33 189.767 480.563 325.638 542.31 15747.2 6568.81 6493.37 9178.35 1946.79 1306.69 640.104
internal_count=117039 115201 11499 11068 5684 1488 4196 2267 5384 103702 43047 42656 60655 12219 8060 4159
cat_boundaries=0 1
cat_threshold=45208
is_linear=0
shrinkage=0.0659825


Tree=262
num_leaves=17
num_cat=6
split_feature=2 3 24 17 17 2 3 24 22 3 0 13 6 13 16 23
split_gain=20.2723 9.51729 9.33929 8.21521 8.56285 8.12202 6.81074 6.84577 10.6685 6.61688 9.90005 10.6997 7.80884 7.38787 6.67578 12.9996
threshold=0 1 0.62194460871279333 28.935000000000006 93.495000000000019 2 3 0.15897401791256541 0.27540650289801333 4 5 651.50000000000011 739.00000000000011 420.50000000000006 64.670000000000016 0.18864302128611538
decision_type=9 9 10 10 10 9 9 10 2 9 9 8 2 8 10 2
left_child=1 -1 5 -3 -5 6 -2 8 -8 12 11 -11 -7 -14 -13 -16
right_child=2 3 -4 4 -6 9 7 -9 -10 10 -12 14 13 -15 15 -17
leaf_value=0.027981292939734937 0.029119025845079062 0.0080376767147347667 -0.0219237453323241 -0.0057184941107774412 0.0090584323919668946 0.039304288199638542 0.0056285912045644371 0.0026106379514565892 0.029240563975354749 -0.017559625097147508 0.0015564694314370579 -0.0067624483267474979 0.042070373025059622 0.0029940125920026933 0.0095942258236526839 -0.010715438985432731
leaf_weight=24.542747486382723 39.099686522036791 218.53369098901749 67.166084799915552 3410.098857934121 174.2515996992588 31.589363960549235 292.27933975681663 1157.4294289425015 112.68144400417805 218.01015645265579 9922.1753321019933 601.09215188305825 17.154335863888264 224.66617685556412 413.75382297858596 197.83108269236982
leaf_count=178 206 1415 433 23627 1038 241 2066 6640 674 1374 66428 5857 96 1643 2869 1388
internal_value=0.000331262 -0.00389038 0.00154963 -0.00421421 -0.00498561 0.00168028 0.00606235 0.00519163 0.012543 0.0010676 0.000815079 -0.0042864 0.0109193 0.00675537 -0.00185762 0.00298269
internal_weight=17122.4 3827.43 13294.9 3802.88 3584.35 13227.8 1601.49 1562.39 404.961 11626.3 11352.9 1430.69 273.41 241.821 1212.68 611.585
internal_count=116173 26258 89915 26080 24665 89482 9586 9380 2740 79896 77916 11488 1980 1739 10114 4257
cat_boundaries=0 4 5 9 11 12 13
cat_threshold=3626599008 2995265872 3423144962 48 536879104 4097 16778786 540148068 68 0 8 268451904 32852
is_linear=0
shrinkage=0.0659825


Tree=263
num_leaves=17
num_cat=6
split_feature=2 13 0 13 2 2 5 2 9 16 15 13 9 23 2 18
split_gain=21.09 10.0103 7.73004 16.6199 10.1271 9.34254 7.79464 7.28968 11.1081 8.05851 7.95737 7.86391 12.1151 7.77419 7.19514 6.29812
threshold=0 840.50000000000011 1 385.50000000000006 2 3 11.500000000000002 4 19.500000000000004 35.330000000000005 185.50000000000003 340.50000000000006 14.500000000000002 0.23383087500500191 5 4.0277300000000009
decision_type=9 10 9 8 9 9 2 9 2 8 10 8 2 2 9 10
left_child=2 14 6 5 15 -4 -1 8 9 -8 -11 12 -9 -10 -2 -5
right_child=1 -3 3 4 -6 -7 7 11 13 10 -12 -13 -14 -15 -16 -17
leaf_value=0.0069073612668686156 -0.0073907680616156534 -0.022761092543109568 -0.010404284422676578 -0.0065564201665072337 0.0056258907581125464 0.0057906110582529764 0.010052887887467421 -0.0056992675545034085 0.0017241237840479465 -0.029208740513733109 -0.0047010142855798531 0.0010621864144346889 0.053168891814970233 -0.02818482734134482 -0.00074250630667935941 0.01754124273030341
leaf_weight=600.44032477214932 741.10482999123633 87.957209929823875 359.38321827631444 48.156277503818274 1770.7768950182945 251.96626112796366 39.951895650476217 26.356665674597025 517.86399691738188 159.76896403729916 92.622516598552465 574.65109878778458 26.558703877031803 34.536912217736244 11221.923971090466 587.36387852206826
leaf_count=6941 4327 451 2027 317 10722 1443 267 171 3290 998 528 3565 170 198 77516 3512
internal_value=0.00017141 -0.00133303 0.00372559 0.00585206 0.00833542 -0.00381324 0.000608292 -0.00197482 -0.00591788 -0.0162412 -0.0205456 0.00337887 0.0263408 -0.000440003 -0.0011648 0.0154288
internal_weight=17141.4 12051 5090.4 3017.65 2406.3 611.349 2072.75 1472.31 844.744 292.343 252.391 627.566 52.9154 552.401 11963 635.52
internal_count=116443 82294 34149 18021 14551 3470 16128 9187 5281 1793 1526 3906 341 3488 81843 3829
cat_boundaries=0 4 5 9 13 15 19
cat_threshold=820585542 2491483905 605096322 21 47760 807477252 0 2048 4 278921220 1025 65536 5 805372928 268500993 67125632 150994944 2105348 64
is_linear=0
shrinkage=0.0659825


Tree=264
num_leaves=17
num_cat=1
split_feature=24 24 24 5 24 7 21 17 5 5 21 15 15 21 0 24
split_gain=6.75208 7.50259 7.16095 9.30039 7.69471 20.0733 14.0141 13.7731 10.9245 11.3933 8.90257 7.32244 7.12282 6.06775 10.7198 11.9159
threshold=0.058715794009911663 0.062063366187077536 0.069624405445300977 15.500000000000002 0.084553069080756396 18.500000000000004 1019.5500000000001 42.705000000000005 9.5000000000000018 15.500000000000002 1005.9500000000002 3.0000000000000004 67.500000000000014 1006.7500000000001 0 0.19552114552114555
decision_type=8 8 8 2 8 2 10 10 2 2 10 8 10 10 9 10
left_child=-1 -2 3 -3 5 10 8 12 -7 -10 -4 -6 -8 14 -13 -16
right_child=1 2 4 -5 11 6 7 -9 9 -11 -12 13 -14 -15 15 -17
leaf_value=-0.015306676830673339 0.020319954482464542 0.0028993898294850098 0.019890662309147631 -0.030007980801101987 0.02603497562040958 -0.0030134693899692656 -0.0058138232999663522 -0.027926416220315709 0.079624419220020531 0.02413779411896131 -0.013188496660342565 -0.0066243815750632864 0.049335222768920731 0.00098435565666983582 0.0079709069284022022 -0.0027629726104793483
leaf_weight=110.87716487981379 77.264387037605047 71.391588805243373 41.574074178934097 70.018531898036599 42.1953797750175 17.649206306785345 14.75829044729471 28.580834314227104 33.220562821254134 40.784833066165447 132.33979469165206 1363.4219658859074 19.907558100298047 13070.235498434864 682.52547940611839 1294.4893271843903
leaf_count=1126 577 1018 244 573 291 227 131 335 262 282 1142 8187 196 90486 3876 7200
internal_value=0.000482268 0.000590828 0.000493289 -0.0139746 0.000620355 0.0105194 0.0273118 0.00281435 0.0429585 0.0533035 -0.00486554 0.000418604 0.0285532 0.00034286 -0.0021643 0.000951322
internal_weight=17111.2 17000.4 16923.1 141.41 16781.7 328.815 154.901 63.2467 91.6546 74.0054 173.914 16452.9 34.6658 16410.7 3340.44 1977.01
internal_count=116153 115027 114450 1591 112859 2819 1433 662 771 544 1386 110040 327 109749 19263 11076
cat_boundaries=0 1
cat_threshold=6722
is_linear=0
shrinkage=0.0659825


Tree=265
num_leaves=17
num_cat=2
split_feature=24 24 23 15 21 16 0 21 17 14 24 7 0 24 24 15
split_gain=7.93299 10.114 8.85265 8.14872 6.6887 6.55311 10.942 9.08258 12.0434 10.1281 8.90233 14.1931 15.2805 14.5218 11.1405 9.26713
threshold=0.62194460871279333 0.56436906969135137 0.24801034553047988 146.00000000000003 1019.1500000000002 40.460000000000008 0 1016.7500000000001 29.740000000000006 11.500000000000002 0.097892635314995577 8.5000000000000018 1 0.19462481962481967 0.16850198412698417 160.50000000000003
decision_type=10 10 2 8 10 10 9 10 8 10 8 2 9 10 8 8
left_child=1 5 4 -2 -3 6 -1 8 9 -8 -10 12 14 -13 -12 -15
right_child=3 2 -4 -5 -6 -7 7 -9 10 -11 11 13 -14 15 -16 -17
leaf_value=-0.013119247567319171 -0.041380874197099876 0.0071400206175817769 -0.0084258962187812297 -0.00087506895394625381 0.043879966091887157 -0.0010561249676480143 0.046830117302957969 0.0068370440893467535 0.013107462827325379 -0.0075950226671966234 -0.021782357637973548 -0.0072617257654261427 -0.018190511208818639 0.01577688491367675 0.014130453620014471 -6.6531729935282645e-05
leaf_weight=178.17835071869195 35.226688530296087 40.492635071277618 36.356317043304443 45.755658205598593 48.172101177275181 13366.329535494093 36.16218376904726 1490.3707480859011 168.76716815680265 20.558568898588419 44.72813705354929 440.59381974302232 378.73258127644658 330.75882317684591 138.85384102910757 307.19871775247157
leaf_count=1354 230 240 186 328 259 88985 211 11498 1291 130 386 3383 2533 1947 968 2209
internal_value=-0.000348132 -0.000246359 0.0179984 -0.020196 0.0286749 -0.000387917 0.00213615 0.00299887 -6.26515e-05 0.0283068 -0.00104615 -0.00254607 -0.0109836 0.00189086 0.00470405 0.00822104
internal_weight=17107.2 17026.3 125.021 80.9823 88.6647 16901.2 3534.9 3356.72 1866.35 56.7208 1809.63 1640.87 562.315 1078.55 183.582 637.958
internal_count=116138 115580 685 558 499 114895 25910 24556 13058 341 12717 11426 3887 7539 1354 4156
cat_boundaries=0 1 2
cat_threshold=24644 4106
is_linear=0
shrinkage=0.0659825


Tree=266
num_leaves=17
num_cat=3
split_feature=14 4 24 24 1 0 7 24 21 7 21 0 18 24 24 24
split_gain=7.76544 7.56386 13.1286 18.4369 27.3692 22.5155 18.166 28.7235 16.9342 12.8493 13.1737 10.6869 10.3657 9.86018 9.61647 16.8177
threshold=31.500000000000004 1.0000000180025095e-35 0.19090035481963338 0.21836667175650229 0 1 5.5000000000000009 0.31537359751730731 1017.0500000000001 17.500000000000004 1000.5500000000001 2 8.6308500000000006 0.38043715122173066 0.14454349188662166 0.13380447585394586
decision_type=10 2 10 10 1 9 2 10 8 2 10 9 10 10 10 10
left_child=1 2 14 11 5 -5 13 8 12 -7 -11 -4 -8 -6 15 -1
right_child=-2 -3 3 4 6 9 7 -9 -10 10 -12 -13 -14 -15 -16 -17
leaf_value=-0.0027306385917176602 -0.01963687760534415 -0.00064940802282228841 -0.0079169837574574343 -0.023053998534022593 0.00012581628929307642 0.045316091017241072 -6.5023102619186576e-05 -0.026480644009438527 -0.0062454177985825816 -0.025182182752570767 0.03090501379475704 0.021058867830292267 0.035714147576728188 0.03042754815988059 -0.011702872816285589 0.02655098825467387
leaf_weight=517.24507435783744 82.517705606296659 14556.825043531135 59.71223409101367 30.316445302218199 92.365117592737079 116.75262482091784 61.048031385987997 229.76250343024731 346.14242336153984 25.674694709479809 36.861015077680349 418.54682623501867 77.114394126459956 88.537924347445369 337.44730722159147 95.840040454640985
leaf_count=4516 613 98730 412 192 552 657 352 1297 2310 127 242 2561 435 484 2379 651
internal_value=-0.000171097 -6.997e-05 0.00325291 0.00692371 0.00220328 0.0232974 -0.00286422 -0.00760462 0.0015736 0.0312078 0.00768216 0.017657 0.0205858 0.0154766 -0.00286502 0.00206836
internal_weight=17172.7 17090.2 2533.37 1582.83 1104.58 209.605 894.97 714.067 484.305 179.288 62.5357 478.259 138.162 180.903 950.532 613.085
internal_count=116510 115897 17167 9621 6648 1218 5430 4394 3097 1026 369 2973 787 1036 7546 5167
cat_boundaries=0 1 2 3
cat_threshold=4 2 18
is_linear=0
shrinkage=0.0659825


Tree=267
num_leaves=17
num_cat=6
split_feature=2 15 13 2 5 2 16 13 2 2 17 17 16 2 21 15
split_gain=21.6841 7.78431 37.6313 22.25 17.5569 22.8042 16.5617 14.3664 24.7831 19.2941 13.0517 10.379 9.75228 8.48247 11.3266 10.2917
threshold=0 190.00000000000003 418.50000000000006 1 8.5000000000000018 2 53.780000000000008 238.50000000000003 3 4 90.125000000000014 41.190000000000005 27.500000000000004 5 1013.0500000000001 185.50000000000003
decision_type=9 10 8 9 2 9 10 10 9 9 10 10 10 9 10 10
left_child=-1 4 6 -4 5 -2 -3 8 12 11 -11 -9 -6 15 -15 -10
right_child=1 2 3 -5 7 -7 -8 9 13 10 -12 -13 -14 14 -16 -17
leaf_value=-0.004179406554420579 -0.013884501385217225 0.015299037818745309 -0.0028930095185888296 0.009460745338000268 -0.014300467834793218 0.0026056588918099009 0.064555296010731858 0.030735954023445047 0.0017919178323637128 -0.0057158069356300478 0.015127480631090115 0.0052655219991356913 0.0093136311477048858 -0.010949407527553884 0.0011218293106500115 0.032807643512720884
leaf_weight=3885.1254165191203 756.69929744396359 67.981773212552071 1364.3011918496341 1163.3516499847174 73.263585243374109 688.6265021674335 54.888087760657072 87.576254174113274 2586.225319984369 2249.9197426848114 132.92879259958863 284.66767278686166 2398.2304134601727 585.52224275097251 788.05320029519498 41.222188614308834
leaf_count=26405 9539 384 8951 7705 437 7041 299 501 16128 14094 696 1509 14635 3167 5104 319
internal_value=0.000147784 0.00141304 0.00461011 0.00282803 0.000618164 -0.00612805 0.0393608 0.00167826 0.00337591 -0.00230865 -0.00449772 0.0113658 0.00854486 0.000152927 -0.00402098 0.00234626
internal_weight=17208.6 13323.5 2650.52 2527.65 10672.9 1445.33 122.87 9227.61 6472.52 2755.09 2382.85 372.244 2471.49 4001.02 1373.58 2627.45
internal_count=116914 90509 17339 16656 73170 16580 683 56590 39790 16800 14790 2010 15072 24718 8271 16447
cat_boundaries=0 4 8 12 16 20 24
cat_threshold=2730610948 2571700224 268896392 128 8192 572522504 2819621442 4 1409288208 43025472 1258865472 8 287321088 637576768 2281751072 76 8192 1187928 193462276 16 1141375506 8519683 19924240 1
is_linear=0
shrinkage=0.0659825


Tree=268
num_leaves=17
num_cat=1
split_feature=0 13 13 16 5 24 17 13 13 14 24 7 24 13 6 24
split_gain=8.18603 7.99366 9.03764 7.32294 13.8138 13.7877 6.99038 6.82898 10.5281 13.4307 7.74432 8.65959 6.82553 6.69185 6.62996 6.59538
threshold=0 665.50000000000011 837.50000000000011 80.330000000000013 15.500000000000002 0.20789119781879814 96.615000000000009 550.50000000000011 358.50000000000006 14.500000000000002 0.37406561272046063 9.5000000000000018 0.2095105081138601 454.50000000000006 742.50000000000011 0.5332445520581115
decision_type=9 10 10 10 2 10 10 10 10 8 10 2 10 10 2 10
left_child=3 15 -3 6 5 -5 7 8 -1 10 11 13 -9 -10 -13 -2
right_child=1 2 -4 4 -6 -7 -8 12 9 -11 -12 14 -14 -15 -16 -17
leaf_value=0.0012156479619356768 -0.0015880007244089872 0.019284899233972752 -0.0050864699197041355 -0.013792573556115665 0.01713236979116663 0.0075310840637571154 0.01834473466558598 0.028437582676011652 -0.024969672823649574 -0.024490466536000219 -0.019810350466169493 0.021664333397251542 -7.5715767699729433e-05 0.0099416502431183724 -0.0048692406230034357 0.0097280736945605083
leaf_weight=4542.6327604041435 10383.159536759369 166.53992496430874 103.92991563305259 183.87377756647766 368.67585095763206 425.8744083121419 92.616813808679581 69.505819384008646 56.378184221684933 155.91585962846875 70.190227564424276 111.74717101454735 70.56811747699976 34.2577870413661 59.821967259049416 223.03004166483879
leaf_count=28192 76281 847 559 1211 1765 2230 514 385 315 987 346 596 338 175 314 1372
internal_value=3.73045e-05 -0.00105539 0.0100166 0.00193904 0.00716523 0.00102615 0.00096391 0.000630853 0.000221896 -0.00892133 -0.00130138 0.00399892 0.0146827 -0.0119839 0.0125666 -0.00134446
internal_weight=17118.7 10876.7 270.47 6242.06 978.424 609.748 5263.63 5171.02 5030.94 488.311 332.395 262.205 140.074 90.636 171.569 10606.2
internal_count=116427 79059 1406 37368 5206 3441 32162 31648 30925 2733 1746 1400 723 490 910 77653
cat_boundaries=0 1
cat_threshold=16993
is_linear=0
shrinkage=0.0659825


Tree=269
num_leaves=17
num_cat=4
split_feature=2 2 13 5 2 23 13 17 13 8 0 4 13 13 23 13
split_gain=23.9354 11.3196 8.51985 8.93178 16.3007 12.0427 7.77034 7.32782 7.06216 6.84885 10.6776 6.72515 7.21272 8.04501 7.95132 6.56367
threshold=0 1 238.50000000000003 10.500000000000002 2 0.23817955162449631 616.50000000000011 55.440000000000005 201.50000000000003 18.500000000000004 3 1.0000000180025095e-35 421.50000000000006 257.50000000000006 0.18140606161516884 565.50000000000011
decision_type=9 9 8 2 9 2 10 10 8 2 9 2 8 10 2 10
left_child=8 6 3 -3 7 -6 9 -5 -1 -2 -11 12 13 -10 -14 -13
right_child=1 2 -4 4 5 -7 -8 -9 11 10 -12 15 14 -15 -16 -17
leaf_value=-0.038994541491179369 -0.00046763539035943341 -0.014334089944209011 0.00026125626356719543 -0.027536238953097956 0.059873549337074367 0.017575056635848494 0.027173821735614813 0.010961146867321815 0.013032270941275204 0.0011172574427519564 0.011247419969283466 -0.006105243532446584 -0.01250786699347177 -0.033754809954689415 0.01396297517347864 -0.026190042289414898
leaf_weight=21.569646557793021 789.22362785413861 42.966382835060358 11864.475512074307 38.801715213805437 36.503294613212347 123.51639764895663 62.697492606937885 36.302025143057108 21.432649545371532 816.91220770403743 1035.4977579098195 1881.349565718323 58.972825868055224 36.04216418787837 207.19254337996244 68.146421313285828
leaf_count=130 5605 254 82405 247 225 728 325 218 121 5351 6371 12304 480 209 1262 355
internal_value=0.000423623 0.00139429 0.000531459 0.0118192 0.0168457 0.0274591 0.00524216 -0.00847361 -0.00582417 0.00467856 0.00686531 -0.005429 0.0033278 -0.0167404 0.00794568 -0.00688872
internal_weight=17141.6 14846.9 12142.6 278.09 235.123 160.02 2704.33 75.1037 2294.71 2641.63 1852.41 2273.14 323.64 57.4748 266.165 1949.5
internal_count=116590 101729 84077 1672 1418 953 17652 465 14861 17327 11722 14731 2072 330 1742 12659
cat_boundaries=0 3 7 11 12
cat_threshold=2704065 143130992 3087295138 1660948480 554707458 1248516 192 335544320 1024 16 4 2584
is_linear=0
shrinkage=0.0659825


Tree=270
num_leaves=17
num_cat=0
split_feature=13 13 20 19 16 7 21 4 24 4 7 24 21 6 16 7
split_gain=6.44098 7.51117 5.31905 10.5032 9.9603 9.02183 18.0808 17.7832 20.649 14.5374 13.8132 12.1487 13.1198 11.6439 11.1563 13.8073
threshold=876.00000000000011 855.50000000000011 9.5000000000000018 0.015000000000000001 83.840000000000018 17.500000000000004 1016.0500000000001 5.5000000000000009 0.097892635314995577 2.5000000000000004 20.500000000000004 0.085625809416384688 1024.9500000000003 537.00000000000011 72.500000000000014 44.500000000000007
decision_type=10 10 10 10 10 2 10 2 8 2 2 10 10 2 10 2
left_child=1 2 4 -4 5 7 10 8 9 -1 13 -9 -13 -7 15 -12
right_child=-2 -3 3 -5 -6 6 -8 11 -10 -11 14 12 -14 -15 -16 -17
leaf_value=0.028877609385335144 0.03037928854753608 -0.02540287981708322 0.00099518643353720495 0.01721709761646277 -0.022272657685871378 0.041127017374518259 0.03098232743910884 -0.017293885393268787 -0.0072364475850833403 -0.026874157274262293 -0.013027906692452629 0.027343234277097308 -0.023197778653647201 0.0057486633273552291 0.019510832682265743 0.015429371345877132
leaf_weight=109.06804555654526 25.388393171131611 42.07222218811512 13792.789359310642 169.77611473947763 94.044078286737204 50.734212584793568 93.793817611411214 39.389382835477591 1820.7279097987339 19.574058907106519 398.09607993811369 163.33472169563174 20.912378039211035 149.20558532699943 68.622851386666298 85.385387741029263
leaf_count=695 128 215 95837 897 543 291 566 294 11578 174 2186 1018 155 897 385 544
internal_value=0.000632063 0.000576879 0.000650154 0.00120004 -0.00181379 -0.00113178 0.00462782 -0.00338053 -0.00541246 0.019543 0.00111283 0.0139971 0.0210343 0.0156996 -0.00428617 -0.00786953
internal_weight=17142.9 17117.5 17075.5 13962.6 3112.89 3018.84 845.838 2173.01 1949.37 128.642 752.044 223.636 184.247 199.94 552.104 483.481
internal_count=116403 116275 116060 96734 19326 18783 4869 13914 12447 869 4303 1467 1173 1188 3115 2730
is_linear=0
shrinkage=0.0659825


Tree=271
num_leaves=17
num_cat=8
split_feature=2 2 5 16 8 2 8 17 3 2 2 21 21 18 2 1
split_gain=25.5405 10.0789 10.9751 14.6614 12.115 16.1906 9.77936 8.55007 7.9133 9.82953 9.04375 12.2712 11.1623 9.0316 7.83055 7.64164
threshold=0 1 20.500000000000004 77.540000000000006 15.500000000000002 2 12.500000000000002 35.485000000000007 3 4 5 1028.4500000000003 1010.7500000000001 5.1785100000000002 6 7
decision_type=9 9 2 10 2 9 2 8 9 9 9 10 10 10 9 1
left_child=8 2 4 6 5 7 -4 -2 9 -1 11 13 -12 -10 -14 -9
right_child=1 -3 3 -5 -6 -7 -8 15 10 -11 12 -13 14 -15 -16 -17
leaf_value=-0.0082806963621959023 0.037327293576383147 -0.0049553471368207081 -0.0019635945247048251 0.04329885293674355 -0.00024741381627382537 -0.01423448550306624 0.023543204979219017 -0.025460640299049833 0.016101314522960753 0.0020658544251346924 0.014801179201225693 0.027678648339384295 -0.00094048715843225901 -0.0030270682927650535 0.0087759880291963365 0.0080263631659696754
leaf_weight=447.62111905403435 28.363754570484161 3891.7051358483732 238.12449616193771 44.473628256469965 5364.0854342663661 594.8873101323843 83.569164818152785 30.911632280796766 113.75633957795799 2881.6696828166023 673.15185435116291 62.435989998281002 645.85305215790868 1024.0915318774059 805.59282209724188 141.19932353869081
leaf_count=3163 209 26331 1352 223 36632 4915 418 235 840 19305 3981 444 4115 6469 6245 1176
internal_value=-0.000265121 -0.00230344 -0.000713535 0.0102863 -0.00137837 -0.0089444 0.00498469 0.00705641 0.00292417 0.000641313 0.00519582 0.000587148 0.00777527 -0.00103726 0.00452067 0.00133109
internal_weight=17071.5 10417.3 6525.61 366.167 6159.45 795.362 321.694 200.475 6654.17 3329.29 3324.88 1200.28 2124.6 1137.85 1451.45 172.111
internal_count=116053 71491 45160 1993 43167 6535 1770 1620 44562 22468 22094 7753 14341 7309 10360 1411
cat_boundaries=0 4 8 11 12 15 19 23 24
cat_threshold=1254150274 201362730 59458096 26 555757104 572137552 2619379008 33 8192 570949632 2147483712 2281704962 146817024 0 65568 0 34848 17302032 8 16386 201326600 42024960 16 1
is_linear=0
shrinkage=0.0659825


Tree=272
num_leaves=17
num_cat=3
split_feature=14 1 0 13 4 0 17 17 4 7 9 7 22 13 9 4
split_gain=5.5786 21.2391 13.0612 10.2251 9.3398 8.50202 10.245 7.94402 8.99728 8.47189 12.8581 11.1422 10.0914 7.8899 9.01149 7.79075
threshold=19.500000000000004 0 1 300.50000000000006 1.0000000180025095e-35 2 23.270000000000003 19.205000000000002 3.5000000000000004 47.500000000000007 47.500000000000007 46.500000000000007 0.24715024733544202 419.50000000000006 52.500000000000007 3.5000000000000004
decision_type=10 1 9 8 2 9 8 8 2 2 2 2 2 10 2 2
left_child=7 2 -2 -3 -5 -6 -7 8 -1 11 -11 -9 -13 14 -8 -4
right_child=1 3 15 4 5 6 13 9 -10 10 -12 12 -14 -15 -16 -17
leaf_value=0.029969824320010788 -0.011008862220509107 0.037348662170021217 0.014747879890119765 0.011772956618880327 -0.014405290529259008 -0.037648466721998175 0.0056368794950338603 -0.00075671001061071842 -0.003014274984151456 -0.024416108303133271 0.034483677381879865 0.032756869430600383 -0.016025653677768634 -0.01008592708787634 -0.023125878851016347 0.038600902066387506
leaf_weight=71.826015591621399 49.838274408131838 24.907115472480655 159.55406676605344 211.28103997185826 216.99673772230744 24.996363781392574 739.55042458325624 14989.072851378471 64.887955836951733 116.38086201250553 13.01301935315132 70.886000791564584 20.06562390178442 222.33706703409553 44.524231366813183 104.04701415635645
leaf_count=422 375 166 1019 1631 1625 169 6337 100157 391 1097 131 549 130 1325 327 712
internal_value=-0.000207517 0.00326323 0.0186905 -5.85446e-05 -0.000853229 -0.00303806 -0.000431235 -0.00061533 0.0148669 -0.000760541 -0.0171776 -0.000612622 0.0216564 0.000715356 0.00383373 0.0239509
internal_weight=17144.2 1798.03 313.439 1484.59 1459.69 1248.4 1031.41 15346.1 136.714 15209.4 129.394 15080 90.9516 1006.41 784.075 263.601
internal_count=116563 13686 2106 11580 11414 9783 8158 102877 813 102064 1228 100836 679 7989 6664 1731
cat_boundaries=0 1 2 3
cat_threshold=1 2 2560
is_linear=0
shrinkage=0.0659825


Tree=273
num_leaves=17
num_cat=4
split_feature=2 14 2 19 4 2 24 21 23 23 17 24 2 7 24 16
split_gain=18.1002 9.5844 13.092 8.87789 7.80521 13.6031 10.1993 10.2782 6.42413 16.3785 12.1666 9.62547 15.7216 16.6339 12.6683 12.3477
threshold=0 2.5000000000000004 1 0.22500000000000003 5.5000000000000009 2 0.1862820512820513 1010.6500000000002 0.14728751760501466 0.13516257377267513 93.165000000000006 0.113515406162465 3 13.500000000000002 0.11778579356270812 58.460000000000008
decision_type=9 8 9 10 2 9 10 8 2 2 10 10 9 2 10 8
left_child=4 2 -2 8 -1 -6 -7 -8 9 -3 -11 12 13 -10 15 -13
right_child=1 3 -4 -5 5 6 7 -9 11 10 -12 14 -14 -15 -16 -17
leaf_value=0.0018176917562480754 -0.026553512806426517 -0.00012656022280724109 -0.0035060752912231632 -0.023970485844892246 -0.0052687938794264135 0.026863792335411297 -0.017512838772766836 0.013973932134390805 0.01430919292677958 -0.016044772649730834 0.027992003409000373 -0.0018894129144219785 -0.012736211524263293 -0.012080889044227128 -0.00043248436745688308 0.035378953208841678
leaf_weight=4036.5084406603128 142.40348921902478 985.99199052434415 372.71424872428179 70.206228943541646 183.9532049447298 201.04414817877114 53.517447836697102 182.68051902577281 246.93604904040694 561.09240613877773 23.143661350011826 69.59199296310544 673.45842593163252 170.52832038514316 9067.8245524344966 79.290008343756199
leaf_count=26878 1166 9649 2588 368 1359 1371 339 1221 1938 4954 167 548 5365 1472 56453 492
internal_value=-0.000624596 -0.00193544 -0.0106958 -0.00155398 0.00287887 0.0097335 0.0157932 0.00657235 -0.00140896 -0.00533198 -0.0140227 -0.000808475 -0.00665073 0.00342911 -0.000112929 0.0185838
internal_weight=17120.9 12463.2 515.118 11948.1 4657.7 621.195 437.242 236.198 11877.9 1570.23 584.236 10307.6 1090.92 417.464 9216.71 148.882
internal_count=116328 85160 3754 81406 31168 4290 2931 1560 81038 14770 5121 66268 8775 3410 57493 1040
cat_boundaries=0 4 7 11 15
cat_threshold=2248429825 325583202 2734844288 60 8388608 34816 134774784 0 322961408 384 4 1614810624 8520200 135004256 128
is_linear=0
shrinkage=0.0659825


Tree=274
num_leaves=17
num_cat=6
split_feature=2 21 3 13 17 2 14 7 5 21 21 16 0 13 2 3
split_gain=15.5794 10.2283 10.3036 7.50629 7.48397 8.41432 9.63096 9.36955 11.6868 9.52668 10.2882 8.31082 7.55911 6.72233 7.70096 8.57179
threshold=0 1009.6500000000002 1 435.50000000000006 87.675000000000026 2 5.5000000000000009 45.500000000000007 13.500000000000002 1021.4500000000002 1019.6500000000002 78.890000000000015 3 355.50000000000006 4 5
decision_type=9 10 9 10 10 9 10 2 2 10 10 10 9 8 9 9
left_child=1 2 -1 4 5 6 -3 9 -9 10 13 -8 -13 -7 15 -15
right_child=-2 3 -4 -5 -6 7 11 8 -10 -11 -12 12 -14 14 -16 -17
leaf_value=0.0051198079953252923 -0.0012733473897615579 -0.010880948772124251 -0.0060318369548650374 -0.0032944053934207676 0.019120026951063032 0.023989348004995165 0.00017576621047395486 0.061049037201228833 0.0059280589131670766 0.01354241677266412 -0.0096029213803594266 0.0034795265432594163 0.031133909033813943 -0.01255749701379525 0.0097117765099390199 0.0046469852557292027
leaf_weight=584.92045124573633 11838.254755111411 248.17075348179787 888.98261375725269 430.71861070394516 171.76063143834472 79.02477037999779 629.92370782326907 25.541087575256824 38.599556986242533 620.44041447527707 208.29685044102371 116.89075728133321 65.656835570931435 172.77631696686149 600.92567096464336 363.35542152635753
leaf_count=3340 80528 1813 5449 2526 1159 445 4708 273 235 4969 1688 704 370 1157 4399 2383
internal_value=5.30203e-05 0.00304073 -0.00160952 0.00486548 0.00592151 0.0051701 0.000331241 0.0075582 0.0313467 0.00675569 0.00375328 0.00381694 0.0159602 0.00607837 0.00470933 -0.00110366
internal_weight=17084.2 5245.98 1473.9 3772.08 3341.36 3169.6 1060.64 2108.96 64.1406 2044.82 1424.38 812.471 182.548 1216.08 1137.06 536.132
internal_count=116146 35618 8789 26829 24303 23144 7595 15549 508 15041 10072 5782 1074 8384 7939 3540
cat_boundaries=0 4 5 9 10 13 14
cat_threshold=809566528 438927650 1142238614 98 537003012 805306432 32768 339206 34 20528 4194304 268960000 16 131078
is_linear=0
shrinkage=0.0659825


Tree=275
num_leaves=17
num_cat=0
split_feature=9 19 5 16 15 17 24 8 7 21 5 15 9 16 22 13
split_gain=11.0474 7.57075 10.7475 18.3192 12.9585 10.897 9.2708 9.91066 7.85117 7.37882 10.7191 10.3108 8.23424 11.1305 8.54633 7.66996
threshold=36.500000000000007 1.0000000180025095e-35 15.500000000000002 49.460000000000008 175.00000000000003 92.765000000000015 0.10301477238468497 18.500000000000004 3.5000000000000004 1016.2500000000001 6.5000000000000009 180.50000000000003 52.500000000000007 56.480000000000011 0.27540650289801333 450.50000000000006
decision_type=2 8 2 10 10 10 10 2 2 10 2 8 2 10 2 10
left_child=1 -1 6 5 8 -4 7 -3 -5 10 -2 12 14 -14 -11 -13
right_child=9 2 3 4 -6 -7 -8 -9 -10 11 -12 15 13 -15 -16 -17
leaf_value=-0.00024172827498020432 -0.017677266873737083 -0.021679288616002212 -0.0027769819099495497 -0.0054690876667840924 -0.0058118969090519427 -0.035307957090326338 -0.014194253554450587 0.024167884819397571 0.02991119086215761 0.0021371522775396391 0.0017065836447339258 0.012905804408499779 0.024637568749073281 -0.023882917403287598 0.031999821642547138 -0.0074952880245550621
leaf_weight=11323.21211141767 124.29148553404957 25.213680367916822 143.79583493620157 31.423158317804337 101.14116759225726 59.702446341514587 579.30398219823837 54.81439221277833 140.19307398796082 846.06342547107488 2558.3142222212628 857.11457896605134 20.35480990447104 96.306367937475443 37.727144628763199 84.418970387428999
leaf_count=77614 1636 153 661 146 466 281 3152 310 731 7118 15696 6721 175 610 221 483
internal_value=0.000264202 -0.000758243 -0.00587904 0.00166813 0.0127239 -0.0130881 -0.0112951 0.00919955 0.0234684 0.00301601 0.000769512 0.00610685 0.0014252 -0.0145954 0.00362752 0.0110393
internal_weight=17083.4 12458.8 1135.59 476.256 272.757 203.498 659.332 80.0281 171.616 4624.59 2682.61 1941.99 1000.45 116.661 883.791 941.534
internal_count=116174 83514 5900 2285 1343 942 3615 463 877 32660 17332 15328 8124 785 7339 7204
is_linear=0
shrinkage=0.0659825


Tree=276
num_leaves=17
num_cat=10
split_feature=2 2 20 2 21 2 3 3 13 6 2 2 21 2 2 13
split_gain=18.3819 8.08502 8.22496 8.00239 7.40566 11.5869 8.45031 7.38812 18.3229 15.1967 13.7864 9.41291 8.69334 9.79751 9.45934 8.21018
threshold=0 1 0.18500000000000003 2 1019.35 3 4 5 266.50000000000006 417.50000000000006 6 7 1014.35 8 9 359.50000000000006
decision_type=9 9 8 9 8 9 9 9 8 2 9 9 10 9 9 10
left_child=3 -2 -3 -1 7 6 -6 8 9 -4 15 -9 14 -14 -13 -10
right_child=1 2 4 -5 5 -7 -8 11 10 -11 -12 12 13 -15 -16 -17
leaf_value=-0.01069264749961342 0.0050780816066462011 0.035954275584048533 -0.006023363361760339 -0.0025772768314881178 -0.0022330036942896747 0.0008730250470030444 -0.01219026414301113 0.0036918535041128835 0.0200868046405475 0.056908654218354497 2.243371749259745e-05 -0.011244875807925093 0.012196427747956774 -0.0021811344519357448 -0.00036622673950339102 -0.0080489787281086255
leaf_weight=586.09531777724624 1912.0262559261173 22.017601501196623 22.70870515704155 4683.3952189795673 938.12258614879102 2641.7146163219586 619.18966981582344 2114.2265414968133 285.12005521170795 47.109045790508389 936.77769832313061 663.21020841877908 292.43057537451386 613.99186578951776 727.0856826659292 49.927505273371935
leaf_count=3603 11968 134 163 32032 7012 19065 4567 14115 1914 276 6225 4095 1988 4306 4656 273
internal_value=-0.000272409 0.00116603 0.000409019 -0.00350999 0.000308287 -0.00179697 -0.006277 0.00184528 0.00610047 0.0376256 0.00424221 0.000529203 -0.00238763 0.00261882 -0.00566587 0.0153731
internal_weight=17155.1 11885.7 9973.63 5269.49 9951.61 4199.03 1557.31 5752.59 1341.64 69.8178 1271.83 4410.94 2296.72 906.422 1390.3 335.048
internal_count=116392 80757 68789 35635 68655 30644 11579 38011 8851 439 8412 29160 15045 6294 8751 2187
cat_boundaries=0 4 8 12 15 16 18 21 24 27 30
cat_threshold=1116332291 201458480 45173776 182 134218976 8388672 268566830 9 622849 134218000 8407040 2 85985296 289933312 1141415936 131586 536872000 8 268435456 808560640 134742016 73402384 290982920 1158160384 0 536936448 134480064 4 536977409 134512832
is_linear=0
shrinkage=0.0659825


Tree=277
num_leaves=17
num_cat=4
split_feature=2 4 2 2 24 16 2 24 13 15 14 15 24 19 16 5
split_gain=19.8668 9.1104 21.8569 13.0195 8.62341 8.44796 15.2755 9.80147 9.73638 8.92166 8.96515 10.8372 7.69938 7.5607 8.93751 11.2634
threshold=0 3.5000000000000004 1 2 0.4569093892572253 41.090000000000011 3 0.17917192295381373 451.50000000000006 67.500000000000014 14.500000000000002 185.50000000000003 0.15708305794227806 0.055000000000000007 76.460000000000022 19.500000000000004
decision_type=9 2 9 9 8 8 9 10 8 8 10 8 10 10 8 2
left_child=-1 3 -3 -2 13 6 12 -8 -9 -10 11 -11 -4 14 -5 -16
right_child=1 2 5 4 -6 -7 7 8 9 10 -12 -13 -14 -15 15 -17
leaf_value=0.0029207849094327505 0.0024249993512039047 -0.012784216542745541 -0.03037754736786491 -0.005223528003949803 -0.015476393040981735 -0.0034078190080077705 -0.0026050719321626956 -0.0093075906931514071 0.043689863643425836 -0.013725021332031758 0.038644873601155323 0.020432735441521892 -0.0021939413245809967 0.015352533823521057 0.00093131345864834133 0.031983185586554636
leaf_weight=6030.8828398697078 3630.6299611041322 967.344791630283 43.069995744153857 2064.267836349085 231.40344658307731 2628.3680929420516 132.23789788875729 43.458227254450321 65.192113261669874 60.632996119558811 48.945861583575606 97.838959081098437 301.1655588503927 94.863383926451206 666.16592127084732 48.855875417590141
leaf_count=40594 24950 6369 430 14682 1359 18186 1247 254 356 477 363 767 2113 511 3738 235
internal_value=-0.000124251 -0.00177679 -0.00411557 -0.000253447 -0.00338027 -0.00160348 0.00434016 0.0121394 0.0186158 0.023176 0.0156399 0.00733876 -0.00602671 -0.00238668 -0.00302522 0.00331158
internal_weight=17155.3 11124.4 4388.25 6736.19 3105.56 3420.91 792.542 448.306 316.068 272.61 207.418 158.472 344.236 2874.15 2779.29 715.022
internal_count=116631 76037 30562 45475 20525 24193 6007 3464 2217 1963 1607 1244 2543 19166 18655 3973
cat_boundaries=0 4 8 12 15
cat_threshold=3540079136 77660714 3531745480 41 69207172 272638017 2114050 144 81792132 457189441 690601990 144 4204544 1215488 134774816
is_linear=0
shrinkage=0.0659825


Tree=278
num_leaves=17
num_cat=3
split_feature=21 6 17 22 21 17 3 5 13 0 8 0 17 4 17 4
split_gain=7.10788 16.5885 14.5711 21.9178 13.2149 11.5429 9.66965 14.4087 12.4415 16.6015 13.3314 12.9539 11.3023 17.9415 16.1753 13.2155
threshold=1014.35 2190.0000000000005 84.335000000000022 0.14525108591995953 1014.5500000000001 52.740000000000002 0 11.500000000000002 272.50000000000006 1 24.500000000000004 2 64.295000000000016 3.5000000000000004 73.685000000000016 5.5000000000000009
decision_type=10 2 10 2 10 10 9 2 10 9 2 9 10 2 10 2
left_child=6 2 4 -4 5 -2 8 -8 9 -1 11 -10 -9 14 -14 -15
right_child=1 -3 3 -5 -6 -7 7 12 10 -11 -12 -13 13 15 -16 -17
leaf_value=0.0040105962197028843 0.043264616275933837 0.0082297885364247883 0.046490371651469908 0.0054691532011317129 -0.0011702928426185852 0.00073606856779049787 -0.0055816530876009844 -0.00084290014551449601 0.0057408186732094291 -0.0055920134294037667 0.00966236754774508 -0.01931187798505915 0.027549994936473938 -0.0074416184676701714 0.0075721586332799925 0.018443212879959005
leaf_weight=1218.0480179269798 48.70087780803442 1233.2077779620886 57.987861979752779 506.73074992932379 6997.2025954890996 56.654378728941083 1136.1896338686347 1520.4365261374041 105.64247634634376 2141.0751663809642 105.35386996343732 516.86289729177952 235.10487749986351 429.81336560100317 686.66243426688015 100.76419188454747
leaf_count=7151 285 9291 488 3354 52397 388 9560 8202 534 14288 539 2844 1130 2086 3304 497
internal_value=-0.000143256 0.00114741 2.50104e-06 0.0101438 -0.000812031 0.021716 -0.00154467 0.000717804 -0.00380939 -0.00211374 -0.0116023 -0.0152614 0.0031345 0.00728417 0.0128188 -0.00236835
internal_weight=17096.4 8900.48 7667.28 564.719 7102.56 105.355 8195.95 4108.97 4086.98 3359.12 727.859 622.505 2972.78 1452.34 921.767 530.578
internal_count=116338 66203 56912 3842 53070 673 50135 24779 25356 21439 3917 3378 15219 7017 4434 2583
cat_boundaries=0 2 3 4
cat_threshold=134753792 8 49797 2048
is_linear=0
shrinkage=0.0659825


Tree=279
num_leaves=17
num_cat=0
split_feature=16 19 15 23 13 17 23 7 23 6 15 23 16 7 17 9
split_gain=9.0737 16.722 14.3155 23.2621 19.0502 19.0424 17.3802 15.7282 16.5274 14.2436 11.6625 11.2824 16.7778 15.4728 10.7729 10.7128
threshold=58.460000000000008 0.13500000000000004 67.500000000000014 0.24386470281513214 440.50000000000006 47.875000000000007 0.34857467486614446 10.500000000000002 0.35536531769302598 426.00000000000006 6.5000000000000009 0.22831825588035756 92.480000000000004 23.500000000000004 47.690000000000005 45.500000000000007
decision_type=8 10 8 2 8 8 2 2 2 2 10 2 10 2 10 2
left_child=-1 2 6 4 -4 -5 9 8 -8 -2 -11 12 14 -13 15 -6
right_child=1 -3 3 5 11 -7 7 -9 -10 10 -12 13 -14 -15 -16 -17
leaf_value=0.0023156414101177208 -0.0055720538093809594 0.019474533722833299 0.009460682054494839 -0.004235311365050301 -0.011690949215436971 0.01282136674184072 0.018312649020032459 -0.0057423720461130265 -0.0098924521865401162 0.007806145810160748 -0.02566471699488921 -0.011736840642131402 0.026747430206054586 0.0060219302352647313 0.00053665723934890805 0.0046064956797549567
leaf_weight=7850.3565765274689 606.05301658250391 168.65866828896105 599.87216943316162 394.74132466688752 712.64842070452869 995.08255470404401 293.98287502489984 817.15558543987572 124.75797284021974 48.921101294457912 356.05865354463458 1048.3015577681363 86.187080912292004 263.67362182214856 2489.7264868747443 228.56014823913574
leaf_count=56881 4277 884 3631 2132 5156 5774 1622 4626 703 313 2310 6583 480 1720 17360 1532
internal_value=0.000667316 -0.00073458 -0.0011237 0.000382656 -0.00156911 0.00797961 -0.00568344 -0.000423659 0.00988745 -0.012071 -0.0215643 -0.00294968 -0.000996522 -0.00815616 -0.0017408 -0.00772905
internal_weight=17084.7 9234.38 9065.72 6818.79 5428.97 1389.82 2246.93 1235.9 418.741 1011.03 404.98 4829.1 3517.12 1311.98 3430.94 941.209
internal_count=115984 59103 58219 44368 36462 7906 13851 6951 2325 6900 2623 32831 24528 8303 24048 6688
is_linear=0
shrinkage=0.0659825


Tree=280
num_leaves=17
num_cat=5
split_feature=2 2 16 9 14 16 7 0 7 14 2 2 18 8 14 18
split_gain=20.5318 10.4959 10.1916 9.17895 10.9455 7.96221 11.3209 6.80245 8.8594 6.68486 11.3384 11.1896 8.6598 7.47142 9.87316 7.00131
threshold=0 1 16.520000000000003 6.5000000000000009 14.500000000000002 51.440000000000005 2.5000000000000004 2 20.500000000000004 11.500000000000002 3 4 4.0277300000000009 22.500000000000004 20.500000000000004 1.0000000180025095e-35
decision_type=9 9 8 2 10 8 2 9 2 10 9 9 8 2 10 8
left_child=3 5 -3 4 -1 7 -7 8 -2 11 13 12 -4 -11 -15 -12
right_child=1 2 9 -5 -6 6 -8 -9 -10 10 15 -13 -14 14 -16 -17
leaf_value=-0.013412886711222446 0.017534464546679559 0.032395513143764272 0.031945745139153214 -0.0032564913725527667 0.014885439331391363 -0.011522225718433133 0.0072783682722081062 -0.0031066662232131243 -0.0077372223611657746 0.00037795488432594749 -0.015827171078946 -0.0031784884659700045 0.0032321161963184452 -0.011891143291269448 0.010358096732748203 0.0048780262855696293
leaf_weight=803.5460174176842 169.74325504340231 34.34703628718853 42.295438500121236 2026.2672793921083 59.151791945099831 144.19484199211001 2027.3523637093604 989.29748671501875 87.491734217852354 1273.3200135938823 67.339573284611106 5536.6660571172833 838.85327524971217 534.47811216115952 98.441981673240662 2360.3479798240587
leaf_count=4864 1212 290 332 13262 399 1016 13249 7380 583 8729 583 37843 5462 3644 817 16667
internal_value=-0.000627939 0.000405731 -0.000604954 -0.00568187 -0.0113795 0.00358282 0.00600051 -0.000609275 0.0086317 -0.000729683 0.00127134 -0.00208089 0.00477173 -0.00252894 -0.00836319 0.00424712
internal_weight=17093.1 14204.2 10786.1 2888.97 862.698 3418.08 2171.55 1246.53 257.235 10751.7 4333.93 6417.81 881.149 1906.24 632.92 2427.69
internal_count=116332 97807 74367 18525 5263 23440 14265 9175 1795 74077 30440 43637 5794 13190 4461 17250
cat_boundaries=0 4 8 9 12 16
cat_threshold=2166407332 201327440 1577134378 128 1074279170 285343747 11142272 88 520 4195328 10553352 2165571664 4194304 8454144 1048592 2
is_linear=0
shrinkage=0.0659825


Tree=281
num_leaves=17
num_cat=3
split_feature=0 16 5 22 23 0 21 0 22 24 18 24 21 21 24 24
split_gain=7.15169 10.8602 14.7956 17.4316 9.94402 12.4932 13.3147 10.2718 10.7989 9.84192 9.26241 8.82944 8.63989 10.052 8.43666 8.35104
threshold=0 74.480000000000004 19.500000000000004 0.24288380344486041 0.16634021754825395 1 1015.7500000000001 2 0.22610769791589283 0.5332445520581115 27.043330000000001 0.12479508196721313 1027.5500000000002 1029.0500000000002 0.17917192295381373 0.097892635314995577
decision_type=9 8 2 2 2 9 10 9 2 10 8 10 10 10 10 10
left_child=1 9 3 -3 5 10 15 8 -6 12 -2 -10 -1 -14 -15 -7
right_child=4 2 -4 -5 7 6 -8 -9 11 -11 -12 -13 13 14 -16 -17
leaf_value=-0.0062466168481559456 0.014878670662954799 0.003951794017613414 0.019767310036856198 -0.012832125000807089 -0.0036196052937259382 0.024195585303909632 -0.0063097884894738878 8.3656728096977529e-06 0.018793386399487379 0.020969878109519433 -0.024352140043897859 -0.024537033954658831 0.02158054107173011 -0.01494416017471905 0.0111018486896057 0.0039777905998607992
leaf_weight=3332.3508147085086 518.58792792260647 997.98697533085942 169.91739978268743 361.94472047127783 980.03163854032755 101.48082548007369 585.82594525348395 8947.4509613690898 18.352671474218369 57.289880272001028 22.087304227054119 184.53391478955746 101.44641269557178 113.21683212555945 93.087531425058842 532.66742325946689
leaf_count=24598 4361 6215 828 2189 7731 761 6210 54875 142 353 145 1227 861 1131 701 4085
internal_value=-0.000860495 -0.00289024 0.00177471 -0.000553471 3.52199e-05 0.0046031 0.00082051 -0.000760986 -0.0064952 -0.00482797 0.0127826 -0.0201733 -0.00526921 0.00522796 -0.00321093 0.00741759
internal_weight=17118.3 5227.24 1529.85 1359.93 11891 1760.65 1219.97 10130.4 1182.92 3697.39 540.675 202.887 3640.1 307.751 206.304 634.148
internal_count=116413 36876 9232 8404 79537 15562 11056 63975 9100 27644 4506 1369 27291 2693 1832 4846
cat_boundaries=0 1 2 3
cat_threshold=33048 8322 8194
is_linear=0
shrinkage=0.0659825


Tree=282
num_leaves=17
num_cat=1
split_feature=13 15 16 24 23 21 7 22 9 22 8 9 17 21 1 21
split_gain=6.08 5.50321 11.9162 14.9086 11.0058 9.59231 10.203 7.75643 6.69067 6.62603 5.66331 5.64947 5.56154 9.68675 10.2794 15.8407
threshold=876.00000000000011 238.50000000000003 55.670000000000009 0.13862017412716562 0.16338730859185427 1023.6500000000002 20.500000000000004 0.18129099864123852 38.500000000000007 0.19115035970605057 20.500000000000004 21.500000000000004 48.055000000000007 1004.5500000000001 0 1035.2500000000002
decision_type=10 10 8 10 2 8 2 2 2 2 2 2 10 8 1 10
left_child=1 12 3 -3 5 6 -5 8 -4 -9 -11 -6 13 -1 -15 -16
right_child=-2 2 7 4 11 -7 -8 9 -10 10 -12 -13 -14 14 15 -17
leaf_value=0.017493871740173812 0.028445851798724341 -0.013082527365726449 -0.015831485138293706 0.045231814490547105 0.014683531133989385 -0.023845959656822468 -0.016304153311712519 -0.029548733740783175 0.016462552292282721 0.024188215234809806 -0.011499924313455888 0.053974891364336419 0.0008303871957848235 0.0028703708520037004 -0.0040953937783643115 0.043479288721845102
leaf_weight=105.745127864182 26.933908887207508 44.214113833382726 31.51193967834115 26.786423346027732 28.859387993812561 22.58940021507442 14.159171171486376 53.615771491080523 107.95395950227976 22.015738798305392 55.216494183987379 60.138902194797993 11059.323728287593 1352.165371293202 4102.5836740620434 24.492356594651937
leaf_count=601 132 442 296 251 205 189 122 401 734 210 352 479 74510 9949 27604 151
internal_value=0.000227618 0.000172839 0.00718864 0.0192727 0.028797 0.00679012 0.0246108 -0.0018433 0.00880001 -0.0130717 -0.000278206 0.0430322 -2.66559e-05 -0.00172279 -0.00211316 -0.00374779
internal_weight=17138.3 17111.4 467.061 196.747 152.533 63.535 40.9456 270.314 139.466 130.848 77.2322 88.9983 16644.3 5584.99 5479.24 4127.08
internal_count=116628 116496 3681 1688 1246 562 373 1993 1030 963 562 684 112815 38305 37704 27755
cat_boundaries=0 1
cat_threshold=2
is_linear=0
shrinkage=0.0659825


Tree=283
num_leaves=17
num_cat=7
split_feature=2 20 5 5 2 2 17 3 8 4 2 23 2 17 2 13
split_gain=16.4597 8.54005 8.95693 6.92779 17.7529 11.1583 9.83964 10.999 8.314 8.22606 7.99652 8.4844 7.96853 7.05515 7.05143 6.82186
threshold=0 9.5000000000000018 20.500000000000004 18.500000000000004 1 2 71.540000000000006 3 17.500000000000004 5.5000000000000009 4 0.13396967089945222 5 68.820000000000007 6 315.50000000000006
decision_type=9 10 2 2 9 9 10 9 2 2 9 2 9 8 9 10
left_child=1 2 -1 5 8 6 13 -8 10 -6 11 -5 -10 -2 -9 -12
right_child=3 -3 -4 4 9 -7 7 14 12 -11 15 -13 -14 -15 -16 -17
leaf_value=-0.0037839521347887363 -0.0010874442448937606 0.0039617010925825976 0.027907688223606977 0.021350132320464899 -0.0083333111661938394 -0.0045746369623205817 0.014873309069962221 -0.0082116950948847873 0.024731610898198652 0.0089595153537218759 0.010776038958167903 -0.017645981133803369 0.0071154012239624791 -0.015013270119475831 0.0049496922297836638 -0.0029657061062380342
leaf_weight=1015.9273239360191 2807.49773189798 4806.8128101360053 34.159291870892048 23.533946560695767 773.25927574187517 4707.3587627084926 343.68686894513667 239.71888726577163 136.94865661859512 136.19838368147612 354.45924969948828 142.78742117993534 579.56402341742069 161.71738769486547 561.2695745062083 275.02548254467547
leaf_count=6402 20066 33185 180 175 3958 35127 2213 1531 718 692 1932 811 2946 1129 3793 1490
internal_value=-5.17535e-05 0.00278005 -0.00259413 -0.00152878 0.00159277 -0.00238802 0.000127973 0.0053088 0.00594474 -0.00563856 0.00132007 -0.0109223 0.0111077 -0.00187583 0.000925833 0.00472767
internal_weight=17099.9 5856.9 1050.09 11243 2421.78 8821.25 4113.89 1144.68 1512.32 909.458 795.806 166.321 716.513 2969.22 800.988 629.485
internal_count=116348 39767 6582 76581 12722 63859 28732 7537 8072 4650 4408 986 3664 21195 5324 3422
cat_boundaries=0 4 8 11 12 15 17 20
cat_threshold=1119895811 399540768 2191681216 74 352849444 539166793 135299072 4 807506128 2281710867 1627488568 402654212 285212704 536870912 32768 285213728 536870912 270630912 0 1073741848
is_linear=0
shrinkage=0.0659825


Tree=284
num_leaves=17
num_cat=0
split_feature=17 4 16 22 15 15 17 18 7 7 7 16 15 18 7 8
split_gain=7.50199 11.114 15.838 14.1131 11.81 10.3421 8.55411 9.4876 8.34012 18.8588 15.7399 12.6235 11.1285 9.59235 8.24383 9.10568
threshold=48.055000000000007 1.5000000000000002 68.540000000000006 0.17950851840707219 160.50000000000003 143.50000000000003 73.685000000000016 13.233970000000001 13.500000000000002 8.5000000000000018 5.5000000000000009 71.780000000000015 199.50000000000003 10.932410000000003 2.5000000000000004 24.500000000000004
decision_type=10 2 10 2 10 10 10 10 2 2 2 10 10 10 2 2
left_child=-1 2 5 4 -4 -2 -7 -8 9 10 14 -10 -13 -11 -5 -16
right_child=1 -3 3 8 -6 6 7 -9 11 13 -12 12 -14 -15 15 -17
leaf_value=-0.0023684051464682768 -0.0020539971170454338 0.0019469945647738419 0.031217634627503571 -0.0087411238162484403 0.0030083042352261188 -0.0045085060931517517 -0.022592574453259944 -0.00099132313553993139 0.018299860220905056 0.0097801429471118303 -0.012795645224594115 -0.013725384911597954 0.011365911977392966 0.041336490067135148 0.025947634057829006 -0.0056413756640439003
leaf_weight=5726.159725449048 1079.3912013126537 7825.7941875685938 117.67778815701604 71.215669602155685 138.1087844427675 409.39953373745084 370.41561033762991 116.49164846166968 75.697684831917286 110.2859764713794 269.38126078620553 448.66122983396053 87.677319318056107 67.257215596735477 131.67668848391622 53.068799762055278
leaf_count=39400 7303 52742 859 378 877 3755 2797 623 550 827 1519 2625 505 425 708 316
internal_value=-0.000422026 0.000558782 -0.0025026 0.00243785 0.0164211 -0.00642563 -0.0116396 -0.0175025 -0.000347017 0.00453829 -0.0018055 -0.00594666 -0.00954 0.0227328 0.00979015 0.0169858
internal_weight=17098.4 11372.2 3546.41 1570.71 255.787 1975.7 896.307 486.907 1314.92 702.886 525.342 612.036 536.339 177.543 255.961 184.745
internal_count=116209 76809 24067 9589 1736 14478 7175 3420 7853 4173 2921 3680 3130 1252 1402 1024
is_linear=0
shrinkage=0.0659825


Tree=285
num_leaves=17
num_cat=5
split_feature=2 2 3 22 22 23 2 17 2 21 5 11 17 22 7 11
split_gain=24.9103 8.40309 6.50204 10.4165 11.5597 11.1786 9.66802 7.90691 8.50133 15.4936 9.53305 8.18121 8.01033 7.45002 7.40768 6.63236
threshold=0 1 2 0.20626970221454605 0.18268352051108064 0.22574678982407012 3 89.90000000000002 4 1010.85 14.500000000000002 1.0000000180025095e-35 63.555000000000007 0.12946383267066505 9.5000000000000018 3.5000000000000004
decision_type=9 9 9 2 2 2 9 10 9 10 2 10 10 2 2 8
left_child=2 -2 -1 4 13 -5 -6 8 9 -7 12 14 -11 15 -10 -4
right_child=1 -3 3 5 6 7 -8 -9 11 10 -12 -13 -14 -15 -16 -17
leaf_value=-0.006027792877406791 0.0054249086764422702 0.0002781867853409356 0.0075934386748191321 0.011044081492178932 -0.0029144873229683043 -0.028278646645098226 -0.020611274813897334 0.02312518622403413 0.0022625672535868369 0.067284297100055332 0.0040163147482490469 0.016790414612903915 0.0082608453555763402 0.0030953472103184272 -0.015961889082942639 -0.017097140019861429
leaf_weight=3571.6705144494772 1604.009161517024 9391.1312847738154 60.593522088602185 451.63825367949903 265.61094848811626 26.810705170035362 292.69243938103318 43.296138405799866 134.48429582268 22.844271808862686 51.35980861261487 46.654608799144626 18.272164117544889 636.32086450792849 330.35776170343161 170.32008070498705
leaf_count=24649 10540 63355 550 2913 1813 147 2046 258 752 196 249 236 174 4790 1921 1767
internal_value=-0.000843191 0.0010359 -0.00420998 -0.00164307 -0.00538582 0.00308555 -0.0127342 -0.00229915 -0.00425384 0.0107456 0.0242212 -0.00789439 0.0456022 -0.000597908 -0.0107292 -0.0105888
internal_weight=17118.1 10995.1 6122.93 2551.26 1425.54 1125.72 558.303 674.08 630.784 119.287 92.4762 511.497 41.1164 867.234 464.842 230.914
internal_count=116356 73895 42461 17812 10966 6846 3859 3933 3675 766 619 2909 370 7107 2673 2317
cat_boundaries=0 3 7 9 11 14
cat_threshold=3611568260 58335264 1211189666 2212611 2818572626 805831168 102 403308546 8 1145047040 33685504 268435456 2228224 128
is_linear=0
shrinkage=0.0659825


Tree=286
num_leaves=17
num_cat=2
split_feature=24 24 0 13 16 16 17 7 17 20 24 24 5 1 7 8
split_gain=12.9235 12.1482 12.1676 18.997 12.0337 16.2617 27.4812 22.6615 15.8917 14.1608 12.2995 17.0399 11.8644 10.5565 9.71473 9.37646
threshold=0.14830831628938887 0.14737556561085977 0 227.50000000000003 36.770000000000003 50.540000000000006 44.150000000000006 2.5000000000000004 51.245000000000012 4.5000000000000009 0.096938248657579537 0.089018978564919388 8.5000000000000018 1 1.0000000180025095e-35 19.500000000000004
decision_type=10 10 9 8 10 10 10 2 8 10 10 10 2 1 2 2
left_child=1 2 4 -4 8 6 -6 15 -1 -9 11 13 -11 -8 -2 -7
right_child=14 -3 3 -5 5 7 10 9 -10 12 -12 -13 -14 -15 -16 -17
leaf_value=0.0022988170318681959 -0.017548499655775471 0.028888731046129823 0.049911259804006347 -0.0027910630356445146 0.019905597064175745 -0.027933341818995681 0.020837550241573324 0.033214894230101349 0.03053467724769476 -0.011368357388716456 -0.020632108558637213 0.03400965166035691 0.010979032028179313 -0.017310755093921316 -0.000612738155730757 0.0011336424602157186
leaf_weight=166.42649314180017 142.93506704829633 74.077690733596683 24.149794367142022 1475.5006443448365 147.68544630147517 89.579453080892563 34.472285866737366 108.73157819733024 177.62697674892843 109.83495597168803 290.78356163203716 43.912992689758539 1030.2156965918839 142.09443184360862 12902.856687431224 96.512999637052417
leaf_count=1439 937 532 156 12194 1271 767 217 585 1383 1754 2501 339 7034 1626 82952 727
internal_value=0.000200782 0.00347297 0.00294983 -0.00172743 0.00580739 0.00392398 -0.00462693 0.00785391 0.0171608 0.0110584 -0.0118682 -5.97993e-05 0.00877583 -0.0094054 -0.000806601 -0.013311
internal_weight=17057.4 4011.61 3937.53 1499.65 2437.88 2093.82 658.949 1434.87 344.053 1248.78 511.263 220.48 1140.05 176.567 13045.8 186.092
internal_count=116414 32525 31993 12350 19643 16821 5954 10867 2822 9373 4683 2182 8788 1843 83889 1494
cat_boundaries=0 1 2
cat_threshold=26802 1
is_linear=0
shrinkage=0.0659825


Tree=287
num_leaves=17
num_cat=6
split_feature=2 0 2 2 13 24 0 23 23 22 9 16 16 24 16 0
split_gain=17.7139 12.2793 13.3918 10.0682 14.9991 14.1556 12.7658 12.2284 14.0051 10.8215 8.48155 13.9801 18.3697 8.22924 7.84385 7.1979
threshold=0 1 2 3 210.50000000000003 0.43836741397717011 4 0.16594373429940737 0.15352872006943283 0.1491261965695482 40.500000000000007 51.890000000000008 36.770000000000003 0.24810595190265741 82.220000000000013 5
decision_type=9 9 9 9 8 10 9 2 2 2 2 10 10 10 8 9
left_child=15 3 -3 7 -5 -6 -7 8 9 -2 -10 12 -12 -9 -15 -1
right_child=1 2 -4 4 5 6 -8 13 10 -11 11 -13 -14 14 -16 -17
leaf_value=0.014498594449490681 -0.019206733057017367 0.0031026937710359943 -0.0030883494823838913 0.051890005030428475 -0.003590699883612292 -0.0031797821052142817 0.019335362346659404 -0.0064590082896243935 0.00086745452269732686 0.0088915393792947054 0.048116809663431889 0.060642510827933725 -0.030363376965361889 -0.013295806804593784 -0.034050969693865521 0.00257180724047205
leaf_weight=216.07731970772147 136.06880767457187 3634.1071228920482 2592.1751357624307 16.186184863559902 3547.9871620377526 201.5324115678668 221.55417183041573 711.93825730495155 66.519410997629166 97.822009839117527 16.95947303622961 33.488768618553877 23.33995308727026 450.68246286036447 96.011798530817032 5021.2636505644768
leaf_count=1558 1354 22842 15916 101 27427 1355 1405 4994 518 856 120 216 187 2782 527 34414
internal_value=-8.2609e-05 -0.00149509 0.00052386 -0.00372686 -0.00192151 -0.00222681 0.00909658 -0.00807305 0.00232056 -0.00752935 0.0183614 0.0328337 0.00468859 -0.0112232 -0.0172843 0.00310718
internal_weight=17083.7 11846.4 6226.28 5620.09 3987.26 3971.07 423.087 1632.83 374.198 233.891 140.308 73.7882 40.2994 1258.63 546.694 5237.34
internal_count=116572 80600 38758 41842 30288 30187 2760 11554 3251 2210 1041 523 307 8303 3309 35972
cat_boundaries=0 4 5 9 13 14 15
cat_threshold=2216145 18942978 942590600 212 37083 1585449732 335716888 1124139024 9 201334784 335684096 50397234 1 19 49154
is_linear=0
shrinkage=0.0659825


Tree=288
num_leaves=17
num_cat=1
split_feature=20 24 24 24 24 5 14 5 6 16 22 0 17 21 6 23
split_gain=8.05303 9.74231 12.6423 16.5937 9.14433 9.14324 7.05189 6.7563 6.48512 6.3455 12.9181 15.832 9.41148 10.021 8.06263 7.97868
threshold=1.8750000000000002 0.35128038085692814 0.20583506714582941 0.27339528717230344 0.16722497955342441 14.500000000000002 18.500000000000004 8.5000000000000018 1066.5000000000002 73.220000000000013 0.23230635473168271 0 71.540000000000006 1021.9500000000002 2470.0000000000005 0.20451404027805109
decision_type=8 10 10 10 10 2 8 2 2 10 2 9 10 8 2 2
left_child=1 2 4 -4 -1 7 8 -3 -5 -2 11 14 -13 -14 -11 -12
right_child=9 5 3 6 -6 -7 -8 -9 -10 10 15 12 13 -15 -16 -17
leaf_value=0.0071428999384833226 -0.0013023188936893456 -0.013918965716531112 0.045661523198266524 0.0099657839232364306 -0.034245621583878241 -0.038380337711734262 0.033455871439046866 0.021306639027627215 -0.028067377682584476 0.010034230183434458 -0.011141637877947757 -0.0046634166662324469 0.021782802790107466 -0.0041591697105929177 -0.0040812005922591949 -0.00045598543292150773
leaf_weight=130.62355245649815 10913.373711679131 43.500300068408251 85.818613059818745 44.402787920087576 21.74921172298491 25.442312309518456 22.16605407372117 39.206397829577327 25.794660452753305 1558.2038810048252 340.03554724901915 905.99277503415942 131.39871049486101 119.3397330250591 195.12763742730021 2509.7260998915881
leaf_count=816 79689 322 412 241 144 125 134 198 149 9404 2032 6324 922 781 1162 13769
internal_value=-0.000133756 0.00862697 0.0141886 0.0258084 0.000119504 -0.00821861 0.00563839 0.00310296 -0.00516109 -0.000367411 0.00140349 0.00449129 -0.00151598 0.00963462 0.00840664 -0.00175258
internal_weight=17111.9 438.704 330.555 178.182 152.373 108.149 92.3635 82.7067 70.1974 16673.2 5759.82 2910.06 1156.73 250.738 1753.33 2849.76
internal_count=116624 2541 1896 936 960 645 524 520 390 114083 34394 18593 8027 1703 10566 15801
cat_boundaries=0 1
cat_threshold=2265
is_linear=0
shrinkage=0.0659825


Tree=289
num_leaves=17
num_cat=2
split_feature=9 21 7 11 4 13 0 7 7 11 8 13 16 21 13 0
split_gain=5.56607 9.17397 7.69777 5.249 5.31647 12.3009 11.1315 21.7508 17.9192 10.2465 10.6609 10.0788 10.0359 13.461 9.90336 9.56745
threshold=55.500000000000007 1015.7500000000001 9.5000000000000018 -11.499999999999998 3.5000000000000004 686.50000000000011 0 38.500000000000007 39.500000000000007 3.5000000000000004 30.500000000000004 779.50000000000011 33.440000000000005 1027.5500000000002 315.50000000000006 1
decision_type=2 8 2 8 2 8 9 2 2 8 2 8 10 10 10 9
left_child=3 -2 -3 -1 6 12 7 9 -9 -5 -11 -7 -6 -14 -15 -13
right_child=1 2 -4 4 5 11 -8 8 -10 10 -12 15 13 14 -16 -17
leaf_value=-0.021035882672749372 0.030121875795116621 -0.03273725049448846 0.0096055166079975114 0.0082157604191041497 -0.023025872181783362 0.02925154741215456 0.0017032039340026028 0.070456145646498713 0.009459945820427142 -0.0086388342263479957 0.01757128249338839 -0.0053229209493478365 -0.0064282969961067301 -0.005957040679715339 0.041039488688443843 0.0012620054608601663
leaf_weight=47.261793261393905 62.407066058367491 19.916302334517241 59.503011304885149 196.19719277322292 142.7126377299428 44.047719120979309 8140.1896605896764 18.799289308488369 147.33115167170763 1586.3313938919455 64.874548021703959 1277.3421033499762 1472.6351283481345 31.133228424936533 40.453784074634314 3717.5288042202592
leaf_count=307 333 133 386 1048 886 224 54988 103 1134 10348 806 8693 8809 207 240 27478
internal_value=-0.000290686 0.0124469 -0.00262546 -0.000401962 -0.00033643 -0.00177437 0.000616568 -0.00375793 0.0186648 -0.00585069 -0.00754673 -0.000139237 -0.00664001 -0.00503903 0.0217627 -0.000434627
internal_weight=17068.7 141.826 79.4193 16926.8 16879.6 6725.85 10153.7 2013.53 166.13 1847.4 1651.21 5038.92 1686.93 1544.22 71.587 4994.87
internal_count=116123 852 519 115271 114964 46537 68427 13439 1237 12202 11154 36395 10142 9256 447 36171
cat_boundaries=0 1 2
cat_threshold=10560 20644
is_linear=0
shrinkage=0.0659825


Tree=290
num_leaves=17
num_cat=3
split_feature=2 2 19 16 11 15 20 20 15 11 16 21 11 0 16 21
split_gain=20.6831 7.08185 7.25257 5.69438 13.8898 11.5939 9.05517 8.11049 9.09832 7.79174 8.24497 7.24369 6.74878 6.65471 6.45572 6.27827
threshold=0 1 0.20500000000000004 57.110000000000007 49.500000000000007 238.50000000000003 7.5000000000000009 2.2500000000000004 21.000000000000004 117.50000000000001 41.990000000000002 1016.0500000000001 48.500000000000007 2 63.500000000000007 1024.6500000000003
decision_type=9 9 10 8 10 10 10 10 8 8 10 8 10 9 10 10
left_child=-1 2 3 5 13 7 -7 11 9 -9 -11 -2 -10 15 -15 -5
right_child=1 -3 -4 4 -6 6 -8 8 12 10 -12 -13 -14 14 -16 -17
leaf_value=0.0034364985478015334 -0.012044016029777478 -0.00037610919361491502 0.022095495052334137 -0.012805005837193016 0.032781762032837947 -0.018490028217671248 0.025109816448933248 -0.0044365089433058046 -0.0040286398183055844 0.0046892429031766946 0.048425319274832138 0.023142115731291525 -0.031586847770012763 -0.013518553688954585 -0.002688193197361256 0.0093128451976286601
leaf_weight=4603.7278889268637 30.496134288609028 7181.2333423341624 41.430074544623494 786.84748827293515 34.159990401938558 20.610806737095118 106.86436843499541 60.490342777222395 1917.3186365757138 39.395189944654703 32.39276671782136 87.567915322259068 33.418058762326837 271.42261494323611 1792.1608643122017 55.735584083944559
leaf_count=31596 169 49591 219 5206 258 139 898 367 13854 285 231 479 219 1793 10642 463
internal_value=-0.000336817 -0.00172985 -0.00355381 -0.00378815 -0.00571577 -0.00134533 0.0175261 -0.00248476 -0.00345251 0.0129148 0.0267203 0.013905 -0.00460003 -0.0062376 -0.00412925 -0.0111528
internal_weight=17095.3 12491.5 5310.31 5268.88 2940.33 2328.55 127.475 2201.08 2083.01 132.278 71.788 118.064 1950.74 2906.17 2063.58 842.583
internal_count=116409 84813 35222 35003 18362 16641 1037 15604 14956 883 516 648 14073 18104 12435 5669
cat_boundaries=0 4 8 9
cat_threshold=2223539040 136906322 2374812288 98 536880263 2987557160 573637928 132 522
is_linear=0
shrinkage=0.0659825


Tree=291
num_leaves=17
num_cat=0
split_feature=8 18 23 16 7 24 24 24 21 4 9 24 15 16 7 4
split_gain=7.13541 9.10979 7.47673 9.06724 10.606 9.1472 6.63367 8.5338 6.37168 5.97931 6.51405 5.55367 8.65739 5.48419 11.5178 9.6784
threshold=10.500000000000002 18.987870000000004 0.17038903332242447 76.460000000000022 5.5000000000000009 0.35641851382370077 0.40056497175141254 0.51013336133571363 1019.6500000000002 5.5000000000000009 11.500000000000002 0.58922321809645772 38.500000000000007 74.480000000000004 47.500000000000007 3.5000000000000004
decision_type=2 10 2 8 2 10 10 10 8 2 2 10 10 10 2 2
left_child=1 2 -1 5 -5 9 -7 -8 -6 -4 -11 13 -13 14 -2 -15
right_child=11 -3 3 4 8 6 7 -9 -10 10 -12 12 -14 15 -16 -17
leaf_value=0.0054923784439789092 0.00052188665039251171 0.014003359022981924 -0.021532948036797814 -0.017416893009134272 0.031490518550214876 0.02557746172245098 -0.024030473597409605 0.021772458723537495 -0.0076556551035923352 0.022510105659603919 -0.015210264067686195 0.017462168329146908 -0.020812679534341769 0.0052787171130075526 -0.020767310075594621 -0.0005879321379328689
leaf_weight=157.94941244460642 10901.755124604329 92.744579721242189 360.88311764784157 48.384736992418766 53.789592366665602 32.892321705818176 43.643576752394438 21.663249224424362 22.928023787215352 26.334195613861084 45.111539054661989 28.399236440658569 103.4878329411149 3044.3101436044089 105.5295222979039 2043.0904107633978
leaf_count=1480 78522 598 2449 291 317 195 265 126 176 174 312 196 639 17471 1105 12383
internal_value=0.000703136 -0.00497453 -0.00722812 -0.0103156 0.00544892 -0.0140531 0.00392383 -0.00826274 0.0200956 -0.0181341 -0.000615058 0.00102205 -0.0121541 0.00113469 0.000306122 0.00292485
internal_weight=17132.9 906.324 813.58 655.63 125.102 530.528 98.1991 65.3068 76.7176 432.329 71.4457 16226.6 131.887 16094.7 11007.3 5087.4
internal_count=116699 6383 5785 4305 784 3521 586 391 493 2935 486 110316 835 109481 79627 29854
is_linear=0
shrinkage=0.0659825


Tree=292
num_leaves=17
num_cat=3
split_feature=2 8 22 23 22 8 24 8 11 16 13 2 23 13 2 11
split_gain=23.9312 8.82129 8.4561 8.37387 9.37878 10.0637 7.64153 7.55198 7.19348 7.08008 6.87039 6.89588 6.45549 6.52114 18.6859 9.16541
threshold=0 32.500000000000007 0.13246732931227703 0.14265368512401069 0.18879668919709303 25.500000000000004 0.1734136334091648 16.500000000000004 118.50000000000001 20.480000000000004 876.00000000000011 1 0.090737098000203575 449.50000000000006 2 11.500000000000002
decision_type=9 2 2 2 2 2 10 2 10 8 10 9 2 10 9 10
left_child=1 2 7 4 5 -4 -7 -1 10 -5 11 -2 -13 -14 15 -15
right_child=8 -3 3 9 -6 6 -8 -9 -10 -11 -12 12 13 14 -16 -17
leaf_value=-0.0016617667245928827 -0.0078000315708798883 -0.020138071762689513 -0.0018576796147718665 0.032546243915350812 -0.01585260204656113 -0.0050923565380418638 0.05282129870609277 0.037943615419542429 0.026424943584683808 0.0051591290697608448 0.031332748327669677 -0.016045977668570372 -0.00046944880988554494 0.008727270999134857 -0.011606753705161257 -0.018016143884667858
leaf_weight=30.9525658916682 699.3419367223978 56.212189573794603 216.93283179029822 35.618605360388756 172.44001852162182 13.649347752332686 22.279402118176222 55.556071223691106 34.258689387701452 3352.4370641857386 21.575550734996796 118.88038537185639 11034.972042785492 400.53492694720626 779.54193129763007 58.718812212347984
leaf_count=290 4311 596 1991 204 1584 159 215 522 283 20329 111 1374 77640 2195 4463 278
internal_value=1.08983e-05 0.00449962 0.00489789 0.00441108 -0.00426796 0.00382391 0.0333238 0.0246151 -0.00134362 0.0055064 -0.00142973 -0.00149864 -0.00113208 -0.000980464 -0.00550731 0.0050046
internal_weight=17103.9 3956.08 3899.87 3813.36 425.302 252.862 35.9287 86.5086 13147.8 3388.06 13113.6 13092 12392.6 12273.8 1238.8 459.254
internal_count=116545 25890 25294 24482 3949 2365 374 812 90655 20533 90372 90261 85950 84576 6936 2473
cat_boundaries=0 4 8 12
cat_threshold=2779324452 2160590896 2576556200 192 320 67108864 2116 20 272631808 268567553 33604112 1
is_linear=0
shrinkage=0.0659825


Tree=293
num_leaves=17
num_cat=7
split_feature=2 15 22 2 2 18 0 17 24 18 13 22 2 0 0 22
split_gain=19.5476 11.7159 15.1024 10.8187 8.5139 10.879 9.98616 10.4761 7.08178 6.92172 7.40904 6.4035 6.2103 5.94603 5.46935 9.11854
threshold=0 264.50000000000006 0.19398897111022265 1 2 17.83709 3 46.655000000000008 0.27902476780185764 28.194110000000006 716.50000000000011 0.27168715378736152 4 5 6 0.1800787754301213
decision_type=9 10 2 9 9 10 9 10 8 10 10 2 9 9 9 2
left_child=9 4 3 -3 5 6 11 -8 -4 10 14 -2 -7 -9 15 -1
right_child=1 2 8 -5 -6 12 7 13 -10 -11 -12 -13 -14 -15 -16 -17
leaf_value=0.0063217956738673489 -0.025094888438083551 -0.02465007941564102 0.060871878727800088 0.013469958395633509 -0.00050145906262289038 -0.0084060930299202866 -0.012443833648293231 0.0072371481656242371 0.0082126627512553955 0.033344427979603929 0.035760740258999911 0.0010814313692688565 0.013266828679111508 -0.003833993650157695 0.0056868880505314924 -0.0063211184842515535
leaf_weight=475.88025152310729 190.42204752191901 29.853484861552715 31.106047406792641 94.190049543976784 11329.605523550883 69.56288231164217 526.5231758672744 261.84282857179642 18.967170208692551 29.980279586277902 26.095111787319183 50.667155086994171 188.37208819948137 867.20264849066734 2341.0195802226663 506.00510124862194
leaf_count=4561 1284 176 205 677 77635 411 3364 1662 112 169 135 246 1075 5763 14664 3930
internal_value=0.000107814 -0.00100495 0.0157013 0.00269573 -0.00122859 -0.00501407 -0.00676758 -0.00478776 0.0440478 0.00458875 0.00428342 -0.0189395 0.00754527 -0.00121076 0.0039696 -0.000190452
internal_weight=17037.3 13658.3 174.117 124.044 13484.2 2154.59 1896.66 1655.57 50.0732 3378.98 3349 241.089 257.935 1129.05 3322.9 981.885
internal_count=116069 92610 1170 853 91440 13805 12319 10789 317 23459 23290 1530 1486 7425 23155 8491
cat_boundaries=0 4 6 10 11 14 15 16
cat_threshold=310436134 2227175779 1157759118 130 16 33554432 694681793 526336 547365376 17 11 138412032 0 512 17024 37141
is_linear=0
shrinkage=0.0659825


Tree=294
num_leaves=17
num_cat=2
split_feature=8 0 23 19 16 15 1 15 19 8 11 18 16 24 23 8
split_gain=7.4162 6.48886 14.3242 10.463 7.15291 7.60346 6.88533 9.87695 6.30546 5.97622 6.98339 6.1118 5.90243 5.75632 5.72713 5.34628
threshold=6.5000000000000009 0 0.1764840204624808 0.095000000000000015 84.830000000000013 67.500000000000014 1 101.00000000000001 0.025000000000000005 13.500000000000002 -4.4999999999999991 8.6308500000000006 74.480000000000004 0.45194705289405279 0.15653342900870457 20.500000000000004
decision_type=2 9 2 8 10 10 1 8 10 2 8 8 10 10 2 2
left_child=13 2 3 6 5 -4 12 -8 -7 -9 -11 -12 15 14 -1 -2
right_child=1 -3 4 -5 -6 8 7 9 -10 10 11 -13 -14 -15 -16 -17
leaf_value=0.017528524204886098 -0.015457786101834368 0.0012646378796235078 -0.023292789022255872 -0.028670374169270041 0.0037967507983310616 -0.0096589958720845765 -0.0093986976837862023 -0.007973607697522922 0.025057429688268528 -0.0080393317169609631 0.0167044458916514 0.0054369813131977737 -0.021108292701104585 0.021786978926654918 -0.017850937034420301 0.0055040860483203348
leaf_weight=17.232442548498511 73.384857492521405 14275.861978836358 214.91981283482164 45.605071250349283 120.73999410495162 315.61098760180175 226.75701879896224 127.73364517092705 18.58167976513505 120.08435390889645 281.76111003942788 812.46791345067322 90.018302749842405 15.500984106212853 186.51488146930933 152.2856814339757
leaf_count=244 660 92934 1774 254 736 2151 2339 1177 96 1028 2901 6682 635 121 1448 1372
internal_value=0.000554005 0.000712582 -0.00231041 0.000574092 -0.0105845 -0.0137538 0.00137417 0.0031672 -0.00730445 0.00532408 0.0067565 0.00841666 -0.00742479 -0.0113335 -0.0144263 -0.00154511
internal_weight=17095.1 16875.8 2599.95 1930.1 669.852 549.112 1884.49 1568.8 334.193 1342.05 1214.31 1094.23 315.689 219.248 203.747 225.671
internal_count=116552 114739 21805 17048 4757 4021 16794 14127 2247 11788 10611 9583 2667 1813 1692 2032
cat_boundaries=0 1 2
cat_threshold=45446 1
is_linear=0
shrinkage=0.0659825


Tree=295
num_leaves=17
num_cat=4
split_feature=2 13 13 2 21 2 14 17 18 0 13 17 7 17 16 16
split_gain=19.3247 10.1442 7.35852 6.54106 9.05738 8.84057 8.63804 7.48946 9.48162 7.34051 10.3603 9.89483 8.84195 8.42028 7.40972 8.951
threshold=0 198.50000000000003 234.50000000000003 1 1028.7500000000002 2 7.5000000000000009 19.205000000000002 8.6308500000000006 3 315.50000000000006 31.210000000000004 1.0000000180025095e-35 93.090000000000018 62.780000000000008 37.670000000000009
decision_type=9 8 8 9 8 9 10 8 10 9 8 10 2 10 10 10
left_child=1 -1 -2 4 9 6 -6 8 -5 12 -11 -12 -4 -13 15 -14
right_child=2 -3 3 7 5 -7 -8 -9 -10 10 11 13 14 -15 -16 -17
leaf_value=0.034404633033552616 0.013348554599723814 -0.0031727290149122732 -0.022513400436112028 0.046842869622198489 -0.006396251014376627 -0.010611322317440292 0.014050179268709218 0.00010883028792613218 -0.001875048592510823 -0.02309672067405328 0.021765884952289434 0.0001732276457447797 0.0023492901512673615 0.031480891002476599 0.0044612590253362058 0.017200047833483164
leaf_weight=25.245604793541133 227.29604338761419 5629.1803004574031 34.988128248602152 27.655245736241341 168.65373009257019 334.47881272062659 180.09665600024164 7110.5729374848306 34.77201335132122 64.614475961774588 103.71936101838946 1233.2038836851716 250.25761196762323 32.328105479478836 945.79226475581527 613.40904038958251
leaf_count=185 1350 37837 282 155 1142 2196 1101 49055 236 383 683 8631 1827 219 6182 4521
internal_value=0.000185057 -0.00296195 0.00175305 0.00151057 0.00365614 -0.00322304 0.0041081 0.00031792 0.0220042 0.00510435 0.00150739 0.002779 0.00783561 0.00112365 0.00854102 0.0129446
internal_weight=17016.3 5654.43 11361.8 11134.5 3961.54 683.229 348.75 7173 62.4273 3278.31 1433.87 1369.25 1844.45 1265.53 1809.46 863.667
internal_count=115985 38022 77963 76613 27167 4439 2243 49446 391 22728 9916 9533 12812 8850 12530 6348
cat_boundaries=0 4 8 11 12
cat_threshold=2961187460 2625670417 336022554 4 134267232 54722658 1629528800 48 16416 37748768 32960 6690
is_linear=0
shrinkage=0.0659825


Tree=296
num_leaves=17
num_cat=0
split_feature=16 24 21 21 16 22 24 16 24 15 13 23 24 16 13 13
split_gain=6.85052 10.9433 14.6616 8.20442 12.997 9.24941 15.3383 8.95873 9.06194 8.04763 8.66532 7.3605 9.33004 6.94645 6.8567 12.9534
threshold=78.890000000000015 0.47298417842165469 1010.7500000000001 1011.4500000000002 83.840000000000018 0.29066753021395769 0.37876692026479603 92.480000000000004 0.22478095093806028 175.00000000000003 508.50000000000006 0.35082540161802911 0.16389860139860143 86.540000000000006 235.50000000000003 274.50000000000006
decision_type=8 10 8 8 10 2 10 8 10 10 8 2 10 10 10 10
left_child=-1 2 9 4 -4 7 11 14 -9 -2 -11 12 -7 -6 -5 -16
right_child=1 -3 3 5 13 6 -8 8 -10 10 -12 -13 -14 -15 15 -17
leaf_value=-0.00071478185595774213 0.017670249045790769 -0.0088380380311020908 0.0029029648906371761 0.0054482089122419152 -0.046109357800155668 0.008088151910625908 0.019850200150028564 0.026832196993111991 -0.0027713488322700605 0.029905289050271341 -0.0030176086913601568 -0.0020542865880177363 -0.026394757231633977 -0.0050964423200994821 -0.028602571762886792 0.0012069308051867696
leaf_weight=13577.893984246999 431.53158131288365 327.47766386158764 111.23642469197512 1237.3120535761118 46.038598896935582 39.847498007118702 81.131069134920835 136.71098745986819 64.124500259757042 35.56052959151566 202.90185913443565 218.91189701482654 160.22285173367709 30.017580054700375 71.646269537508488 340.21802531555295
leaf_count=96456 2166 1621 576 7960 214 228 386 743 363 176 1014 1188 830 140 552 1965
internal_value=-4.10027e-05 0.00254375 0.00372075 0.00141627 -0.0116491 0.00248562 -0.00542932 0.00463634 0.0175816 0.0123547 0.00252991 -0.010544 -0.0194899 -0.0315375 0.00299949 -0.00432838
internal_weight=17112.8 3534.89 3207.41 2537.42 187.293 2350.13 500.113 1850.01 200.835 669.994 238.462 418.982 200.07 76.0562 1649.18 411.864
internal_count=116578 20122 18501 15145 930 14215 2632 11583 1106 3356 1190 2246 1058 354 10477 2517
is_linear=0
shrinkage=0.0659825


Tree=297
num_leaves=17
num_cat=5
split_feature=2 24 17 2 8 2 23 2 17 16 21 21 16 16 2 17
split_gain=23.3042 11.1118 7.49603 6.57934 11.3266 11.8456 9.48719 12.3455 9.59712 8.5492 10.2448 8.04379 14.49 12.2275 11.6372 10.4747
threshold=0 0.062063366187077536 17.720000000000002 1 19.500000000000004 2 0.18932597750581642 3 23.270000000000003 30.110000000000003 1027.9500000000003 1014.1500000000002 58.460000000000008 87.440000000000012 4 88.580000000000013
decision_type=9 8 8 9 2 9 2 9 8 8 10 10 10 10 9 10
left_child=1 -1 -3 4 5 -2 7 -6 -8 -10 11 13 -13 14 15 -11
right_child=3 2 -4 -5 6 -7 8 -9 9 10 -12 12 -14 -15 -16 -17
leaf_value=0.027799975858378078 -0.0078212175935353928 0.029252458776178339 -0.0046385724790181165 0.00021130186132513304 0.021647263639488802 0.0027057288829736154 0.028800215274897619 0.006165783779026191 0.023102670868417809 -0.00038953209212457278 -0.019989801669827733 0.018477161649008381 0.0012562354931779298 0.032874678533600987 -0.010294718376971141 0.02565880910602427
leaf_weight=40.974970910698175 650.84766007214785 22.466146739199758 4255.7853374173865 7169.2027067746967 297.61145401000977 1523.4742467813194 54.747528860345483 927.16733612213284 75.975694090127945 367.64522016979754 86.935858245939016 301.1128677688539 694.19214039668441 35.974179221317172 486.91055541671813 75.952365878969431
leaf_count=342 4899 127 27357 48936 2089 11423 290 7958 451 2047 612 1962 4507 171 2616 452
internal_value=0.000116251 -0.00406349 -0.00441822 0.00153572 0.00323222 -0.000482175 0.00561067 0.0102443 0.00298488 0.00223723 0.00139559 0.0024037 0.00654887 -0.00187972 -0.00343356 0.00426982
internal_weight=17067 4319.23 4278.25 12747.7 5578.55 2174.32 3404.23 1224.78 2179.45 2124.7 2048.72 1961.79 995.305 966.482 930.508 443.598
internal_count=116239 27826 27484 88413 39477 16322 23155 10047 13108 12818 12367 11755 6469 5286 5115 2499
cat_boundaries=0 4 8 11 14 16
cat_threshold=3277931011 2152726608 1654325568 123 1015318928 268962594 270577323 4 536873088 268435488 268435488 536870912 268435712 268469280 1006635008 268436000
is_linear=0
shrinkage=0.0659825


Tree=298
num_leaves=17
num_cat=0
split_feature=7 7 8 15 5 16 15 23 16 8 6 16 5 16 7 7
split_gain=8.79454 13.6595 8.9813 8.698 8.66382 14.7912 14.1723 10.7122 9.29202 8.84131 10.3461 8.4767 8.16171 9.6052 8.144 12.1667
threshold=35.500000000000007 37.500000000000007 10.500000000000002 21.000000000000004 11.500000000000002 42.440000000000005 141.00000000000003 0.18208834132354448 72.500000000000014 36.500000000000007 519.00000000000011 48.560000000000009 13.500000000000002 42.890000000000008 39.500000000000007 41.500000000000007
decision_type=2 2 2 10 2 10 8 2 10 2 2 10 2 10 2 2
left_child=4 2 -2 12 5 -1 9 -8 -9 11 -11 -7 13 -3 -5 -16
right_child=1 3 -4 14 -6 6 7 8 -10 10 -12 -13 -14 -15 15 -17
leaf_value=0.0038215189558140823 0.023573775377469228 -0.018945641371207481 -0.022876318260321243 0.0062370010811851045 0.0013630017433558213 0.0058009210491355555 -0.0081166134031569852 -0.0036774192147220404 0.0082087363463430475 0.052965333299577408 -0.014221778558688669 -0.01385383888292973 -0.00071541300533846277 0.028746336558905339 -0.022887915143564294 -0.0038758536362434723
leaf_weight=1233.3136260928586 14.761027473956345 17.763824675232172 213.8939776532352 229.3824694044888 11245.869546124246 102.9496056176722 619.06327566877007 535.65010678954422 602.30049777030945 14.301281079649927 15.376433815807102 930.73577960021794 203.22046309150755 98.165209116414189 175.1164968945086 783.87760369200259
leaf_count=12655 116 242 1788 1582 62492 807 8142 5813 5173 135 150 7518 1293 995 1461 5773
internal_value=-8.52945e-05 -0.00452694 -0.0193307 -0.00221109 0.000420381 -0.00219274 -0.00482533 -0.00117553 0.00262421 -0.0108139 0.0217341 -0.0118732 0.0073655 0.0208436 -0.00480803 -0.00747316
internal_weight=17035.7 1736.18 228.655 1507.53 15299.6 4053.69 2820.38 1757.01 1137.95 1063.36 29.6777 1033.69 319.149 115.929 1188.38 958.994
internal_count=116135 13250 1904 11346 102885 40393 27738 19128 10986 8610 285 8325 2530 1237 8816 7234
is_linear=0
shrinkage=0.0659825


Tree=299
num_leaves=17
num_cat=4
split_feature=2 2 18 15 15 7 2 21 8 24 11 15 21 5 2 7
split_gain=20.5163 9.54214 13.5836 10.3201 9.58597 6.7272 12.7679 12.5586 9.10506 8.92505 10.1879 7.5091 7.34396 8.05573 17.0125 16.0769
threshold=0 1 27.043330000000001 264.50000000000006 211.00000000000003 25.500000000000004 2 1005.7500000000001 18.500000000000004 0.12037735849056605 -5.4999999999999991 180.50000000000003 1032.8500000000001 12.500000000000002 3 23.500000000000004
decision_type=9 9 10 10 10 2 9 8 2 10 8 8 10 2 9 2
left_child=-1 2 4 5 -2 12 8 -8 -7 -9 -11 -10 13 14 -3 -15
right_child=1 3 -4 -5 -6 6 7 9 11 10 -12 -13 -14 15 -16 -17
leaf_value=-0.0032008666151654807 0.0064959164449256736 -0.0089459808013265252 0.050140728144036896 0.017204951362212367 -0.015182265703831218 0.0019244780808057352 0.039209549595956808 -0.013873928663250368 -0.014656481483197318 0.028414215960388921 0.0020605578913596824 -0.0022444586137487354 -0.030597786330191046 0.0023667511390046965 0.0026157411759356376 0.0200417159332014
leaf_weight=5417.7014493858442 1688.5932801198214 836.44555837102234 23.881887022405863 159.82991468533874 87.898831453174353 371.48738805390894 34.623788136988878 128.62555360700935 595.52953889034688 64.448398280888796 675.46100697107613 331.78400678560138 24.559143522754312 4792.0242789001204 1569.3492449419573 229.002566549927
leaf_count=36712 11263 8142 129 1065 809 2985 213 1309 4068 433 4505 2331 206 26258 14550 1229
internal_value=0.000146481 0.00171018 0.00610519 0.000895089 0.00537388 0.000615026 -0.00258445 0.00342033 -0.00673106 0.00176297 0.00457465 -0.0102603 0.00156188 0.00169384 -0.00144303 0.00319678
internal_weight=17031.2 11613.5 1800.37 9813.17 1776.49 9653.34 2201.96 903.159 1298.8 868.535 739.909 927.314 7451.38 7426.82 2405.79 5021.03
internal_count=116207 79495 12201 67294 12072 66229 15844 6460 9384 6247 4938 6399 50385 50179 22692 27487
cat_boundaries=0 4 7 11 15
cat_threshold=3779068966 173080881 3423256710 152 42468033 532546 565193024 134217744 77761536 302057008 1 335554560 545392128 268501504 5
is_linear=0
shrinkage=0.0659825


Tree=300
num_leaves=17
num_cat=4
split_feature=2 15 17 0 2 18 14 15 24 17 24 23 17 5 2 5
split_gain=19.3462 8.02829 7.74355 10.4981 8.54442 7.91602 7.39502 7.35494 6.71955 8.47273 7.85253 6.29493 6.23128 5.68134 5.67345 6.21557
threshold=0 7.5000000000000009 45.280000000000008 1 2 24.741770000000006 35.500000000000007 264.50000000000006 0.14660748100238549 27.830000000000002 0.1624315050955088 0.15845100365918111 42.240000000000002 6.5000000000000009 3 16.500000000000004
decision_type=9 8 8 9 9 10 8 10 10 10 10 2 10 2 9 2
left_child=2 6 3 12 13 8 -2 11 9 -5 -10 -6 -1 -4 15 -3
right_child=1 14 4 5 7 -7 -8 -9 10 -11 -12 -13 -14 -15 -16 -17
leaf_value=-0.014024834177456463 0.036570441051391241 -0.0067264060704318885 -0.015292696304642254 -0.0043752457517818423 -0.0071707892434387686 0.037929138929248873 -4.5544839829571436e-05 0.027625363771122898 -0.017014040677139033 0.025935031849156555 0.0085450996400282184 0.0022275395745628571 0.019660431536746636 0.017575571847224417 -0.00033986923583107789 0.00086941576895694945
leaf_weight=121.6846578232944 41.577046966180205 1362.1120191551745 20.634018868207932 48.947540130466223 347.96126311272383 40.184774618595839 48.202572330832481 39.904264003038406 50.503299344331026 182.17022392340004 746.97312561795115 2500.6699795089662 23.666503190994263 225.25537623651326 10513.111810699105 711.63161201030016
leaf_count=855 276 9481 265 328 2853 230 346 305 329 1400 4390 15557 178 1238 74368 3647
internal_value=0.000483548 -0.000820318 0.0042723 0.00874388 0.00253987 0.0109462 0.018187 0.00148693 0.00977532 0.0195695 0.00680684 0.00106636 -0.00746377 0.0139535 -0.000965497 -0.00410528
internal_weight=17025.2 12676.6 4348.56 1214.13 3134.42 1068.78 89.7796 2888.54 1028.59 231.118 797.476 2848.63 145.351 245.889 12586.9 2073.74
internal_count=116046 88118 27928 7710 20218 6677 622 18715 6447 1728 4719 18410 1033 1503 87496 13128
cat_boundaries=0 4 5 9 13
cat_threshold=2183155942 365953032 2994865954 81 4609 2181042306 0 8388864 16 67182592 134775378 2359312 128
is_linear=0
shrinkage=0.0659825


Tree=301
num_leaves=17
num_cat=5
split_feature=2 23 11 2 19 2 7 21 16 16 7 7 2 2 7 23
split_gain=16.001 10.9675 8.97802 18.9261 7.48196 7.31855 8.58538 6.99133 7.70946 6.45186 13.1215 34.1166 14.4462 13.8524 13.0438 12.199
threshold=0 0.3724848749640316 -5.4999999999999991 1 1.0000000180025095e-35 2 2.5000000000000004 1028.6500000000003 76.460000000000022 40.460000000000008 17.500000000000004 18.500000000000004 3 4 12.500000000000002 0.17147967628592056
decision_type=9 2 8 9 8 9 2 8 10 8 2 2 9 9 2 2
left_child=1 -1 3 7 -5 6 -4 8 -2 10 13 -12 -13 14 15 -7
right_child=2 -3 5 4 -6 9 -8 -9 -10 -11 11 12 -14 -15 -16 -17
leaf_value=-0.0024646090882630479 -0.0036488993318053091 -0.034766473363781476 -0.010231326442758603 -0.0090990308599534931 -0.033259130609855567 0.0069344658016987229 0.0092335414659969299 0.028880559749457763 0.01931075269433865 0.0011286779382892514 0.060034052168249523 -0.0058726943309115112 0.016017841351723947 0.008379373269712163 -0.02033679461988749 -0.0095092694036392703
leaf_weight=3715.0358003340662 197.40787209756672 40.137515962123871 103.50676684640348 485.45558662712574 58.666830331087112 472.03695572167635 1066.820484302938 51.725530486553907 86.712347626686096 8895.8481954038143 55.327749254181981 201.67950030788779 335.84361950494349 812.46491240523756 155.98729837872088 327.05026508495212
leaf_count=24799 1445 207 694 3539 284 4128 6792 304 537 60221 256 1531 2541 5717 1207 2183
internal_value=0.000936872 -0.00285942 0.00200968 -0.00440833 -0.0118367 0.00246777 0.00740392 0.00774287 0.00362292 0.00194243 0.00500643 0.0134475 0.00801793 0.00213781 -0.00324512 0.000182825
internal_weight=17061.7 3755.17 13306.5 879.968 544.122 12426.6 1170.33 335.846 284.12 11256.2 2360.39 592.851 537.523 1767.54 955.075 799.087
internal_count=116385 25006 91379 6109 3823 85270 7486 2286 1982 77784 17563 4328 4072 13235 7518 6311
cat_boundaries=0 4 8 11 14 18
cat_threshold=2190017473 4751426 1452900524 170 352321584 68289544 17039376 4 4231168 2499813680 2147491840 83905536 572522496 17186832 1948262448 42140168 394000 4
is_linear=0
shrinkage=0.0659825


Tree=302
num_leaves=17
num_cat=0
split_feature=7 15 9 15 7 9 23 23 8 19 7 5 7 19 17 20
split_gain=8.90917 11.9258 7.93507 7.10336 6.37137 10.8897 12.9915 7.31337 6.61299 9.16334 15.3448 12.7199 8.41737 8.22192 10.406 8.08775
threshold=1.0000000180025095e-35 195.00000000000003 47.500000000000007 87.500000000000014 47.500000000000007 47.500000000000007 0.23959424654418207 0.35690694352267438 26.500000000000004 0.075000000000000025 13.500000000000002 15.500000000000002 5.5000000000000009 0.045000000000000005 93.090000000000018 3.5000000000000004
decision_type=2 10 2 10 2 2 2 2 2 10 2 2 2 8 10 10
left_child=1 2 3 -1 8 6 -6 -8 9 13 12 15 -11 -2 -15 -12
right_child=4 -3 -4 -5 5 -7 7 -9 -10 10 11 -13 -14 14 -16 -17
leaf_value=-0.0096103813597104085 -0.00023377897483197393 0.015523591886280374 0.022221370607549907 -0.033334396188077146 -0.031655301025655502 0.026972519371345802 0.030525341714885901 -0.016926983500250011 0.0037014941045345291 0.016486566561324217 -0.011648559930071998 0.045748666451404275 -0.013754890471434212 -0.0025101218321935334 -0.032755548513460346 0.022146322016343468
leaf_weight=129.83683037757874 13797.904704790562 54.39281184412539 15.513293026015161 99.468437097966671 99.710835851728916 20.780537679791451 24.669313788414001 20.584757503122091 2212.1211114265025 53.439674902707338 44.711551360785961 63.261410590261221 116.67593402788043 143.80233406741172 70.240000143647194 74.945705853402615
leaf_count=922 92349 422 149 860 999 186 165 161 17247 256 227 341 632 717 364 374
internal_value=1.39193e-05 -0.0111534 -0.0173191 -0.0205124 0.000217575 -0.0124169 -0.0189441 0.00950549 0.000348529 -0.000169192 0.010236 0.0231775 -0.00400751 -0.000435796 -0.0130827 0.00956699
internal_weight=17042.1 299.211 244.819 229.305 16742.8 165.745 144.965 45.2541 16577.1 14365 353.034 182.919 170.116 14011.9 214.042 119.657
internal_count=116371 2353 1931 1782 114018 1511 1325 326 112507 95260 1830 942 888 93430 1081 601
is_linear=0
shrinkage=0.0659825


Tree=303
num_leaves=17
num_cat=7
split_feature=2 14 23 1 24 2 23 11 6 3 2 5 2 2 11 17
split_gain=17.334 10.8843 8.50967 8.50718 16.2949 11.6874 8.65919 16.193 10.5979 8.59301 10.0849 9.15941 14.9399 12.014 12.8374 11.5359
threshold=0 20.500000000000004 0.34857467486614446 1 0.097892635314995577 2 0.23643349523618776 -11.499999999999998 1405.5000000000002 3 4 16.500000000000004 5 6 12.500000000000002 71.795000000000016
decision_type=9 10 2 1 10 9 2 10 2 9 9 2 9 9 10 8
left_child=1 2 3 4 -1 6 -6 8 -8 10 -5 12 15 14 -13 -11
right_child=-2 -3 -4 9 5 -7 7 -9 -10 11 -12 13 -14 -15 -16 -17
leaf_value=0.03374641917456022 -0.0013582161739831016 0.013108668041551034 0.0069890239933584897 -0.0017853343089058963 -0.0015037653158226046 -0.010702159588478229 0.0084198226329740243 -0.019727974187838414 0.06137671935711244 0.0041589014479796772 0.0091402733458552932 0.0084749302254478135 -0.0067488033724071887 -0.015334974667268702 -0.033106327769440919 0.02613752883139446
leaf_weight=43.845034806057811 10753.506754807197 425.51886021438986 1284.3976220265031 520.95223011914641 633.58110127411783 673.48067485168576 34.052170731127262 27.64622382633388 30.414446946233511 336.6758002564311 1230.822828643024 245.70218112692237 350.01144815050066 325.85146319679916 30.885364344343543 146.20172865502536
leaf_count=282 73721 3274 7261 3633 4074 4933 190 145 161 2766 8758 1461 3004 1806 177 1039
internal_value=0.000254874 0.00298696 0.00225074 0.000928693 -0.00326552 -0.00457014 0.001292 0.019528 0.0366183 0.00283037 0.00590461 -0.000965226 0.00350238 -0.00713024 0.00309385 0.0108405
internal_weight=17093.5 6340.04 5914.52 4630.12 1443.02 1399.17 725.694 92.1128 64.4666 3187.1 1751.78 1435.33 832.889 602.439 276.588 482.878
internal_count=116685 42964 39690 32429 9785 9503 4570 496 351 22644 12391 10253 6809 3444 1638 3805
cat_boundaries=0 4 5 8 9 13 17 20
cat_threshold=746616064 2961247753 2441945156 38 1 536875008 536940032 589888 1030 671109120 268503040 2155937792 4 545276928 2147486720 2416181312 4 25600 268500993 16777216
is_linear=0
shrinkage=0.0659825


Tree=304
num_leaves=17
num_cat=7
split_feature=2 23 16 2 24 16 7 7 2 2 2 8 3 2 7 9
split_gain=13.4862 9.9031 15.7563 13.6022 13.8065 13.4996 12.5332 22.5544 17.5059 13.4775 13.1016 11.0139 11.2542 9.99981 8.86882 11.7079
threshold=0 0.20560562600755186 93.560000000000016 1 0.13380447585394586 92.480000000000004 15.500000000000002 19.500000000000004 2 3 4 19.500000000000004 5 6 38.500000000000007 51.500000000000007
decision_type=9 2 8 9 8 10 2 2 9 9 9 2 9 9 2 2
left_child=-1 5 3 11 -5 6 9 8 -8 -2 -9 -3 13 -13 -12 -16
right_child=1 2 -4 4 -6 -7 7 10 -10 -11 14 12 -14 -15 15 -17
leaf_value=-0.0030421712424455231 0.0031997733828415531 0.012074491601815774 -0.019421997659689168 -0.0092503453207896744 0.0024079216809123503 0.029809983963556851 -0.0037797138278717816 -0.0084774502193825998 0.021817543213081075 -0.0062145865140663609 -0.00050680203071607627 -0.018443281372825377 0.0081172910871595699 0.0011089108248664564 0.0077151971737348963 0.049261776992879959
leaf_weight=4487.5229601971805 891.9086584802717 1100.6017670761794 128.5670847967267 502.26056925579906 3390.5655526951887 55.865605294704437 166.13695387542248 642.55819140188396 372.43888443149626 2483.4197721928358 945.14013781398535 131.38100812956691 882.88111752457917 496.86740947514772 348.28695641178638 26.521036021411419
leaf_count=30591 6714 6889 640 3600 20037 312 1058 5261 2400 19601 7154 750 5329 2881 2892 148
internal_value=5.63499e-05 0.00116539 0.00291691 0.00337666 0.00088906 -0.000792105 -0.00111437 0.00242212 0.0142997 -0.0037345 -0.000872498 0.0070432 0.00339056 -0.00334172 0.00289422 0.0114142
internal_weight=17052.9 12565.4 6633.12 6504.56 3892.83 5932.28 5876.41 2501.08 538.576 3375.33 1962.51 2611.73 1511.13 628.248 1319.95 374.808
internal_count=116257 85666 40126 39486 23637 45540 45228 18913 3458 26315 15455 15849 8960 3631 10194 3040
cat_boundaries=0 4 8 11 14 18 19 23
cat_threshold=2491420900 612501280 873153416 2 1078525970 141035520 1074038868 77 0 302055432 33587264 540672 268443659 2333082656 524304 6293505 135266368 9 131074 0 0 80 8
is_linear=0
shrinkage=0.0659825


Tree=305
num_leaves=17
num_cat=7
split_feature=2 13 13 14 2 8 0 3 21 2 16 2 0 7 13 21
split_gain=21.9992 8.00733 7.91098 26.1408 7.6003 11.1135 13.3857 10.0507 9.76358 13.3073 10.2946 8.455 8.14181 7.30945 7.80054 7.17577
threshold=0 686.50000000000011 208.50000000000003 11.500000000000002 1 20.500000000000004 2 3 1037.2500000000002 4 28.220000000000002 5 6 31.500000000000004 520.50000000000011 1008.7500000000001
decision_type=9 10 8 10 9 2 9 9 8 9 10 9 9 2 8 8
left_child=-1 2 3 -2 5 7 -7 -4 12 -10 -11 15 13 -6 -15 -8
right_child=1 -3 4 -5 8 6 11 -9 9 10 -12 -13 -14 14 -16 -17
leaf_value=0.004075080035403804 0.051612780806934974 0.0095926458258446656 -0.024987763657800227 -0.02091022554249938 0.0031446537072725976 -0.016271519029931653 0.023401980450294117 -0.0073668169375088041 0.0014122552065533882 0.024051309075301733 -0.013024390816438957 -0.0053547119452947408 -0.0011879340394926839 -0.0089560396486142377 0.030091909594217169 0.003444433038189431
leaf_weight=3519.9178763804957 40.062565760686994 258.70634137094021 162.97695635072887 35.715983961708844 691.58435077778995 206.47770918160677 84.809211233630776 903.94080811366439 575.42573213018477 28.339860707521439 833.18191978149116 463.52010653726757 8569.6314625088125 26.20582739263773 85.636721596121788 591.67929439619184
leaf_count=23331 269 1334 1390 211 4718 1312 453 5835 3484 156 4969 3031 61516 190 642 3589
internal_value=-0.000561452 -0.00176822 -0.00199494 0.0184417 -0.00212071 -0.00545753 -0.00148047 -0.0104897 -0.00136671 -0.00642022 -0.0115079 0.00140225 -0.000589676 0.00569582 0.0209528 0.00604902
internal_weight=17077.8 13557.9 13299.2 75.7785 13223.4 2413.4 1346.49 1066.92 10810 1436.95 861.522 1140.01 9373.06 803.427 111.843 676.489
internal_count=116430 93099 91765 480 91285 15610 8385 7225 75675 8609 5125 7073 67066 5550 832 4042
cat_boundaries=0 4 8 9 10 14 17 18
cat_threshold=2149582675 2916155650 2217758468 48 37826720 268468816 1367375904 4 14 512 285231104 35654657 393216 1 4272128 32768 285245472 41536
is_linear=0
shrinkage=0.0659825


Tree=306
num_leaves=17
num_cat=2
split_feature=13 0 13 17 24 17 24 23 24 4 23 17 1 24 23 24
split_gain=6.28041 5.84108 14.6984 14.1219 12.4069 9.62839 8.4754 12.5615 8.20913 16.1504 12.4636 10.9095 27.8006 14.4286 15.884 9.83668
threshold=871.50000000000011 0 205.50000000000003 93.365000000000009 0.1301249622470553 92.765000000000015 0.2834785569138128 0.23310629576701158 0.3001583805137355 1.5000000000000002 0.25920130129339186 54.640000000000008 1 0.43674495800432539 0.24322047365422095 0.26198278766347133
decision_type=10 9 8 10 10 8 10 2 8 2 2 10 1 8 2 10
left_child=1 -1 -3 5 -5 8 -6 -8 15 11 -11 -10 -13 14 -14 -4
right_child=-2 2 3 4 6 -7 7 -9 9 10 -12 12 13 -15 -16 -17
leaf_value=-0.0011203010598436456 0.026572285062302133 0.042335065472724531 0.00042389126698106586 -0.0047574527539252119 0.037815498746189717 -0.01689244314438915 -0.027296063827056991 0.023580404543861788 -0.00016004469334049317 0.004090662961096345 -0.011556365308346538 0.049492102860739275 -0.023084540295006332 0.026827457907009335 0.017272821629148713 -0.0096966887083373195
leaf_weight=10822.458591972478 32.003741793334484 31.746349354274571 3550.2463495451957 87.519514061510563 97.782138975337148 129.55979108065367 23.798620671033859 67.275545483455062 159.08312975987792 962.29977937415242 281.16783811151981 97.695736449211836 82.241086259484291 107.95435334742069 75.583117067813873 467.61996881663799
leaf_count=75938 159 232 24906 464 548 711 160 455 921 5554 1512 562 444 602 416 2755
internal_value=-0.000134948 -0.000194811 0.00141412 0.00116407 0.0155733 0.00047491 0.0248456 0.00938736 0.000881741 0.00462275 0.000512551 0.0142817 0.0204985 0.00894931 -0.00383532 -0.000767215
internal_weight=17076 17044 6221.57 6189.83 276.376 5913.45 188.856 91.0742 5783.89 1766.03 1243.47 522.557 363.474 265.779 157.824 4017.87
internal_count=116339 116180 40242 40010 1627 38383 1163 615 37672 10011 7066 2945 2024 1462 860 27661
cat_boundaries=0 1 2
cat_threshold=47410 4
is_linear=0
shrinkage=0.0659825


Tree=307
num_leaves=17
num_cat=1
split_feature=24 24 24 24 22 0 24 8 4 24 4 22 9 6 22 5
split_gain=7.12756 17.4759 25.2487 14.2983 12.2452 11.6509 11.5874 11.4447 9.80034 10.9761 11.5585 9.45002 9.3108 10.4725 9.88939 8.94373
threshold=0.18077932927556992 0.16850198412698417 0.1660943802255436 0.19090035481963338 0.27364495464929633 0 0.19167416925847114 12.500000000000002 4.5000000000000009 0.14737556561085977 5.5000000000000009 0.13981640119424874 37.500000000000007 761.00000000000011 0.13246732931227703 16.500000000000004
decision_type=10 8 10 10 2 9 10 2 2 10 2 2 2 2 2 2
left_child=1 2 4 -2 8 11 -5 -6 -1 12 -11 -3 -10 -14 -15 -12
right_child=3 5 -4 6 7 -7 -8 -9 9 10 15 -13 13 14 -16 -17
leaf_value=-0.001760175631292413 -0.0099730592955965397 -0.027525262783080214 -0.022341222786618205 0.024608195904388827 -0.023401814559144297 0.017433666096436078 -0.0004602743870248392 0.011415066604964821 -0.00095417035979906192 0.040849483445929195 -0.0087290137626225561 0.0053470308431607166 -0.008626669519759619 -0.017413583922380491 0.031253282462205031 0.025799636596749123
leaf_weight=3119.92687311396 699.13986721076071 38.405366929247975 195.04067327082157 74.658693920820951 37.971295960247517 469.47222732752562 10352.956949433312 684.20939866825938 737.37211153283715 65.371151991188526 67.836324395611882 252.33242018148303 54.248441828414798 17.143458798527718 119.14885597862303 52.938419476151466
leaf_count=25473 4884 421 1404 497 249 3083 64850 4143 6412 547 608 1823 420 192 913 269
internal_value=0.000102246 0.00195259 0.00056875 -0.000881346 0.00149731 0.0112485 -0.00026617 0.0093995 0.000137594 0.00543249 0.0197813 0.000500371 0.00244102 0.0151933 0.024637 0.00693007
internal_weight=17038.2 5911.42 5151.21 11126.8 4956.17 760.21 10427.6 722.181 4233.99 1114.06 186.146 290.738 927.913 190.541 136.292 120.775
internal_count=116188 45957 40630 70231 39226 5327 65347 4392 34834 9361 1424 2244 7937 1525 1105 877
cat_boundaries=0 1
cat_threshold=6672
is_linear=0
shrinkage=0.0659825


Tree=308
num_leaves=17
num_cat=2
split_feature=24 13 23 19 3 20 3 21 23 17 23 17 4 24 13 17
split_gain=9.82774 7.94537 6.43964 6.48461 7.81154 6.91114 12.4998 14.383 8.57767 8.19975 9.72225 11.5677 10.1176 11.2823 9.38227 7.51506
threshold=0.62194460871279333 871.50000000000011 0.10952406173432357 0.15500000000000003 0 5.5000000000000009 1 1014.6500000000002 0.116077205240554 88.250000000000014 0.17602218049349219 22.275000000000002 4.5000000000000009 0.18738957597173148 481.50000000000006 22.275000000000002
decision_type=10 10 2 10 9 10 9 10 2 8 2 10 2 10 8 10
left_child=1 2 -1 5 -5 6 -4 8 -8 10 15 12 13 -12 -11 -7
right_child=-2 -3 3 4 -6 9 7 -9 -10 14 11 -13 -14 -15 -16 -17
leaf_value=-0.0075910305648313608 -0.021946925868499362 0.03039863714816151 0.0046186057420002169 -0.0032073932107102372 0.022782343874212029 -0.01701976791397956 0.021996738062524127 0.0082422316266727667 -0.015022627093814318 0.02369434165544056 0.0031685980636674579 -0.0013650420391706454 -0.011454481893375225 0.035883062185393277 0.0036997252572075479 0.0035281738251604932
leaf_weight=493.59301654994488 84.261868063360453 30.750672042369843 404.74409237410873 88.186274349689484 101.05692896433175 73.297431154176593 23.074690714478493 157.9729319754988 659.75520375650376 115.28118828684092 88.307315140962601 10730.655543744098 51.46626041457057 92.399173678830266 664.88395088538527 3218.5441015139222
leaf_count=5366 579 153 2131 460 531 557 128 1038 3799 622 503 68253 331 452 4414 27288
internal_value=-0.000261793 -0.000146248 -0.000212786 1.11327e-05 0.011957 -0.000132258 -0.00484284 -0.00934208 -0.0135836 0.000259834 -0.000101978 -0.00104641 0.0133304 0.0205361 0.00681893 0.00303928
internal_weight=17078.2 16994 16963.2 16469.6 189.243 16280.4 1245.55 840.803 682.83 15034.8 14254.7 10962.8 232.173 180.706 780.165 3291.84
internal_count=116605 116026 115873 110507 991 109516 7096 4965 3927 102420 97384 69539 1286 955 5036 27845
cat_boundaries=0 1 2
cat_threshold=131078 268567552
is_linear=0
shrinkage=0.0659825


Tree=309
num_leaves=17
num_cat=6
split_feature=2 2 17 23 0 17 16 2 0 21 11 24 0 7 24 24
split_gain=25.4246 7.22668 8.11708 9.95328 12.8245 6.99288 6.52883 10.6593 9.55503 11.1734 10.7527 7.93426 6.69212 7.47079 11.0412 11.1287
threshold=0 1 39.020000000000003 0.36531515089302774 2 98.495000000000019 34.430000000000007 3 4 1010.7500000000001 -6.4999999999999991 0.32117651796591062 5 6.5000000000000009 0.3317027385159011 0.48999292230261093
decision_type=9 9 10 2 9 8 8 9 9 8 10 10 9 2 8 10
left_child=5 2 3 4 -2 -1 7 -3 11 -10 -11 -9 -8 14 -14 -16
right_child=1 6 -4 -5 -6 -7 12 8 9 10 -12 -13 13 -15 15 -17
leaf_value=0.0040536351217621142 0.009890405444053103 -0.0041654009660478395 -0.0055220823085361378 -0.026369364279215286 -0.0092490411072337752 -0.017488045914571194 -0.0062015721708461669 0.0032219806651139944 -0.014747094146395322 0.026049253729828376 -0.0055280404398619755 -0.034668297961832663 -0.0093791941322122416 0.00057830504350135181 0.0085563952075149614 -0.01326567158322255
leaf_weight=4572.0047433236614 481.70619845017791 367.19841308705509 3493.6321567855775 43.700591720640659 205.87162589654326 60.510869689285755 1096.1779205352068 150.16610648669302 39.38004938326776 267.14809107966721 54.325186870992184 22.23269790969789 875.01266787108034 4853.10366169177 377.21475880593061 132.43345903605223
leaf_count=30461 2888 2723 23460 229 1754 356 8160 1236 344 2099 318 170 6292 33044 2235 787
internal_value=-0.000424677 -0.00197605 -0.00419062 0.00210642 0.00413733 0.00374102 -0.000833779 0.00444857 0.010247 0.0162133 0.0207094 -0.0025621 -0.00148671 -0.000641817 -0.00490624 0.00279393
internal_weight=17091.8 12459.3 4224.91 731.278 687.578 4632.52 8234.39 900.451 533.252 360.853 321.473 172.399 7333.94 6237.76 1384.66 509.648
internal_count=116556 85739 28331 4871 4642 30817 57408 6890 4167 2761 2417 1406 50518 42358 9314 3022
cat_boundaries=0 4 7 8 11 12 13
cat_threshold=1244205221 687868419 304455842 92 2969618434 68198512 1629097800 18488 71311360 4391944 2290089984 21000 3
is_linear=0
shrinkage=0.0659825


Tree=310
num_leaves=17
num_cat=0
split_feature=15 13 13 21 24 17 17 18 17 21 22 21 21 13 24 17
split_gain=6.62809 34.7396 17.5958 12.0154 10.7882 13.0828 9.55847 12.7945 11.9521 10.6182 9.30544 10.1216 9.43381 10.4195 10.8682 10.1463
threshold=190.00000000000003 419.50000000000006 304.50000000000006 1033.2500000000002 0.13380447585394586 89.25500000000001 81.455000000000013 21.289430000000007 79.360000000000014 1021.9500000000002 0.117727610804729 1014.1500000000002 1014.2500000000001 510.50000000000006 0.44285046728971972 52.255000000000003
decision_type=10 8 10 10 10 8 10 10 8 10 2 8 10 8 10 8
left_child=-1 2 -2 4 5 -3 8 9 10 -8 11 -6 13 -12 -15 -14
right_child=1 3 -4 -5 6 -7 7 -9 -10 -11 12 -13 15 14 -16 -17
leaf_value=-0.00040982008019276484 -0.0034498537903067694 -0.0023469487196310763 0.044356110882715571 0.039813469707804611 0.060237908869420834 -0.027627029147169066 0.0096692570424354481 -0.025325804409712199 -0.027057338267991917 0.04277600840934459 0.014011161670306407 0.0041449207571852692 -0.0015643502840610507 -0.011694213469325813 0.0077116573507492181 0.010466602730421118
leaf_weight=13510.306853386108 44.424383636564016 440.0672511216253 120.37658185511827 28.690420426428318 17.783611368387938 105.97124034166336 511.55088102817535 35.955491796135902 59.935126768425107 40.727762091904879 106.86161351203918 36.011962233111262 615.39230590127409 574.85362838581204 155.5840623266995 596.45611176639795
leaf_count=92605 251 3649 686 182 157 629 3302 181 401 269 529 328 4213 3718 860 4212
internal_value=0.0002527 0.00281309 0.0318139 0.00131912 0.000909524 -0.00751005 0.00259386 0.0100041 0.000555498 0.0125617 0.00142026 0.0270249 0.000668004 -0.00469775 -0.00753041 0.00438043
internal_weight=17000.9 3490.64 164.801 3325.84 3297.15 546.038 2751.11 588.234 2162.88 552.279 2102.94 53.7956 2049.15 837.299 730.438 1211.85
internal_count=116172 23567 937 22630 22448 4278 18170 3752 14418 3571 14017 485 13532 5107 4578 8425
is_linear=0
shrinkage=0.0659825


Tree=311
num_leaves=17
num_cat=1
split_feature=8 14 8 21 13 13 9 3 20 13 23 8 5 21 7 17
split_gain=6.54883 6.51253 5.9913 9.11608 5.95166 13.1842 6.72955 5.88928 8.8616 7.80392 14.7161 7.10326 8.96989 8.19939 9.96344 7.59962
threshold=6.5000000000000009 8.5000000000000018 4.5000000000000009 1015.6500000000002 840.50000000000011 709.50000000000011 8.5000000000000018 0 3.5000000000000004 418.50000000000006 0.20794189296132362 29.500000000000004 7.5000000000000009 1005.7500000000001 9.5000000000000018 93.365000000000009
decision_type=2 10 2 10 10 10 2 9 8 8 2 2 2 8 2 8
left_child=1 -1 3 -3 5 7 -7 8 -2 10 -10 13 -13 14 -11 -15
right_child=4 2 -4 -5 -6 6 -8 -9 9 11 -12 12 -14 15 -16 -17
leaf_value=-0.021210874837025308 -0.012378574357842042 -0.011483503451876599 -0.024475571048055502 0.031640325008676029 -0.017302826961953861 -0.0090829463127582426 0.023931493119911489 -0.0003536817472976039 -0.0068623912612229519 0.045793509438084114 0.036042034212383868 -0.012409516904956085 0.038498703873985608 0.0007914039663653677 0.0035323952048282913 0.025156100422120742
leaf_weight=117.54204550944269 143.05401195026934 37.491585586220026 22.379020288586617 36.812172239646316 77.339565224945545 29.314543090760708 142.85304697230458 14184.620101894718 54.923067267984152 34.951865330338478 81.26706737279892 17.882880864664912 44.487842116504908 1875.9724340904504 61.999062400311232 51.216302298009396
leaf_count=936 837 313 160 364 395 148 734 96796 359 181 436 271 378 13256 371 326
internal_value=0.000112388 -0.0111858 0.00154967 0.0106779 0.000260561 0.000348219 0.018189 0.000155836 0.00319173 0.00424004 0.0191972 0.00320938 0.0241014 0.00249348 0.0206173 0.00151808
internal_weight=17014.1 214.225 96.6828 74.3038 16799.9 16722.5 172.168 16550.4 2365.75 2222.7 136.19 2086.51 62.3707 2024.14 96.9509 1927.19
internal_count=116261 1773 837 677 114488 114093 882 113211 16415 15578 795 14783 649 14134 552 13582
cat_boundaries=0 2
cat_threshold=536879170 1
is_linear=0
shrinkage=0.0659825


Tree=312
num_leaves=17
num_cat=3
split_feature=2 2 19 5 16 2 14 21 21 8 23 5 22 23 16 14
split_gain=19.8831 11.6585 11.3689 7.80796 7.32749 17.6518 8.9666 10.8658 7.14538 8.59875 7.13477 6.95404 8.06025 13.3337 7.46056 7.97044
threshold=0 1 1.0000000180025095e-35 14.500000000000002 35.330000000000005 2 9.5000000000000018 1017.35 1026.6500000000003 16.500000000000004 0.15513329119155864 6.5000000000000009 0.22662515624678256 0.25599331603495823 74.480000000000004 7.5000000000000009
decision_type=9 9 10 2 10 9 8 8 10 2 2 2 2 2 10 8
left_child=-1 2 3 -2 5 6 -3 -8 9 -9 -11 12 -6 14 15 -14
right_child=1 4 -4 -5 11 -7 7 8 -10 10 -12 -13 13 -15 -16 -17
leaf_value=-0.0031028912107900347 -0.0015599243063567859 -0.013667256949274566 0.036856822400543679 0.013102713179440234 -0.015798745688113628 0.012184033951248252 -0.010650052902352698 0.043743118186499542 -0.0061456706698788735 0.032326378489198705 -0.00028834803712416053 0.0009208377853889715 0.062981331442591354 -0.011641746437083881 -0.017181894833208325 0.0098045708446670987
leaf_weight=5379.8415930536576 259.55208377167583 209.68026477470994 56.659033637493849 393.5545054115355 228.11096771713346 769.75949660129845 148.26433222554624 38.9609593488276 66.795215165242553 35.730749879032373 95.601149708032608 9302.6567952162586 20.378955632448196 93.891069617122412 10.001182772219179 27.934891983866692
leaf_count=35414 1973 1614 291 2083 3494 5859 1171 286 554 299 607 61533 260 906 112 361
internal_value=0.000214162 0.00173394 0.00983771 0.00731603 0.00119963 0.00571553 -0.00284733 0.00309144 0.0117375 0.0187213 0.00964958 0.000561087 -0.00811123 0.00357863 0.0268401 0.0368764
internal_weight=17137.4 11757.5 709.766 653.107 11047.8 1364.79 595.033 385.352 237.088 170.293 131.332 9682.97 380.317 152.206 58.315 48.3138
internal_count=116817 81403 4347 4056 77056 10390 4531 2917 1746 1192 906 66666 5133 1639 733 621
cat_boundaries=0 4 8 12
cat_threshold=2168493412 59804673 2687249492 49 532480 80 1083179296 4 1753221120 608182816 33669248 136
is_linear=0
shrinkage=0.0659825


Tree=313
num_leaves=17
num_cat=5
split_feature=2 9 23 13 2 22 23 2 23 18 23 23 5 2 22 2
split_gain=22.3376 8.40827 8.80024 8.15541 13.3305 7.8529 6.73673 8.94865 8.10861 6.68317 6.51436 6.4582 6.43244 7.56139 11.0647 6.43954
threshold=0 6.5000000000000009 0.35187966727421605 499.50000000000006 1 0.17278054936089066 0.35302504536958529 2 0.35617445638168593 20.138650000000002 0.35647890583937603 0.16594373429940737 20.500000000000004 3 0.18938032433956387 4
decision_type=9 2 2 10 9 2 2 9 2 8 2 2 2 9 2 9
left_child=1 9 -3 12 -5 11 -4 8 -8 -1 -7 -6 15 -14 -15 -2
right_child=3 2 6 4 5 10 7 -9 -10 -11 -12 -13 13 14 -16 -17
leaf_value=-0.011774912239236658 0.0047006299397394291 -0.0028504280697320868 0.021802984080987277 -0.022252788745587164 0.0090611695369950847 0.0080307946434306776 -0.019557468778803024 0.0085693826824637075 0.0048779015105706305 0.011484938141592248 -0.024304572525905736 -0.023924699257859429 0.017428189360637548 -0.028533485329270903 0.008258046155798407 0.00085098747012621366
leaf_weight=612.28822173178196 2827.16257226374 6206.2715109298006 84.220279963687062 136.42541667073965 33.04597620293498 315.48180116713047 117.15505125373602 372.32341732084751 109.64975469186902 53.977613214403391 23.580574221909046 79.589137051254511 246.72044466435909 39.817602097988129 150.25327795743942 5708.8031596997753
leaf_count=3810 19288 44405 483 746 224 1648 630 2119 592 294 121 488 1304 225 770 39648
internal_value=-7.49266e-05 -0.00275295 -0.00206706 0.00204265 -0.00544454 0.00034467 0.00500895 0.00244762 -0.00760367 -0.00980136 0.00538309 -0.0142794 0.00253912 0.010295 -0.000106436 0.00213502
internal_weight=17116.8 7555.89 6889.62 9560.88 588.123 451.697 683.349 599.128 226.805 666.266 339.062 112.635 8972.76 436.791 190.071 8535.97
internal_count=116795 52333 48229 64462 3227 2481 3824 3341 1222 4104 1769 712 61235 2299 995 58936
cat_boundaries=0 4 7 10 14 18
cat_threshold=2524995889 604637472 1401078036 88 0 35717120 524352 8388624 536870912 16384 536873984 65544 134225920 4 2163202 187704322 2215191616 130
is_linear=0
shrinkage=0.0659825


Tree=314
num_leaves=17
num_cat=2
split_feature=22 24 24 0 16 24 16 5 0 15 22 17 22 17 17 17
split_gain=5.1312 4.99367 9.38601 15.149 8.62245 6.17283 12.3204 9.82473 7.11336 5.69762 5.64175 4.43877 4.39436 6.17158 3.81838 10.2324
threshold=0.08151191378020424 0.52091940427800376 0.5332445520581115 0 75.560000000000016 0.50315460552503788 75.110000000000014 14.500000000000002 1 160.50000000000003 0.2024238969628335 71.335000000000022 0.18210543098374304 79.060000000000016 48.055000000000007 48.580000000000005
decision_type=2 10 10 9 10 10 10 2 9 10 2 10 2 10 8 8
left_child=-1 5 9 4 12 14 7 10 -8 -3 -7 -6 -4 -14 -2 -16
right_child=1 2 3 -5 11 6 8 -9 -10 -11 -12 -13 13 -15 15 -17
leaf_value=0.022556997853806417 -0.0012031326841617312 -0.0085088921659493 0.0020428821093730646 -0.012080620272899032 0.011581375090462011 -0.011243441316361623 -0.015845422895540882 0.04903820034029336 0.010858159128118453 -0.034220290634971624 0.026255833318263276 -0.019214354723383169 0.051799832329812563 0.0075048728652479238 0.020034213604810586 0.00071417165872971671
leaf_weight=38.434805716387928 5516.9010838475078 99.39647157676518 20.835324138402939 189.30679693818092 42.083056397736073 29.456860780715942 66.158620404079556 43.632098969072104 76.163478065282106 60.390190722420812 28.98678520694375 29.029513120651245 38.399765238165855 23.235778819769621 114.47398992534727 10621.346876519267
leaf_count=456 38307 604 141 1159 205 196 338 212 433 386 171 142 229 145 923 72286
internal_value=0.000225711 0.000166957 -0.00627065 -3.46464e-05 0.0145505 0.000365413 0.0106414 0.0274141 -0.002035 -0.019148 0.00809461 -0.00152632 0.0291849 0.037328 0.000206862 0.000931705
internal_weight=17038.2 16999.8 502.677 342.89 153.583 16497.1 244.398 102.076 142.322 159.787 58.4436 71.1126 82.4709 61.6355 16252.7 10735.8
internal_count=116333 115877 3011 2021 862 112866 1350 579 771 990 367 347 515 374 111516 73209
cat_boundaries=0 1 2
cat_threshold=2568 2056
is_linear=0
shrinkage=0.0659825


Tree=315
num_leaves=17
num_cat=5
split_feature=2 5 2 8 2 13 8 2 21 0 8 8 13 24 21 24
split_gain=16.796 11.0488 11.3661 7.61283 7.45561 11.6801 7.87891 8.91232 7.65953 14.0155 6.39217 6.05451 5.79777 9.16029 9.12732 8.32603
threshold=0 7.5000000000000009 1 3.5000000000000004 2 554.50000000000011 19.500000000000004 3 1005.5500000000001 4 26.500000000000004 22.500000000000004 259.50000000000006 0.13862017412716562 1015.7500000000001 0.27531182144119587
decision_type=9 2 9 2 9 8 2 9 8 9 2 2 10 8 8 10
left_child=1 2 11 -2 5 6 -5 10 9 -6 -8 -1 -9 -14 15 -15
right_child=3 -3 -4 4 8 -7 7 12 -10 -11 -12 -13 13 14 -16 -17
leaf_value=0.037117603372473204 -0.02053250179581588 0.0030588364669523168 -0.01079910876144574 -0.020405959234742213 0.017873482516913758 -0.0021346196805102371 -0.021390698780550155 -0.015608910858867385 -0.0012936664544097845 -0.0071136447712600286 0.010673124414555493 0.0026912722105357219 -0.019490262822994504 0.023617542839939786 0.034888454108025914 -0.022470166502004632
leaf_weight=26.991513557732105 89.244325466454029 6179.3123579244129 461.67684467509389 293.51181209087372 229.84228666499257 1699.5408497285098 157.55453037284315 42.416841698810458 7478.2370874658227 153.28486730344594 28.452089924365282 70.562027556821704 29.555041164159775 25.907740645110607 62.107637800276279 30.135077692568302
leaf_count=330 831 38595 6262 1772 1345 11065 910 233 52498 843 150 756 189 129 334 150
internal_value=-0.000308999 0.00225023 -0.00657987 -0.00198072 -0.00180839 -0.00503985 -0.0124 -0.0059213 -0.000823849 0.008199 -0.0154929 0.0126572 0.00421244 0.0105805 0.0187034 -0.000932725
internal_weight=17058.3 6738.54 559.23 10319.8 10230.5 2369.18 669.641 376.129 7861.36 383.127 186.007 97.5535 190.122 147.705 118.15 56.0428
internal_count=116392 45943 7348 70449 69618 14932 3867 2095 54686 2188 1060 1086 1035 802 613 279
cat_boundaries=0 4 7 11 14 15
cat_threshold=671141107 436241474 1134052497 18 536870912 268435520 1073741952 1180770564 2165841936 2954961188 64 1140858884 8192 2097184 21016
is_linear=0
shrinkage=0.0659825


Tree=316
num_leaves=17
num_cat=1
split_feature=0 11 22 13 6 20 24 13 6 15 6 4 13 9 4 4
split_gain=6.23189 9.6181 9.98561 12.8844 11.8086 11.1289 12.5815 9.64211 8.85213 8.33051 7.81645 10.7311 15.7148 11.0147 10.8041 7.66892
threshold=0 44.500000000000007 0.22610769791589283 419.50000000000006 1624.5000000000002 6.5000000000000009 0.11686176142697884 545.50000000000011 739.00000000000011 296.00000000000006 1066.5000000000002 4.5000000000000009 805.50000000000011 37.500000000000007 2.5000000000000004 5.5000000000000009
decision_type=9 10 2 8 2 8 10 10 2 10 2 2 8 2 2 2
left_child=1 2 3 4 8 -4 -7 -3 -1 -5 -2 12 13 14 -12 -8
right_child=10 7 5 9 -6 6 15 -9 -10 -11 11 -13 -14 -15 -16 -17
leaf_value=0.0024288711457027706 -0.00019317170432749339 0.026049106709246529 0.011740231828252528 -0.0009490027967091688 -0.020090882571144858 0.0091186192606412513 -0.011436704434134541 -0.020182915630763493 0.025515383034138302 -0.020786055457663287 -0.00093114613280760432 0.01113516910382604 -0.00066659489878633036 0.047073540558695524 0.026128023016450279 0.0022152744601064245
leaf_weight=121.6283082254231 7619.1339683439583 90.337692050263286 134.11922450363636 4266.6054030871019 38.901719696819782 170.03499404899776 1299.1889306213707 19.70426370203495 177.40547372959554 87.985182791948318 155.35698755457997 667.8498520962894 1861.7227300945669 35.935317505151033 102.79889431595802 205.50986073166132
leaf_count=847 49150 621 766 33084 212 1342 8287 99 1027 554 866 4693 12627 178 546 1387
internal_value=-9.76079e-05 -0.00168044 -0.00201757 -0.000409503 0.0118817 -0.00617345 -0.00764634 0.0171314 0.016367 -0.00137901 0.000905646 0.00386769 0.00159063 0.0155966 0.0102066 -0.00957068
internal_weight=17054.2 6611.42 6501.38 4692.53 337.936 1808.85 1674.73 110.042 299.034 4354.59 10442.8 2823.66 2155.81 294.091 258.156 1504.7
internal_count=116286 48226 47506 35724 2086 11782 11016 720 1874 33638 68060 18910 14217 1590 1412 9674
cat_boundaries=0 1
cat_threshold=94
is_linear=0
shrinkage=0.0659825


Tree=317
num_leaves=17
num_cat=2
split_feature=21 3 21 7 3 16 16 7 21 16 23 8 7 4 17 17
split_gain=7.61575 6.76145 6.10922 6.36041 6.02384 15.1583 11.052 10.4964 14.6898 8.5165 8.4831 19.0318 9.32177 8.04919 16.8512 15.1939
threshold=1000.5500000000001 0 1002.5500000000001 18.500000000000004 1 59.540000000000006 92.480000000000004 4.5000000000000009 1018.85 23.540000000000003 0.35617445638168593 14.500000000000002 10.500000000000002 3.5000000000000004 20.960000000000004 66.350000000000009
decision_type=8 9 8 2 9 8 10 2 8 10 2 2 2 2 8 10
left_child=1 -1 3 -2 5 7 10 8 9 -4 -6 -12 -13 14 -7 -16
right_child=2 -3 4 -5 6 13 -8 -9 -10 -11 11 12 -14 -15 15 -17
leaf_value=-0.0055954534513287628 -0.020268060111089149 0.02032159121257621 -0.030319154169777405 0.0055300841607354356 -0.00082858513899641893 0.043546945496130716 0.014630220996566853 0.0031675127516133548 0.023302468907453435 0.0062834028679291439 0.035257707925958663 -0.056140314546063878 -0.014275487693005131 -0.0058164941244049561 -0.0046421478746665745 0.0075214073437761889
leaf_weight=58.876640595495701 119.89618167467415 131.10874401405454 24.196005538105965 58.739115971606225 10434.907942903694 33.844375832006335 193.30568928644061 2289.7046649008989 295.83873504400253 303.67824297957122 19.678139831870794 30.054146341979504 82.628041248768568 1125.9722330854274 1093.5887674279511 747.11483473517001
leaf_count=289 661 663 150 340 73409 197 1008 15634 1852 2104 128 173 517 7572 6965 4748
internal_value=0.000194114 0.0131179 4.36197e-05 -0.0118848 0.000175812 0.00186455 -0.000753885 0.00525272 0.0128004 0.00306604 -0.00104449 -0.0172617 -0.0278032 -0.00142313 0.00122635 0.000303601
internal_weight=17043.1 189.985 16853.1 178.635 16674.5 5913.94 10760.6 2913.42 623.713 327.874 10567.3 132.36 112.682 3000.52 1874.55 1840.7
internal_count=116410 952 115458 1001 114457 39222 75235 19740 4106 2254 74227 818 690 19482 11910 11713
cat_boundaries=0 2 4
cat_threshold=4 8 671746116 1
is_linear=0
shrinkage=0.0659825


Tree=318
num_leaves=17
num_cat=3
split_feature=2 24 4 2 24 18 7 2 21 21 13 7 7 21 8 21
split_gain=20.8334 7.11555 7.78752 19.9314 9.70142 8.6297 8.07302 10.0832 8.35181 10.0697 8.7397 7.62216 7.27256 7.36613 7.0341 6.97185
threshold=0 0.062063366187077536 5.5000000000000009 1 0.34021917309210131 13.233970000000001 46.500000000000007 2 1005.9500000000002 1006.7500000000001 675.50000000000011 9.5000000000000018 35.500000000000007 1020.2500000000001 3.5000000000000004 1004.5500000000001
decision_type=9 8 2 9 10 8 2 9 8 8 10 2 2 8 2 10
left_child=1 -1 6 4 5 12 8 -8 11 -10 14 -3 13 -4 -11 -13
right_child=-2 2 3 -5 -6 -7 7 -9 9 10 -12 15 -14 -15 -16 -17
leaf_value=0.024744604459520172 -0.0017558539523540055 0.027536813110711388 0.019377614307070492 0.019931350634497209 0.035480615706567624 -0.018822880676891821 0.048070331595138183 0.0013513511646203041 -0.019881513382603716 -0.026887198586025569 0.023402801319021917 -0.0045185564510748719 -0.027406373674843318 -0.0051186214751587954 0.0012003497294577465 0.022371025001498731
leaf_weight=59.568710744380951 11500.080514824484 91.467983268201351 99.517491413280368 356.3404739163816 21.924390476197004 117.30965694412589 20.632172580808401 57.727231822907925 93.311667468398809 32.938183037564158 70.575051859021187 122.54702006839216 24.288117740303278 103.8868193924427 4246.2547534955665 56.394950937479734
leaf_count=521 78550 462 724 2286 137 866 132 491 530 343 350 689 199 810 28988 384
internal_value=-0.000151714 0.00315324 0.00289802 0.00925118 -0.00176758 -0.00477373 0.0019283 0.0221344 0.00156354 0.000869666 0.00134269 0.0126876 0.00277381 0.00708661 0.000945284 0.00442454
internal_weight=17074.8 5574.68 5515.12 723.267 366.926 345.002 4791.85 78.3594 4713.49 4443.08 4349.77 270.41 227.692 203.404 4279.19 178.942
internal_count=116462 37912 37391 5022 2736 2599 32369 623 31746 30211 29681 1535 1733 1534 29331 1073
cat_boundaries=0 4 7 10
cat_threshold=2718734432 709951744 1403136080 86 2048 570490880 25296912 0 0 80
is_linear=0
shrinkage=0.0659825


Tree=319
num_leaves=17
num_cat=4
split_feature=2 17 6 16 14 16 17 24 19 3 18 0 13 24 2 13
split_gain=18.0687 6.75283 7.73741 7.78499 6.55012 5.36242 13.364 9.45395 8.00439 8.37129 8.77632 10.019 8.56951 8.389 11.4857 7.56006
threshold=0 22.275000000000002 584.00000000000011 68.540000000000006 15.500000000000002 64.670000000000016 81.730000000000004 0.4569093892572253 0.15500000000000003 1 6.3292900000000003 2 308.50000000000006 0.13098852603706976 3 276.50000000000006
decision_type=9 8 2 10 8 8 8 8 10 9 10 9 10 8 9 10
left_child=5 2 -2 4 -4 8 7 -7 9 12 -11 -12 15 14 -13 -1
right_child=1 -3 3 -5 -6 6 -8 -9 -10 10 11 13 -14 -15 -16 -17
leaf_value=0.001586813816322973 0.031831117634844565 0.0013163632773616468 0.0081790704634964496 0.033745891710869155 -0.021877759296034246 -0.0013501846397634834 0.010978096331399559 -0.015700267534423884 -0.035559679545881483 -0.018792114897983214 0.00097130758831627843 0.01091955352348435 -0.01191926769260746 -0.013880923612450904 -0.015903646472047325 0.026171088219396739
leaf_weight=707.84165111370385 60.340488161891699 11484.79497848358 82.035966817289591 25.556397944688797 43.007119741290808 1898.641442488879 348.02578327618539 217.37333025038242 31.007144534960389 246.57821583654732 630.92196968197823 157.01763368584216 191.23548405244946 651.84264898858964 99.81270851008594 52.856490045785904
leaf_count=4731 386 78739 456 154 290 12121 2196 1137 176 2189 4694 1380 1085 4731 872 301
internal_value=9.21285e-05 0.00153378 0.0130635 0.00457586 -0.00270757 -0.00312481 -0.000887994 -0.0028662 -0.00511998 -0.00469513 -0.00732968 -0.00547279 0.000336769 -0.00982645 0.00017565 0.00349423
internal_weight=16928.9 11695.7 210.94 150.599 125.043 5233.15 2464.04 2116.01 2769.11 2738.11 1786.17 1539.59 951.934 908.673 256.83 760.698
internal_count=115638 80025 1286 900 746 35613 15454 13258 20159 19983 13866 11677 6117 6983 2252 5032
cat_boundaries=0 4 6 7 11
cat_threshold=268959954 566332769 2501444932 81 268566528 8 39557 16 541065216 525376 1
is_linear=0
shrinkage=0.0659825


Tree=320
num_leaves=17
num_cat=3
split_feature=13 13 3 23 15 16 1 16 23 24 24 7 16 24 23 1
split_gain=6.93556 14.8094 12.9035 19.7279 12.3078 15.0339 10.3053 9.92404 7.95649 8.39159 8.46614 8.46486 11.4669 7.93842 7.50006 7.67814
threshold=385.50000000000006 419.50000000000006 0 0.2329284573641599 180.50000000000003 56.480000000000011 1 37.670000000000009 0.1382479367875846 0.28100324241846275 0.14927849927849932 5.5000000000000009 44.780000000000008 0.34127789046653151 0.35130230829295128 2
decision_type=8 8 9 2 10 8 1 8 2 8 10 2 8 10 2 1
left_child=4 6 -3 8 7 -6 13 -1 -4 10 11 -10 -13 -2 15 -5
right_child=1 2 3 14 5 -7 -8 -9 9 -11 -12 12 -14 -15 -16 -17
leaf_value=0.0062035188018395799 0.0075079247975105724 -0.001260148981620475 -0.0037140731702455278 -0.0084067272327358056 -0.0016824388989645697 0.04990103834262577 0.022747016203541522 -0.0064658051483277405 0.034822867365434523 0.0024060723267716154 0.034262044956440613 -0.029052453752414751 0.01645209332397974 -0.033742948412985641 0.0043496805066528758 0.0012828123332975525
leaf_weight=308.53930203523487 72.440007511526346 10557.990284452215 75.184491203166544 517.42433795705438 61.277037665247917 34.41837552934885 204.44911883026361 1892.8869609422982 38.422701187431812 97.930539118126035 170.479771155864 31.773416765034199 59.657796146348119 21.203340701758862 1801.6946861185133 1108.2325727976859
leaf_count=1935 444 76620 933 3058 359 194 1098 11979 274 591 1116 263 436 111 10217 6955
internal_value=-0.000284248 0.00024126 -6.19069e-05 0.00317321 -0.00365165 0.0187909 0.0146457 -0.00467762 0.0157149 0.0193834 0.0247575 0.0112798 -0.000207738 -0.00335805 0.00142454 -0.0018216
internal_weight=17054 14756.9 14458.8 3900.8 2297.12 95.6954 298.092 2201.43 473.449 398.264 300.334 129.854 91.4312 93.6433 3427.35 1625.66
internal_count=116583 102116 100463 23843 14467 553 1653 13914 3613 2680 2089 973 699 555 20230 10013
cat_boundaries=0 2 3 4
cat_threshold=2550661638 8 4 1
is_linear=0
shrinkage=0.0659825


Tree=321
num_leaves=17
num_cat=3
split_feature=22 13 21 16 22 22 16 18 1 3 0 18 21 16 17 13
split_gain=5.52308 9.88981 8.29533 13.967 9.58666 9.24713 7.13641 11.8108 13.9544 13.7044 9.72604 12.9481 9.75601 9.51028 9.1026 8.88827
threshold=0.14408837425153451 675.50000000000011 1024.4500000000003 54.500000000000007 0.11632957277076415 0.13788170161817634 45.140000000000008 6.3292900000000003 0 1 2 12.083190000000002 1003.1500000000002 33.440000000000005 40.620000000000012 481.50000000000006
decision_type=2 10 10 10 2 2 10 8 1 9 9 10 8 8 8 8
left_child=1 2 -1 4 -4 -6 7 8 -2 13 12 -12 -11 -9 -13 -14
right_child=6 -3 3 -5 5 -7 -8 9 -10 10 11 14 15 -15 -16 -17
leaf_value=-0.0069084207755190103 0.018732424140120624 0.022282306219210648 -0.020637303830425474 0.033966424530806331 0.016024437447416953 -0.01628843437009532 -0.00093973478033549393 0.00085933495159142817 -0.0099318065800953047 -0.029823185278714491 -0.018489181369797873 -0.012882283736768313 0.016123774271970693 0.011666850908338612 0.0081821288078692319 0.0015272624544827543
leaf_weight=1444.6190881701186 79.745239185169339 54.47409213706851 74.335921717807651 52.570717202499509 125.62068564537913 48.77179304882884 11157.080245706718 522.32787216454744 535.90236392989755 31.098727937787771 244.36569855734706 131.22012181580067 221.77832211926579 1103.8821924012154 248.81897740252316 900.69760751351714
leaf_count=12952 666 322 1016 554 1321 480 72188 3381 3801 169 1843 867 1292 6914 1723 6596
internal_value=-0.000491434 -0.00394019 -0.00483486 0.00504553 -0.00174936 0.00673689 -8.08667e-05 0.00230069 -0.00606808 0.00382252 -0.000205918 -0.00673923 0.0033749 0.00816212 0.000818312 0.00448449
internal_weight=16977.3 1800.39 1745.92 301.299 248.728 174.392 15176.9 4019.84 615.648 3404.19 1777.98 624.405 1153.57 1626.21 380.039 1122.48
internal_count=116085 16645 16323 3371 2817 1801 99440 27252 4467 22785 12490 4433 8057 10295 2590 7888
cat_boundaries=0 1 2 3
cat_threshold=4 134349312 27
is_linear=0
shrinkage=0.0659825


Tree=322
num_leaves=17
num_cat=4
split_feature=2 9 9 21 21 2 13 13 21 21 2 24 2 14 21 19
split_gain=20.3149 8.80587 8.58253 11.8228 9.10007 7.78024 8.6659 12.8313 9.12115 7.64627 7.33667 7.18442 9.98551 8.45202 7.16073 7.09581
threshold=0 51.500000000000007 52.500000000000007 1027.9500000000003 1014.85 1 255.50000000000003 242.50000000000003 1012.35 1018.1500000000002 2 0.16389860139860143 3 21.500000000000004 1017.6500000000002 0.32500000000000007
decision_type=9 2 2 10 10 9 10 10 8 8 9 8 9 8 8 8
left_child=15 5 -3 4 -4 6 7 8 -2 10 -7 13 14 -10 -13 -1
right_child=1 2 3 -5 -6 9 -8 -9 11 -11 -12 12 -14 -15 -16 -17
leaf_value=0.0035131739756307373 -0.010812078975966458 0.016838991644795756 0.0074976213912880587 0.043934378011914604 -0.010537205523798884 -0.0026293566980867588 -0.011607932670521969 0.030398625069380635 -0.00020577155475785735 -0.0031177126735586068 0.0030523606645894222 0.016034106785175941 -0.0091588886523137607 0.017960853978901084 -0.0026140310183489137 -0.024452541027561753
leaf_weight=5492.8970494843088 571.79395715054125 202.11962449736893 238.48456896655262 20.053621128201485 236.44016635045409 1550.0429418254644 656.18729777820408 42.862750481814146 384.76691548805684 3763.8783746957779 2676.0673570381477 135.97895394451916 650.64989952929318 150.66761935316026 238.68099419027567 33.630642790347338
leaf_count=37823 3724 1196 1345 131 1539 9552 3812 242 3184 27270 17940 882 4487 1406 1610 174
internal_value=2.66882e-05 -0.00155088 0.00560429 0.000864057 -0.0015012 -0.0020162 -0.00497798 -0.00297344 -0.003731 -0.000956078 0.000968628 -0.00110403 -0.00433116 0.00505433 0.00419588 0.0033096
internal_weight=17045.2 11518.7 697.098 494.978 474.925 10821.6 2831.59 2175.4 2132.54 7989.99 4226.11 1560.74 1025.31 535.435 374.66 5526.53
internal_count=116317 78320 4211 3015 2884 74109 19347 15535 15293 54762 27492 11569 6979 4590 2492 37997
cat_boundaries=0 4 8 12 16
cat_threshold=1900094242 2350000408 285748736 51 2317385876 8454658 2694136112 68 20480 4228096 236978370 136 136315012 66050 1048608 68
is_linear=0
shrinkage=0.0659825


Tree=323
num_leaves=17
num_cat=3
split_feature=2 13 13 11 11 21 24 16 24 2 24 16 16 6 2 21
split_gain=16.7955 9.29288 17.5307 11.2739 9.27534 8.94698 7.34638 6.57728 19.2846 15.7323 18.0792 11.5029 8.48853 8.26834 7.99763 7.07058
threshold=0 278.50000000000006 295.50000000000006 44.500000000000007 -7.4999999999999991 1014.35 0.058715794009911663 86.540000000000006 0.38302657742858531 1 0.24172928217099507 87.890000000000015 89.780000000000015 1094.0000000000002 2 1016.0500000000001
decision_type=9 8 8 10 8 8 10 10 10 9 10 10 10 2 9 10
left_child=1 3 -3 -1 5 -4 -2 14 9 15 11 -11 -12 -13 -8 -9
right_child=6 2 4 -5 -6 -7 7 8 -10 10 12 13 -14 -15 -16 -17
leaf_value=-0.0074351063747190201 -0.017208344574438986 0.033858891438383207 -0.0025104775470892121 0.031558281882724783 0.0030170517068400403 0.037756157545122515 -0.0063892474213502696 0.037951905821691889 0.033050333039852768 -0.027315655886616337 -0.0026907190612766945 0.0028209537831830399 -0.029323759720549125 0.030779767954273864 -0.00081520032227316386 0.0061404160116651646
leaf_weight=520.61013587471098 118.56973990797997 77.411824811249971 36.804290078580379 28.262702023610473 5283.9635791601613 59.158734731376171 1265.8410195475444 55.072137333452702 87.32844727113843 28.84781214222312 87.870407946407795 119.00974207744002 126.84750610217452 70.372215576469898 9008.0289512900636 66.15771134570241
leaf_count=3321 1127 438 210 267 35879 397 8294 265 409 181 475 713 667 408 63023 408
internal_value=0.000240038 0.00304302 0.00387194 -0.0050948 0.0034017 0.0231031 -0.00128818 -0.00110669 0.00534361 0.000657881 -0.00534959 0.00780941 -0.0188086 0.0138611 -0.00151245 0.0201614
internal_weight=17040.2 6006.21 5457.34 548.873 5379.93 95.963 11033.9 10915.4 641.506 554.178 432.948 218.23 214.718 189.382 10273.9 121.23
internal_count=116482 40512 36924 3588 36486 607 75970 74843 3526 3117 2444 1302 1142 1121 71317 673
cat_boundaries=0 4 8 11
cat_threshold=478245760 2156037136 2442857080 4 20972544 9 134217728 1 541065219 8257 67117062
is_linear=0
shrinkage=0.0659825


Tree=324
num_leaves=17
num_cat=4
split_feature=2 2 14 9 20 20 2 4 19 14 9 2 7 7 22 7
split_gain=24.9469 12.553 8.8579 9.95381 7.61648 8.44028 22.0056 7.54634 10.6956 8.09622 7.03829 11.5137 8.90399 15.0688 9.2403 11.3026
threshold=0 1 4.5000000000000009 3.5000000000000004 0.18500000000000003 9.5000000000000018 2 5.5000000000000009 0.015000000000000001 3.5000000000000004 50.500000000000007 3 46.500000000000007 33.500000000000007 0.21070375593576599 7.5000000000000009
decision_type=9 9 8 2 8 10 9 2 8 8 2 9 2 2 2 2
left_child=2 -2 3 -1 -3 6 -6 9 -9 -8 11 12 13 14 15 -7
right_child=1 4 -4 -5 5 10 7 8 -10 -11 -12 -13 -14 -15 -16 -17
leaf_value=0.04925514267662566 -0.0082418057028773306 0.030769071312773885 0.0037280320544885942 0.010715623941881875 0.0046658823712654104 -0.0095640805027485936 -0.031829634484090069 0.017348283043156897 -0.024547689732184807 -0.0094684422906789779 0.0058979013011894862 0.00054001581407339986 0.034088794663973576 -0.030611421675673801 -0.012524863820879575 0.011528344747615995
leaf_weight=26.309804417192936 968.92539816536009 27.609689749777317 4025.7669275812805 373.5518447868526 754.95923268608749 203.33517272025347 70.413066480308771 90.638353057205677 30.527256697416306 1169.9617919484153 871.33835111372173 7669.7183775817975 16.12588579300791 108.51032071374357 370.93145151995122 228.12662331014872
leaf_count=158 5643 168 27046 2645 4886 1664 450 599 159 7295 5500 54653 128 928 2443 1881
internal_value=0.000410041 -0.00108981 0.00466126 0.0139699 -0.000482363 -0.000573799 -0.00433421 -0.00928937 0.0061069 -0.0108909 0.000269107 -0.000305277 -0.00718437 -0.00822052 -0.00497949 0.00159348
internal_weight=17006.7 12581.1 4425.63 399.862 11612.2 11584.6 2116.5 1361.54 121.166 1240.37 9468.09 8596.75 927.029 910.904 802.393 431.462
internal_count=116246 86397 29849 2803 80754 80586 13389 8503 758 7745 67197 61697 7044 6916 5988 3545
cat_boundaries=0 4 8 12 15
cat_threshold=3226039361 2177441793 329517190 162 134250496 201360448 32 80 293603344 536872960 2148090632 4 16 0 16656
is_linear=0
shrinkage=0.0659825


Tree=325
num_leaves=17
num_cat=6
split_feature=2 17 2 2 7 2 16 7 9 7 2 0 9 17 17 7
split_gain=19.3418 12.8034 15.1921 14.7722 9.41815 14.2659 18.7665 10.5498 12.1432 10.1084 9.80929 8.45173 8.37112 7.29946 11.9448 7.14653
threshold=0 49.435000000000009 1 2 17.500000000000004 3 56.480000000000011 31.500000000000004 46.500000000000007 15.500000000000002 4 5 20.500000000000004 25.085000000000004 39.205000000000005 41.500000000000007
decision_type=9 8 9 9 2 9 10 2 2 2 9 9 2 10 10 2
left_child=-1 2 -2 -3 9 6 -6 -8 -9 10 -4 -5 -11 -7 15 -15
right_child=1 3 4 11 5 13 7 8 -10 12 -12 -13 -14 14 -16 -17
leaf_value=-0.0045083002308101191 -0.005441142647951638 0.0047626351356731345 0.0071161639530174133 0.012248744974545577 -0.017510264017764565 -0.0045708732235572895 0.0015981978696954359 0.0067022568919247296 0.069201300783833644 -0.040569241011184982 -0.0049774524283320671 -0.0015311125778211339 -0.0010100616963540994 0.019044667438670164 0.0052240429810118316 0.046196414018966764
leaf_weight=3701.8690353287384 2468.2478402294219 4895.9124721838161 471.55915261991322 188.99924812559038 194.9759580604732 85.808942262083292 156.32134439051151 32.569452492520213 18.925578780472279 45.071372706443071 711.2288536131382 3480.1759087527171 43.238448064774275 229.26452353224158 252.34010197967291 53.104149758815765
leaf_count=25190 17908 33393 3417 1370 1572 474 1069 246 92 274 4513 23049 253 1380 1719 373
internal_value=-0.00030005 0.00087311 -0.00186723 0.00239816 0.00199678 0.00669745 -0.00301078 0.0105661 0.0346724 -0.00178615 -0.000125877 -0.000770449 -0.0225462 0.0128101 0.0158568 0.0250401
internal_weight=17029.6 13327.7 4762.66 8565.09 2294.41 1023.31 402.792 207.816 51.495 1271.1 1182.79 3669.18 88.3098 620.518 534.709 282.369
internal_count=116292 91102 33290 57812 15382 6925 2979 1407 338 8457 7930 24419 527 3946 3472 1753
cat_boundaries=0 4 8 12 15 19 20
cat_threshold=2317960295 310937600 2627870984 194 633341968 677511777 17924096 5 885032960 140706417 17924278 5 1342177280 83951616 1552 1342177280 83951888 1600 8 20608
is_linear=0
shrinkage=0.0659825


Tree=326
num_leaves=17
num_cat=0
split_feature=17 16 22 23 5 16 7 17 22 22 21 16 6 6 23 23
split_gain=4.93797 7.8613 9.43629 10.7445 8.58331 8.02542 7.84478 7.40747 7.8406 6.1606 8.45198 7.39414 6.28492 6.39577 6.03819 15.2652
threshold=93.265000000000015 34.430000000000007 0.22662515624678256 0.35647890583937603 14.500000000000002 47.480000000000011 10.500000000000002 96.615000000000009 0.18995415155177173 0.30123489859179448 1029.9500000000003 85.460000000000022 1090.5000000000002 816.00000000000011 0.23400470451114383 0.23510952561244067
decision_type=8 8 2 2 2 10 2 8 2 2 10 10 2 2 2 2
left_child=9 -2 4 -4 6 -6 7 8 -3 14 11 -11 13 -13 -1 -16
right_child=1 2 3 -5 5 -7 -8 -9 -10 10 -12 12 -14 -15 15 -17
leaf_value=0.00039153140002831931 0.032364525914459104 -0.0035923413730710591 0.015920150360935362 -0.022498156823994364 -0.0064108183185105612 0.016747532329556707 -0.022994207251132381 -0.015056084881825854 0.032595796829975147 0.0050464228861507258 -0.019206945520144344 -0.0093353749392290405 -0.034338654418803106 0.020839508902173447 -0.020029270417429742 -0.0016997834617044087
leaf_weight=9459.3780012438074 37.216205706819892 63.433937884867191 305.71544946823269 29.795099038630724 109.20576154999435 146.19200377166271 108.37002525106072 81.771804716438055 36.761825615540147 2023.8209766978398 65.264144986867905 135.34894256852567 27.264665186405182 32.852035112679005 201.55744768679142 4163.4338379628025
leaf_count=71347 187 557 1763 144 514 691 752 706 281 11038 396 686 134 161 1288 25583
internal_value=0.000248664 0.00493767 0.0035598 0.0121596 -0.00180501 0.00692857 -0.00947169 -0.000922655 0.0108185 -2.04931e-05 0.00314884 0.00385832 -0.00821845 -0.00290673 -0.000545427 -0.00257357
internal_weight=17027.4 918.462 881.246 335.511 545.735 255.398 290.338 181.968 100.196 16108.9 2284.55 2219.29 195.466 168.201 13824.4 4364.99
internal_count=116228 5595 5408 1907 3501 1205 2296 1544 838 110633 12415 12019 981 847 98218 26871
is_linear=0
shrinkage=0.0659825


Tree=327
num_leaves=17
num_cat=0
split_feature=18 15 13 9 14 6 6 13 15 10 6 13 18 5 23 9
split_gain=10.0145 10.755 5.61675 9.3917 10.9229 10.604 11.101 9.24313 11.8572 10.6472 9.98529 8.95134 8.19374 7.67391 8.35731 12.4357
threshold=30.495670000000004 143.50000000000003 419.50000000000006 16.500000000000004 4.5000000000000009 429.00000000000006 1009.0000000000001 385.50000000000006 38.500000000000007 2.5000000000000004 1082.5000000000002 378.50000000000006 15.535530000000003 13.500000000000002 0.26376508425821749 38.500000000000007
decision_type=10 8 10 2 8 2 2 10 10 2 2 10 10 2 2 2
left_child=2 -2 7 12 -5 -6 -7 11 9 -9 13 -1 -4 -10 15 -15
right_child=1 -3 3 4 5 6 -8 8 10 -11 -12 -13 -14 14 -16 -17
leaf_value=-0.00043858845910677171 0.04910621321683336 0.0012734495974168012 -0.013576437958111828 0.020691033319420397 0.01770447761737777 -0.011990887815345217 0.001041780437540275 0.0079269623337283896 -0.0089696373394739497 -0.041711320014157185 0.049168764076060537 -0.02447481177327622 0.0026999672551747656 0.065672673022793837 0.0028522120976020478 0.011443765805089452
leaf_weight=14439.269365009386 30.109598353505135 47.610137641429901 577.41588056087494 90.617764785885811 100.06628785654902 460.52606357261539 726.58062720485032 42.584497287869453 54.009777005761862 25.345138467848301 31.77955636754632 61.529565464705229 172.63635932654142 26.155940696597099 75.113940663635731 50.514183107763529
leaf_count=101949 155 281 3217 471 542 2644 4138 262 305 142 186 371 942 146 381 281
internal_value=-0.000653469 0.0220786 -0.000765899 -0.0039306 -0.000684358 -0.00228184 -0.0040504 -0.000309629 0.010932 -0.0125461 0.0177945 -0.000551071 -0.00983881 0.0116441 0.0190437 0.0334969
internal_weight=17011.9 77.7197 16934.1 2127.84 1377.79 1287.17 1187.11 14806.3 305.503 67.9296 237.573 14500.8 750.052 205.794 151.784 76.6701
internal_count=116413 436 115977 11954 7795 7324 6782 104023 1703 404 1299 102320 4159 1113 808 427
is_linear=0
shrinkage=0.0659825


Tree=328
num_leaves=17
num_cat=5
split_feature=2 5 2 2 0 7 17 16 11 2 17 16 22 22 16 8
split_gain=26.2779 9.84503 9.65018 9.04529 8.33324 14.9013 14.2167 10.0981 9.55696 9.21848 9.94577 7.99506 10.1449 8.35645 8.28753 7.67904
threshold=0 6.5000000000000009 1 2 3 43.500000000000007 76.315000000000012 20.480000000000004 -2.4999999999999996 4 93.365000000000009 72.500000000000014 0.1491261965695482 0.14767633388631754 55.670000000000009 28.500000000000004
decision_type=9 2 9 9 9 2 10 8 10 9 8 10 2 2 10 2
left_child=4 2 -2 -3 5 7 -7 -1 9 11 -11 12 14 -13 -9 -14
right_child=1 3 -4 -5 -6 6 -8 8 -10 10 -12 13 15 -15 -16 -17
leaf_value=0.041917449252208548 0.003527622554285795 -0.0040674292078118285 -0.015695924898570801 0.00031670163297680277 0.0022060209928856231 -0.03052649837355436 0.025628618923402402 -0.015816437315980609 -0.0028942521921582268 0.014894283590381656 -0.013687213514387921 0.02397606748737785 0.018382809310799095 -0.011263078444858163 0.01934185826429613 -0.018299396448321788
leaf_weight=33.193303637206554 161.26156993862242 2691.9556437009014 358.41664822027087 8412.4027524562553 3171.729353684932 73.693672301247716 20.767228851094842 98.744954485446215 296.0674412548542 1080.2252006679773 51.021707803010941 28.16199854016304 277.28078309260309 200.50716809928417 34.547670552507043 22.277688713744283
leaf_count=223 2124 16326 4539 56114 21945 559 140 1033 1612 6779 292 222 2241 1487 311 233
internal_value=0.000597913 -0.0011684 -0.00999097 -0.000751179 0.00439935 0.00749905 -0.0173571 0.00868842 0.00803701 0.00984604 0.0134192 0.0034153 0.00869625 -0.00640114 -0.00624605 0.0153368
internal_weight=17012.3 11624 519.678 11104.4 5388.22 2216.49 94.4609 2122.03 2088.83 1792.77 1131.25 661.52 432.851 228.669 133.293 299.558
internal_count=116180 79103 6663 72440 37077 15132 699 14433 14210 12598 7071 5527 3818 1709 1344 2474
cat_boundaries=0 4 7 10 11 15
cat_threshold=3894440464 2248245760 136922958 54 272631808 545400833 32768 38372485 567282000 605192320 20642 1207959552 33554432 134742024 20
is_linear=0
shrinkage=0.0659825


Tree=329
num_leaves=17
num_cat=5
split_feature=2 2 8 9 2 23 8 23 22 22 2 2 23 22 14 22
split_gain=16.6144 7.20883 7.01518 7.33621 6.80303 6.40174 8.75951 14.8132 8.11218 7.33171 6.09392 6.05577 6.42846 6.20255 8.57861 6.96867
threshold=0 1 13.500000000000002 18.500000000000004 2 0.18774187320914301 24.500000000000004 0.14265368512401069 0.19944555284874968 0.19522245079894876 3 4 0.23071426011713594 0.33405042626831477 13.500000000000002 0.40225700527950214
decision_type=9 9 2 2 9 2 2 2 2 2 9 9 2 2 10 2
left_child=2 -2 3 4 -1 6 10 -8 -7 -9 -4 12 -10 -13 15 -15
right_child=1 -3 5 -5 -6 8 7 9 11 -11 -12 13 -14 14 -16 -17
leaf_value=-0.004100492859953001 0.0033141773377402444 8.4519133177031328e-05 -0.00090836808471290867 0.0097569939455364619 -0.025242423114034671 -0.013662322570810077 -0.041054846437197708 -0.014241683399170412 0.01690794999689052 0.012658811139702464 0.013887475265862521 -0.0024980109724106253 -0.001077500854559138 -0.026648187602272003 0.009014001748152662 -0.0031640576293732749
leaf_weight=134.02086443826556 4341.5364613155834 9735.5305875362828 227.06557983905077 48.282457157969475 163.32822841405869 381.50475876033306 41.948516750708222 74.381507463753223 110.0858511030674 91.160076651722193 249.73049156740308 786.97244305210188 335.06696508359164 160.50490010529757 55.71347763389349 84.869406588375568
leaf_count=763 29378 68128 1555 286 1128 2684 430 657 678 581 1965 4712 1951 836 292 437
internal_value=0.000139495 0.00108326 -0.00435389 -0.0131211 -0.0169602 -0.00317603 0.00228651 -0.00886053 -0.00512933 0.00049349 0.00718927 -0.00295928 0.00346589 -0.0055735 -0.0135794 -0.0188057
internal_weight=17021.7 14077.1 2944.64 345.632 297.349 2599 684.286 207.49 1914.72 165.542 476.796 1533.21 445.153 1088.06 301.088 245.374
internal_count=116461 97506 18955 2177 1891 16778 5188 1668 11590 1238 3520 8906 2629 6277 1565 1273
cat_boundaries=0 4 8 12 15 18
cat_threshold=2854752614 826802448 3892849058 6 1073800337 142606946 110264320 25 524288 21495808 10240 4 570953728 541065216 1073741952 2101252 4194304 134742272
is_linear=0
shrinkage=0.0659825


Tree=330
num_leaves=17
num_cat=0
split_feature=23 23 21 24 24 24 24 24 7 21 8 8 21 23 7 16
split_gain=6.5899 14.6366 11.3324 12.5544 11.1048 10.8852 14.0854 9.36873 9.07522 8.35605 8.31753 8.09899 7.96793 7.83886 8.46363 6.25874
threshold=0.34857467486614446 0.34423461789266202 1024.9500000000003 0.24172928217099507 0.14660748100238549 0.15897401791256541 0.11238132566849579 0.15480030721966209 34.500000000000007 1029.4500000000003 21.500000000000004 34.500000000000007 1005.9500000000002 0.3595326531685939 5.5000000000000009 45.500000000000007
decision_type=2 2 8 10 10 10 10 10 2 8 2 2 10 2 2 10
left_child=1 -1 3 5 -3 6 -2 13 10 -6 -5 12 -12 14 -8 -7
right_child=2 4 -4 8 9 15 7 -9 -10 -11 11 -13 -14 -15 -16 -17
leaf_value=-2.7005775999234868e-05 -0.010765933958621092 0.013427172851126226 -0.0046836767876203902 0.0063669437376627112 -0.03744240287200748 0.0037138100685311518 -0.0089913675934524054 0.053218815229191467 -0.0083024348025312316 0.0055019843500250442 -0.0050518033608788543 -0.0091291437503978161 0.023610925944574718 -0.0070318094535679687 0.026841276140230547 -0.009490198000185187
leaf_weight=14079.57514864672 102.5760986879468 29.68350438028574 605.27360957115889 550.60554561205208 95.016722183674574 239.44681083317846 32.607556443661451 23.069948922842741 100.5888633877039 22.675119630992413 44.812460729852319 39.766051150858402 407.70643104612827 60.820024210959673 136.7691393867135 429.43417801521719
leaf_count=99817 748 181 3475 2806 534 1275 223 117 551 123 215 315 2189 372 824 2503
internal_value=0.00032598 -0.000248036 0.00326442 0.00549028 -0.0205047 0.00017855 0.00940741 0.0176403 0.0102235 -0.0293082 0.0120492 0.0182452 0.0207424 0.0127632 0.0198685 -0.00477278
internal_weight=17000.4 14227 2773.48 2168.2 147.375 1024.72 355.843 253.267 1143.48 117.692 1042.89 492.285 452.519 230.197 169.377 668.881
internal_count=116268 100655 15613 12138 838 6062 2284 1536 6076 657 5525 2719 2404 1419 1047 3778
is_linear=0
shrinkage=0.0659825


Tree=331
num_leaves=17
num_cat=6
split_feature=2 0 5 2 8 19 7 2 21 2 22 8 8 0 23 22
split_gain=17.3801 9.92374 8.88081 12.5925 11.0324 10.1799 9.63461 9.57097 9.30945 9.19768 8.58878 8.90289 12.9016 8.1838 8.17258 8.68374
threshold=0 1 16.500000000000004 2 6.5000000000000009 0.055000000000000007 13.500000000000002 3 1017.6500000000002 4 0.16579330881741997 21.500000000000004 18.500000000000004 5 0.17183328958511324 0.11439633748158029
decision_type=9 9 2 9 2 10 2 9 8 9 2 2 2 9 2 2
left_child=1 10 7 5 -5 8 -7 -2 -4 -6 11 12 -1 14 15 -10
right_child=2 -3 3 4 9 6 -8 -9 13 -11 -12 -13 -14 -15 -16 -17
leaf_value=-0.012821250042804124 0.0048272194655602264 -0.0063022017591831151 0.0028076588327753428 -0.019758092005580923 0.016946017736401097 -0.0019359720048212777 0.050302720350449692 -0.0015695685931177874 -0.0099644164627756479 0.0053057685251570097 0.0030876788810835771 -0.021129527005023775 0.022428656710252654 -0.008018504506890357 -0.013050398681981421 0.025771596912960722
leaf_weight=110.996776599437 1183.9626408144832 2891.7319958545268 1266.6018163901754 62.226028777658939 345.17499883472919 27.833649504929781 26.900052983313799 6714.0049696220085 37.740204041823745 1955.6166058937088 1132.5386145953089 140.24310631677508 67.334987424314022 909.94979246333241 56.693794574588537 96.027474327012897
leaf_count=1088 9438 18251 6559 383 1816 144 148 52670 331 10205 7709 1072 592 4963 320 601
internal_value=-0.000479695 -0.00407392 0.00075506 0.00299695 0.00640283 -0.000359147 0.0262602 -0.000603466 -0.00104368 0.00718969 0.000387149 -0.00907614 0.000797042 -0.00546749 0.00665708 0.0156946
internal_weight=17025.6 4342.85 12682.7 4784.76 2363.02 2421.75 54.7337 7897.97 2367.01 2300.79 1451.11 318.575 178.332 1100.41 190.461 133.768
internal_count=116290 28712 87578 25470 12404 13066 292 62108 12774 12021 10461 2752 1680 6215 1252 932
cat_boundaries=0 4 5 9 13 16 17
cat_threshold=209781889 20971617 51463592 10 6154 1879050276 841720832 671229956 132 12354 2315781120 2550276096 132 2152222720 528 1074003968 4098
is_linear=0
shrinkage=0.0659825


Tree=332
num_leaves=17
num_cat=5
split_feature=2 2 24 24 24 24 24 13 24 23 21 1 13 3 24 2
split_gain=26.7259 7.29623 14.894 10.7961 8.99795 8.39766 11.6342 9.90218 8.48841 9.22351 8.47669 8.14297 10.9978 15.4864 12.5243 12.1071
threshold=0 1 0.34021917309210131 0.32775632775632785 0.37406561272046063 0.11499128919860628 0.10086476273526634 408.50000000000006 0.11902132520944404 0.10952406173432357 1005.9500000000002 2 438.50000000000006 3 0.27035031847133767 4
decision_type=9 9 8 10 10 10 8 10 10 2 10 1 8 9 10 9
left_child=-1 2 3 5 -4 6 7 10 -7 -10 -2 12 13 -3 -15 -14
right_child=1 11 4 -5 -6 8 -8 -9 9 -11 -12 -13 15 14 -16 -17
leaf_value=-0.0042602686936184572 0.021967066826240417 0.001773448277363869 0.02373569138079994 -0.024779496391286598 0.007796815319486331 0.026959032885170309 -0.021437744203787079 0.034336350085920245 -0.026804104685804055 0.003748952527565714 -0.010432757419748485 0.0021339319901173704 -0.0082583716615591916 0.0068089601151718028 0.062628026361976702 0.00035021020637811663
leaf_weight=4760.1962306108326 39.022716859355569 477.50117444805801 197.41205748915672 59.79170873016119 687.25116159953177 60.978766163811088 139.45380031131208 29.666526362299919 37.790336327627301 1982.2576597961597 152.43779926747084 5473.4721454624087 1302.4679058343172 34.597938656806946 33.11091984808445 1549.6870738454163
leaf_count=32612 240 2556 1162 365 3985 475 1110 208 436 12911 1560 39568 8602 207 175 9964
internal_value=-7.27908e-05 0.00155704 0.00415598 0.00155481 0.011495 0.00226128 -0.00695556 0.0025156 0.00387432 0.00309653 -0.00334385 0.000559222 -0.0019754 0.00656178 0.0326714 -0.00361811
internal_weight=17017.1 12256.9 3386.06 2501.4 884.663 2441.61 360.581 221.127 2081.03 2020.05 191.461 8870.84 3397.37 545.21 67.7089 2852.15
internal_count=116136 83524 22452 17305 5147 16940 3118 2008 13822 13347 1800 61072 21504 2938 382 18566
cat_boundaries=0 4 8 9 11 15
cat_threshold=1124156256 721945856 3549954848 203 671131777 75596352 2559172 32 1 131076 8 71304208 274726936 134234120 4
is_linear=0
shrinkage=0.0659825


Tree=333
num_leaves=17
num_cat=2
split_feature=4 5 18 21 0 21 0 16 21 5 21 11 16 21 23 23
split_gain=5.44311 25.5229 27.597 14.6392 14.2019 13.8842 10.588 9.31946 7.59893 7.56318 8.87343 7.70955 7.13179 5.73167 14.7705 16.8043
threshold=5.5000000000000009 13.500000000000002 13.233970000000001 1020.5500000000001 0 1015.85 1 43.520000000000003 1016.4500000000002 16.500000000000004 1035.2500000000002 44.500000000000007 38.930000000000014 1019.7500000000001 0.16044851135802568 0.1962441280844183
decision_type=2 2 10 10 9 10 9 8 10 2 10 8 10 10 2 2
left_child=13 4 3 12 -2 6 -4 -6 -9 -5 11 -11 -3 -1 -15 -16
right_child=1 2 5 9 7 -7 -8 8 -10 10 -12 -13 -14 14 15 -17
leaf_value=-0.0010579845297305464 -0.013923290921925138 -0.0023931448641089578 0.013617140868480988 0.018555747249008575 0.023328176199205315 -0.017279834927433908 -0.0075333836165519434 -0.016220515398359808 0.008989612364409023 -0.019048797535277981 0.034266026643699876 0.0044111087575205363 0.024948651544119699 -0.0068078794171082405 0.01086863303672898 0.00056464006868029793
leaf_weight=10936.786725295242 447.03881601430476 44.373650778084993 209.61056648939848 125.87831808626652 78.456215252168477 192.44748432934284 176.47219687327743 90.855233440175653 106.30429058149457 92.402142617851496 22.198262263089418 155.11920966207981 468.75121298991144 693.28474641870707 994.66956262849271 2214.118557440117
leaf_count=69720 4251 260 1105 766 904 1228 1079 966 1255 551 116 821 2461 7492 8245 15334
internal_value=0.000171992 0.00322222 0.00815446 0.0152884 -0.00691145 -0.00309466 0.00413862 0.00484027 -0.00276907 0.00562154 -0.000698184 -0.00459996 0.0225839 -0.000283433 0.00188571 0.00377361
internal_weight=17048.8 2209.91 1487.25 908.723 722.655 578.53 386.083 275.616 197.16 395.598 269.72 247.521 513.125 14838.9 3902.07 3208.79
internal_count=116554 15763 8387 4975 7376 3412 2184 3125 2221 2254 1488 1372 2721 100791 31071 23579
cat_boundaries=0 1 2
cat_threshold=18979 18977
is_linear=0
shrinkage=0.0659825


Tree=334
num_leaves=17
num_cat=4
split_feature=2 2 24 24 15 2 17 21 24 7 4 13 24 21 2 21
split_gain=20.538 9.47281 9.53903 8.04039 11.7016 13.6563 12.4317 11.8667 9.38557 10.9227 12.6017 9.09647 9.05853 8.56738 14.0163 8.02968
threshold=0 1 0.16850198412698417 0.14454349188662166 185.50000000000003 2 37.315000000000005 1008.0500000000001 0.069624405445300977 10.500000000000002 5.5000000000000009 220.50000000000003 0.11755368814192345 1021.6500000000002 3 1026.2500000000002
decision_type=9 9 8 10 10 9 8 8 8 2 2 8 8 10 9 10
left_child=3 2 15 4 5 7 -7 -1 -9 -10 -11 -5 -6 -13 -15 -2
right_child=1 -3 -4 11 12 6 -8 8 9 10 -12 13 -14 14 -16 -17
leaf_value=-0.021117915730871618 0.0018187690014922185 0.00096014067259386294 0.0090514566818257064 -0.023664620284126098 -0.025512447523762857 -0.023035367964467351 0.0018864672357327553 -0.012540687621055186 0.006766138765454374 0.036757764840657285 -0.0017937178426818657 -0.0052729577796076545 0.0028534444402789822 0.013597946655434748 -0.0042428383894407753 -0.02163071715661263
leaf_weight=36.528043636120856 460.45406586863101 9450.6374764991924 1345.8413850553334 97.713067589327693 105.82765435986221 99.632099758833647 488.27678322605789 42.356158314272761 188.75565341673791 168.68164095841348 46.074833512306213 3555.0690010963008 85.083165999501944 284.36980160325766 516.14046210609376 67.385857630521059
leaf_count=238 3360 65755 8113 567 867 879 4210 375 1383 1242 362 22259 616 1864 3808 598
internal_value=0.000188452 0.00181508 0.00608197 -0.00303134 0.00160796 0.00430698 -0.00249278 0.0123189 0.0155845 0.0186829 0.0286698 -0.00435244 -0.0131807 -0.00388593 0.00226701 -0.0013928
internal_weight=17038.8 11324.3 1873.68 5714.51 1261.22 1070.31 587.909 482.396 445.868 403.512 214.756 4453.29 190.911 4355.58 800.51 527.84
internal_count=116496 77826 12071 38670 10172 8689 5089 3600 3362 2987 1604 28498 1483 27931 5672 3958
cat_boundaries=0 4 8 12 15
cat_threshold=2046874883 877864000 1074094464 152 2166882340 142608402 816448520 64 536871936 542180352 327680 8 671110144 68231232 16384
is_linear=0
shrinkage=0.0659825


Tree=335
num_leaves=17
num_cat=1
split_feature=4 3 21 16 21 22 21 23 5 21 16 23 22 5 23 17
split_gain=8.35754 11.6681 11.2962 9.89582 9.21884 8.83333 6.70776 6.31494 22.1924 12.4116 11.1557 7.92086 9.38469 7.84494 7.07005 6.3199
threshold=1.0000000180025095e-35 0 1020.0500000000001 35.330000000000005 1029.7500000000002 0.12837455973295778 1032.4500000000003 0.35585607045236883 13.500000000000002 1004.1500000000002 48.560000000000009 0.35460453611410969 0.2829263568276047 10.500000000000002 0.35536531769302598 27.830000000000002
decision_type=2 9 10 8 10 2 10 2 2 10 10 2 2 2 2 10
left_child=1 3 -3 5 -4 -1 7 11 -9 -10 15 -2 -13 14 -14 -11
right_child=6 2 4 -5 -6 -7 -8 8 9 10 -12 12 13 -15 -16 -17
leaf_value=-0.016447161938227452 -0.00062512294418857269 0.013661511004833989 -0.007514770212834445 -0.0023343947194169631 0.026685970650111631 0.01805290805974535 -0.014842317066705493 0.0054321131728723498 -0.046824752897752529 0.022802090357280924 -0.023507014304003773 -0.007957648352754719 0.013515673815809096 0.023596701923876241 -0.028225153702233906 -0.0065893474115591702
leaf_weight=33.664367619901896 13205.17570200935 666.07974405121058 225.19960724562407 1369.4022779539227 34.085774121806026 188.07281495258212 141.99990417249501 407.57922226004303 43.068815927952528 30.312534252181649 192.61735594272614 90.203913500532508 38.096907619386911 172.11333280615509 23.229882828891277 244.84265037812293
leaf_count=348 91602 4266 1878 9277 207 1270 1138 2562 202 142 981 533 262 871 167 1183
internal_value=-0.000271446 0.00323547 0.00905044 -0.000223778 -0.00249683 0.012508 -0.000877482 -0.00073387 -0.00600947 -0.0150936 -0.0115936 -0.000373121 0.00972611 0.0165886 -0.00344262 -0.00291724
internal_weight=17105.7 2516.5 925.365 1591.14 259.285 221.737 14589.2 14447.2 918.421 510.841 467.773 13528.8 323.644 233.44 61.3268 275.155
internal_count=116889 17246 6351 10895 2085 1618 99643 98505 5070 2508 2306 93435 1833 1300 429 1325
cat_boundaries=0 2
cat_threshold=268567040 8
is_linear=0
shrinkage=0.0659825


Tree=336
num_leaves=17
num_cat=6
split_feature=2 5 17 2 5 14 14 2 2 4 2 23 2 19 13 14
split_gain=22.7259 7.73462 10.3926 12.5477 9.54925 13.5844 8.78132 8.71021 7.68858 7.66795 7.28785 7.266 10.4778 9.92458 8.27891 9.60676
threshold=0 18.500000000000004 60.790000000000013 1 10.500000000000002 3.5000000000000004 5.5000000000000009 2 3 3.5000000000000004 4 0.16780137755997754 5 0.015000000000000001 510.50000000000006 13.500000000000002
decision_type=9 2 10 9 2 10 10 9 9 2 9 2 9 8 10 10
left_child=1 2 7 4 -4 -6 -7 -1 -3 -8 -2 12 -12 -14 -13 -16
right_child=10 8 3 -5 5 6 9 -9 -10 -11 11 14 13 -15 15 -17
leaf_value=-0.0011379191478561165 0.0050298565748630314 -0.0055317250376557955 -0.0046725949005283025 -0.0084337532174868519 -0.010655673713745288 0.031715350159141571 0.014110755255002147 -0.010210179406112142 0.0056437294028853467 -0.0028666112471367271 0.013089455667491453 0.00036501059244274751 0.003270624169366063 -0.014642442935543397 -0.013815792025761454 0.0075626760625049239
leaf_weight=644.22545249667019 2109.6687796046026 426.43462328519672 446.51244344282895 651.33072350360453 139.68148417212069 78.091604705899954 342.70241614244878 1740.5376567272469 665.22425721166655 170.61318157892674 434.50709820725024 7029.3788679968566 1577.8918165080249 140.99324743077159 361.50428998470306 117.33735033869743
leaf_count=4523 13709 2279 4340 4417 738 423 1765 12973 3650 916 3299 46102 14401 809 1949 593
internal_value=-8.54705e-05 -0.00366438 -0.00495211 -0.00120368 0.0028657 0.00750915 0.0118659 -0.00781621 0.00127265 0.00850128 0.00153045 0.000759179 0.00413277 0.00174349 -0.000210003 -0.0085472
internal_weight=17076.6 5305.35 4213.69 1828.93 1177.6 731.089 591.407 2384.76 1091.66 513.316 11771.3 9661.61 2153.39 1718.89 7508.22 478.842
internal_count=116886 36024 30095 12599 8182 3842 3104 17496 5929 2681 80862 67153 18509 15210 48644 2542
cat_boundaries=0 4 8 12 15 19 23
cat_threshold=186662164 210339938 279135296 133 136317968 67108896 10617920 5 35651844 9011202 268436544 128 136318996 32864 17472 524834 822084625 1573258 66 0 0 33816592 8
is_linear=0
shrinkage=0.0659825


Tree=337
num_leaves=17
num_cat=1
split_feature=18 15 22 13 11 0 18 11 13 15 13 17 18 18 13 13
split_gain=6.28111 5.70381 5.0599 5.31791 13.1358 12.3152 9.45863 7.2158 10.5034 12.0981 7.62353 5.76186 5.79619 7.29207 5.69735 6.1867
threshold=30.495670000000004 143.50000000000003 0.42219220443991468 488.50000000000006 10.500000000000002 0 13.233970000000001 75.500000000000014 323.50000000000006 97.500000000000014 175.50000000000003 52.740000000000002 6.3292900000000003 10.932410000000003 535.50000000000011 837.50000000000011
decision_type=10 10 2 10 10 9 8 10 10 8 8 10 8 8 10 10
left_child=2 -2 3 7 5 11 -6 10 -9 -10 -1 12 -5 -14 -7 -16
right_child=1 -3 -4 4 6 14 -8 8 9 -11 -12 -13 13 -15 15 -17
leaf_value=0.033093486633170632 0.031736856250683086 -0.0021048306993331832 -0.0090761820769642045 0.031898635421476404 -0.030640042213176687 -0.0072218554156760232 0.00077835490642336907 0.045508592765935246 -0.023652649289331328 0.036213034222825145 0.0003327036639904761 -0.011166096142251994 -0.019275220440630701 0.0073062250622518221 0.019607957183076622 -0.011388064226106937
leaf_weight=24.742050357162952 45.691589428111911 35.964815761893988 253.78253685869277 19.285068422555923 118.85679707676172 57.945400293916464 62.133519679307938 31.726915659382939 31.759431464597583 17.71964617818594 15564.68895562645 378.50938811153173 60.952222485095263 129.54204132780433 190.38871512934566 28.50201940536499
leaf_count=219 244 213 1275 135 568 337 309 398 234 134 108321 1989 406 843 1020 144
internal_value=0.000148536 0.017741 5.7392e-05 0.000199389 -0.00434126 -0.000905091 -0.020188 0.000504116 0.0194049 -0.000557589 0.00039793 -0.00626099 0.00236652 -0.00154088 0.0102235 0.015368
internal_weight=17052.2 81.6564 16970.5 16716.8 1046.12 865.125 180.99 15670.6 81.206 49.4791 15589.4 588.289 209.779 190.494 276.836 218.891
internal_count=116789 457 116332 115057 5751 4874 877 109306 766 368 108540 3373 1384 1249 1501 1164
cat_boundaries=0 1
cat_threshold=58
is_linear=0
shrinkage=0.0659825


Tree=338
num_leaves=17
num_cat=7
split_feature=2 16 2 17 2 21 21 18 4 2 2 17 24 2 17 2
split_gain=17.4769 7.02039 10.1522 10.4541 10.3476 9.74205 8.35941 8.20246 7.69111 18.7435 14.5777 14.2108 29 14.6498 12.3367 11.1372
threshold=0 81.590000000000018 1 52.255000000000003 2 1015.9500000000002 1011.85 15.535530000000003 2.5000000000000004 3 4 50.300000000000004 0.29745314103602877 5 48.580000000000005 6
decision_type=9 10 9 10 9 10 8 10 2 9 9 10 10 9 8 9
left_child=-1 8 -3 4 -4 6 7 -6 9 -2 -10 12 14 -13 15 -11
right_child=1 2 3 -5 5 -7 -8 -9 10 11 -12 13 -14 -15 -16 -17
leaf_value=-0.0033107221097746615 0.0097994157225410761 -4.6195015369976736e-05 -0.0097059547857982504 0.01939082354299786 -0.0059510862467606271 -0.001854698414315289 0.032214315248378186 0.031693353539969674 -0.0011651539913302914 -0.016583275811079743 0.0053578106979261806 -0.0094891382864119925 -0.023304662635675891 0.0022894191467410811 -0.026028126454977579 0.0036297814317657914
leaf_weight=4665.1029171650298 575.96741242147982 788.48140300391242 147.85648177191615 336.68647225387394 76.243022788316011 160.00496934354305 104.99491906911135 30.34476101398468 2747.9225322916172 125.09997559338808 3240.1105429129675 560.57351346500218 391.25675105303526 2248.6822029678151 78.279914991930127 724.191186693497
leaf_count=31898 3720 4418 849 1905 362 948 528 142 19741 1019 21995 3766 2483 15933 642 5732
internal_value=0.000122678 0.00142356 0.00542974 0.0103177 0.00447256 0.0101692 0.0195213 0.00592702 0.000805867 -0.00118991 0.00237331 -0.00275272 -0.00839201 -0.000102342 -0.00198794 0.000401686
internal_weight=17001.8 12336.7 1644.61 856.131 519.444 371.588 211.583 106.588 10692.1 4704.05 5988.03 4128.08 1318.83 2809.26 927.571 849.291
internal_count=116081 84183 9152 4734 2829 1980 1032 504 75031 33295 41736 29575 9876 19699 7393 6751
cat_boundaries=0 4 8 11 15 19 23 26
cat_threshold=1517134081 222494976 211356232 18 92275712 313525768 409872 8 2048 2048 50331648 132 277349392 3221372962 128 562039826 268477441 3238184230 128 67129376 536871456 302252032 68 16793600 2081 268436736
is_linear=0
shrinkage=0.0659825


Tree=339
num_leaves=17
num_cat=6
split_feature=2 3 13 5 1 5 15 2 2 16 16 23 15 5 2 16
split_gain=26.0313 10.6657 13.4281 11.7549 17.7315 15.1901 12.7236 11.4309 10.2394 8.74512 7.38203 6.48932 10.0531 9.82983 11.3819 10.6349
threshold=0 1 266.50000000000006 14.500000000000002 2 10.500000000000002 160.50000000000003 3 4 68.540000000000006 54.500000000000007 0.16780137755997754 190.00000000000003 9.5000000000000018 5 45.140000000000008
decision_type=9 9 10 2 1 2 10 9 9 8 10 2 8 2 9 10
left_child=1 2 3 4 5 6 -1 9 -6 10 -5 12 -2 -14 15 -15
right_child=11 -3 -4 7 8 -7 -8 -9 -10 -11 -12 -13 13 14 -16 -17
leaf_value=-0.013071990098210988 -0.00083625362500374062 0.006802148425407141 -0.01208769348886697 0.020573387879301255 0.01476515425590237 -0.030451955291553853 0.028677550481194289 0.0040325463595181641 -0.0030472765956319737 0.038465734510166702 -0.015833882694573552 -0.0020647081230191892 0.025564372026663153 0.029478086448515007 -0.0024250922410250161 -0.0072827041595340527
leaf_weight=95.960596106946468 1630.8249650588259 3037.0144358482212 300.41847232915461 68.658946312963963 213.1200988907367 145.96379264816642 39.87738848105073 774.69947127671912 354.66996771935374 81.940663367509842 30.422189474105835 9544.5512051950209 119.16369014792144 115.75306656584144 331.85713637247682 44.685142505913973
leaf_count=1201 13967 21107 1832 426 1645 993 439 4184 3535 397 167 61025 1600 727 2384 292
internal_value=0.000396228 0.00430547 0.000680103 0.00284287 -0.00279502 -0.0161377 -9.39678e-05 0.00784029 0.00393065 0.0220644 0.00911876 -0.00131334 0.00187597 0.00904508 0.00477631 0.0182551
internal_weight=16929.6 5142.75 2105.73 1805.31 849.592 281.802 135.838 955.721 567.79 181.022 99.0811 11786.8 2242.28 611.459 492.295 160.438
internal_count=115921 35926 14819 12987 7813 2633 1640 5174 5180 990 593 79995 18970 5003 3403 1019
cat_boundaries=0 4 5 6 9 12 15
cat_threshold=1202242352 79766048 1947010304 104 940049920 1 67633152 512 268959744 1075855360 79691776 1024 3072 2099200 33554448
is_linear=0
shrinkage=0.0659825


Tree=340
num_leaves=17
num_cat=5
split_feature=2 2 5 13 13 21 21 6 2 23 21 2 11 21 5 2
split_gain=15.5506 7.52353 9.0069 7.37547 19.5981 7.3118 8.80235 9.01823 8.29349 8.44115 7.91154 6.70005 7.29524 6.43004 6.16458 9.86808
threshold=0 1 17.500000000000004 380.50000000000006 425.50000000000006 1016.4500000000002 1020.4500000000002 1075.0000000000002 2 0.22958343607835943 1024.3500000000001 3 1.5000000000000002 1007.35 8.5000000000000018 4
decision_type=9 9 2 8 8 10 10 2 9 2 10 9 10 8 2 9
left_child=3 2 -2 13 -5 8 7 -7 -4 -10 -8 -6 -13 -1 15 -3
right_child=1 14 5 4 11 6 10 -9 9 -11 -12 12 -14 -15 -16 -17
leaf_value=-0.025832520397137251 -0.0015704151795061547 -0.0094605109504459287 -0.012406757189384283 0.038184339503568629 0.0014901656883395688 -0.032994647408981913 0.0035512185025423212 0.0028224659461071233 -0.0087749720285443412 0.012698219768324522 -0.01921881122200899 0.0095300602176451935 -0.013662882529388394 -0.00086460270435342065 0.00047120858319665929 0.0013173590415591827
leaf_weight=43.76372105255723 2451.9657945968211 730.72442412748933 251.74789487756789 70.865694262087345 1520.2675494048744 148.67872584238648 139.54657936841249 36.975252784788609 135.12904900684953 177.27551003918052 117.81060596182942 1071.623056108132 57.110586207360029 445.09047922771424 8933.5860903919674 731.41380320303142
leaf_count=261 17550 9108 1241 380 10193 810 762 192 675 882 683 7306 288 2948 55018 8481
internal_value=-0.000109103 -0.00106847 -0.00372669 0.00401819 0.00537051 -0.00897094 -0.0152611 -0.0260015 -0.00391848 0.00331609 -0.00708061 0.00440493 0.00821546 -0.00339746 -0.000179529 -0.00414182
internal_weight=17063.6 13854.9 3459.13 3208.72 2719.87 1007.16 443.011 185.654 564.152 312.405 257.357 2649 1128.73 488.854 10395.7 1462.14
internal_count=116778 95402 22795 21376 18167 5245 2447 1002 2798 1557 1445 17787 7594 3209 72607 17589
cat_boundaries=0 4 8 11 15 19
cat_threshold=1879618180 144187664 3296725730 86 2290155554 2483062314 270730244 32 134283296 335545344 268500992 1611177984 8913152 8390720 64 67109888 33751040 185352464 9
is_linear=0
shrinkage=0.0659825


Tree=341
num_leaves=17
num_cat=4
split_feature=2 2 7 2 21 23 23 21 21 2 9 15 21 23 22 7
split_gain=19.6766 7.42491 6.5006 21.1938 8.97177 7.34604 6.26503 6.19886 5.66896 5.13932 5.65046 9.14184 6.50011 8.27259 6.19174 9.75766
threshold=0 1 44.500000000000007 2 1013.1500000000002 0.23959424654418207 0.10485893348921947 1000.5500000000001 1007.1500000000002 3 18.500000000000004 180.50000000000003 1016.85 0.23919241976046959 0.24218483816909589 1.5000000000000002
decision_type=9 9 2 9 10 2 2 8 10 9 2 10 8 2 2 2
left_child=7 -2 6 -4 8 -6 -3 -1 -5 10 14 -12 -13 -14 15 -8
right_child=1 2 3 4 5 -7 9 -9 -10 -11 11 12 13 -15 -16 -17
leaf_value=0.016477811531319587 0.015724624333512592 -0.011407362712823652 0.026781556741932229 -0.0036922760228722809 -0.021800800696559524 0.0091541469244134244 0.021548572709102581 -0.0037462264788734614 0.02584238277884986 0.00020669805686730988 -0.0060796893357898006 0.0055716649306285729 0.044964435357909206 0.0083999604486251073 0.0052846788361050915 -0.0037827699187978148
leaf_weight=60.745355829596519 137.32529605180025 173.79471955727786 158.21456359326839 53.207739278674126 109.6401151008904 42.783328037708998 65.726512242108583 5399.2571607301943 51.04913666471839 8297.9406909155659 80.336576908826828 86.331290263682604 61.847764570266008 50.319003567099571 1360.8378736227751 824.72966443281621
leaf_count=309 782 1879 1138 299 962 289 446 37466 298 57415 564 511 389 281 7845 5589
internal_value=-0.000238101 0.00130453 0.00110898 0.00915569 -0.00299156 -0.0130938 0.000801514 -0.00349626 0.0114125 0.00100393 0.00359665 0.0123696 0.0197941 0.0298694 0.00249479 -0.00177595
internal_weight=17014.1 11554.1 11416.8 414.895 256.68 152.423 11001.9 5460 104.257 10828.1 2530.13 278.835 198.498 112.167 2251.29 890.456
internal_count=116462 78687 77905 2986 1848 1251 74919 37775 597 73040 15625 1745 1181 670 13880 6035
cat_boundaries=0 4 5 8 12
cat_threshold=950043136 85655570 2503713280 139 2181562627 4197376 268436481 167772176 67174496 549495584 679479532 116
is_linear=0
shrinkage=0.0659825


Tree=342
num_leaves=17
num_cat=3
split_feature=2 23 9 10 2 21 4 16 23 23 4 21 21 2 21 17
split_gain=19.8542 5.20553 5.4906 5.49036 7.22572 5.83651 7.70668 9.96437 6.53911 7.25439 6.47688 6.22481 5.37688 5.3134 5.27133 5.19565
threshold=0 0.24268906452146918 24.500000000000004 1.5000000000000002 1 1021.35 3.5000000000000004 74.480000000000004 0.34857467486614446 0.26177351086561401 2.5000000000000004 1026.5500000000002 1020.35 2 1029.7500000000002 49.650000000000006
decision_type=9 2 2 2 9 10 2 10 2 2 2 10 10 9 10 10
left_child=1 14 3 5 12 8 11 -8 9 -3 -11 -7 15 -10 -1 -5
right_child=-2 2 -4 4 -6 6 7 -9 13 10 -12 -13 -14 -15 -16 -17
leaf_value=0.003050682290034312 -0.00087597036321415472 0.016024324738670024 0.014244468904873206 -0.036716833815701115 0.0047956931870634066 -0.026295844775933747 -0.0017029305199114332 0.045239042205853286 0.025233244540779 0.0071583959316850326 -0.019367043529668206 0.0080512339714505984 0.0066040987461139433 0.0088668517018851683 -0.010771459366379063 -0.0067053157893708446
leaf_weight=3541.879722670652 11649.728889655322 92.340994548052549 356.45206855051219 43.685127407312393 304.45940238982439 62.483957048505545 72.641484435647726 20.548560105264187 153.1900179721415 71.853718712925911 77.785905875265598 30.901912428438663 39.402958080172539 288.07835976406932 118.32147334888577 57.574526211246848
leaf_count=25324 80277 546 2083 247 1652 407 474 132 910 378 430 206 247 1525 1046 309
internal_value=0.000651231 0.00397953 0.00703335 0.00502048 -0.000934377 0.00805275 -0.00223226 0.010839 0.0108561 0.00206024 -0.00685359 -0.015138 -0.0124898 0.0155834 0.00258627 -0.0210336
internal_weight=16981.3 5331.6 1671.4 1314.95 445.122 869.825 186.576 93.19 683.249 241.981 149.64 93.3859 140.663 441.268 3660.2 101.26
internal_count=116193 35916 9546 7463 2455 5008 1219 606 3789 1354 808 613 803 2435 26370 556
cat_boundaries=0 4 7 10
cat_threshold=1898487842 162531616 3590431880 164 270532608 32 33792 18874368 0 33800
is_linear=0
shrinkage=0.0659825


Tree=343
num_leaves=17
num_cat=2
split_feature=0 5 17 7 17 24 7 21 6 24 24 3 23 23 15 18
split_gain=6.59223 11.2543 10.8082 9.73623 8.62246 8.2868 7.04913 6.55348 5.89465 5.85868 11.3937 5.18296 4.67004 4.33365 6.26659 8.01735
threshold=0 15.500000000000002 49.650000000000006 18.500000000000004 44.900000000000013 0.38450824941075645 9.5000000000000018 1014.9500000000002 1618.5000000000002 0.18292124542124544 0.26198278766347133 1 0.27423343345252704 0.21912608148221704 148.00000000000003 15.535530000000003
decision_type=9 2 10 2 8 10 2 8 2 8 10 9 2 2 8 10
left_child=1 3 4 5 8 -1 7 -7 -3 -4 -11 -2 13 14 15 -5
right_child=11 2 9 12 -6 6 -8 -9 -10 10 -12 -13 -14 -15 -16 -17
leaf_value=-0.01241534654809346 0.017038507175057005 0.018173034601777677 0.036572452928532839 -0.011409240973362695 -0.024863902194250193 0.048337767262342658 -0.012922342468163593 0.00024786581952120936 -0.012402487370035509 -0.010510871529925055 0.027417543640005565 -0.00025961419421719368 0.039923850476945327 -0.007648423865608215 0.035041486005214575 0.033067416321728951
leaf_weight=269.97103293612599 59.525812698528171 86.682509772479534 84.99373435229063 51.026732975617051 36.530005864799023 21.673176854848862 26.322516523301601 22.222301751375198 33.858141556382179 49.924096863716841 88.65570779889822 16011.668641372584 16.461585521697998 51.953175269067287 35.393355958163738 19.295060656964779
leaf_count=2214 442 416 428 445 186 123 170 141 190 235 438 109737 103 396 346 119
internal_value=0.000131047 0.00559064 0.0141545 -0.000733811 0.000782777 -0.00719792 0.0122375 0.0270552 0.00939693 0.0232722 0.0138896 -0.000178403 0.0117068 0.00735186 0.0147391 0.00249611
internal_weight=16966.2 894.963 380.644 514.319 157.071 340.189 70.218 43.8955 120.541 223.574 138.58 16071.2 174.13 157.668 105.715 70.3218
internal_count=116129 5950 1893 4057 792 2648 434 264 606 1101 673 110179 1409 1306 910 564
cat_boundaries=0 1 2
cat_threshold=24576 536870912
is_linear=0
shrinkage=0.0659825


Tree=344
num_leaves=17
num_cat=6
split_feature=2 2 22 16 2 16 23 7 22 2 15 8 2 15 2 18
split_gain=17.7642 7.55666 7.08933 9.59647 11.8511 9.45508 8.33515 10.2027 7.02005 9.2457 8.20195 8.50579 9.87133 7.3095 7.17133 6.51727
threshold=0 1 0.16645669684214526 54.500000000000007 2 40.460000000000008 0.17147967628592056 17.500000000000004 0.19398897111022265 3 175.00000000000003 15.500000000000002 4 38.500000000000007 5 1.0000000180025095e-35
decision_type=9 9 2 10 9 8 2 2 2 9 10 2 9 8 9 10
left_child=-1 15 3 5 -5 6 7 -3 9 -4 11 12 -10 -13 -15 -2
right_child=1 2 8 4 -6 -7 -8 -9 10 -11 -12 13 -14 14 -16 -17
leaf_value=-0.0025781601749725784 -0.013536672546460873 0.0065030077538239337 0.0067457722711374828 -0.0075850449626723472 0.014039536670017411 -0.0061192831304030916 -0.0061378648193964082 0.035027001451063716 0.011704727276528711 -0.0072431756027486263 0.0057214131376175049 -0.011197570126094274 -0.016207361574285803 -0.0085505018413787534 0.0027020064000152959 0.0055537972388840793
leaf_weight=7559.9199568964541 74.752995537593961 350.19332243036479 240.33594767004251 127.95033956877887 575.07909353077412 518.42715185042471 167.86708122864366 59.530766831710935 58.722173759713769 1100.0022393222898 1065.899732703343 215.28226950019598 260.66802776232362 264.76287009194493 2021.7234881110489 2317.5814437484369
leaf_count=50886 532 3421 1781 1270 4556 4733 1359 564 369 7739 6828 1503 1762 1809 12112 14999
internal_value=-0.000198979 0.00171202 0.000616712 0.00418256 0.0101628 0.000310778 0.00608591 0.011111 -0.00061285 -0.00471886 0.000808285 -0.00105655 -0.0110877 0.000248514 0.00135378 0.00490315
internal_weight=16978.7 9418.78 7026.44 1799.05 703.029 1096.02 577.591 409.724 5227.4 1340.34 3887.06 2821.16 319.39 2501.77 2286.49 2392.33
internal_count=116223 65337 49806 15903 5826 10077 5344 3985 33903 9520 24383 17555 2131 15424 13921 15531
cat_boundaries=0 4 8 11 15 18 22
cat_threshold=42033415 652747849 34153172 65 403182816 151027970 3828402184 4 4196352 0 402653184 2097152 268435456 268698624 136 2151677952 133632 8388608 1073741824 196608 0 8
is_linear=0
shrinkage=0.0659825


Tree=345
num_leaves=17
num_cat=2
split_feature=16 3 7 5 19 16 5 5 7 16 21 14 19 1 4 14
split_gain=7.01069 8.05629 9.31887 7.68946 6.66977 8.76702 6.81917 7.25449 6.48433 6.39404 7.45148 7.05816 6.1519 6.18118 5.94314 5.89883
threshold=31.460000000000004 0 9.5000000000000018 7.5000000000000009 0.15500000000000003 60.440000000000005 5.5000000000000009 8.5000000000000018 48.500000000000007 33.440000000000005 1025.9500000000003 12.500000000000002 0.31000000000000005 1 4.5000000000000009 5.5000000000000009
decision_type=8 9 2 2 10 10 2 2 2 8 10 8 10 1 2 10
left_child=1 3 -3 -1 6 -6 14 9 -9 10 -8 15 13 -7 -2 -11
right_child=4 2 -4 -5 5 12 7 8 -10 11 -12 -13 -14 -15 -16 -17
leaf_value=0.026495212995788366 0.0052710204459888582 -0.0030743831380003494 -0.017351308504171721 -0.00044115297325984261 -0.012261010183533171 0.050954458420720709 -0.026126687743910349 0.00084544163179048001 -0.022581482554985131 -0.0071941149729054243 0.021230201268498391 -0.0069430950607376977 0.0018526226724984666 0.014591895122137251 0.060968309439866628 0.0041574235485770054
leaf_weight=50.784821640700102 22.041759133338932 581.72046476043761 299.15441316366196 240.60196540318429 42.970410536974669 32.733184453099966 86.780293127521873 13635.411726211663 45.395183200016618 265.40906459838152 12.280873401090501 871.22590879909694 52.81620860286057 58.692229615524411 8.6330472622066718 742.96215509716421
leaf_count=349 414 4622 2637 1312 239 160 891 82461 418 3248 151 11330 274 304 164 7584
internal_value=6.97322e-05 -0.00484052 -0.0079217 0.0045578 0.000434028 0.0126109 0.000283777 0.000216911 0.000757439 -0.00351102 -0.0193449 -0.00261523 0.0202217 0.0300365 0.0286078 0.00114374
internal_weight=17049.6 1172.26 880.875 291.387 15877.4 187.212 15690.1 15659.5 13680.8 1978.66 99.0612 1879.6 144.242 91.4254 30.6748 1008.37
internal_count=116558 8920 7259 1661 107638 977 106661 106083 82879 23204 1042 22162 738 464 578 10832
cat_boundaries=0 1 2
cat_threshold=131072 4
is_linear=0
shrinkage=0.0659825


Tree=346
num_leaves=17
num_cat=6
split_feature=2 2 16 4 2 20 24 2 2 21 4 2 24 24 6 24
split_gain=19.8709 9.7308 7.69981 6.35244 10.8366 13.0082 9.43117 12.2065 7.50574 7.19352 7.06911 22.0756 7.71924 9.97486 9.56826 6.73078
threshold=0 1 93.560000000000016 1.0000000180025095e-35 2 2.7500000000000004 0.42364751465926281 3 4 1020.2500000000001 5.5000000000000009 5 0.18292124542124544 0.21603839876688732 1033.0000000000002 0.42610569065425191
decision_type=9 9 8 2 9 8 10 9 9 10 2 9 10 10 2 10
left_child=2 -2 -1 4 -3 -6 8 9 10 -8 -5 12 14 -14 -12 -7
right_child=1 3 -4 6 5 15 7 -9 -10 -11 11 -13 13 -15 -16 -17
leaf_value=-0.0047619708926582025 0.0040530999390258607 0.0095168081832802814 -0.034287028281059485 -0.0048181357983065522 0.025537541874748201 -0.0024891846741683858 0.0099784290069870711 -4.9346226103568023e-05 0.00057695286128533183 0.036240561316409341 0.011783896876692996 -0.0068582061117499092 -0.018928682273760818 0.017299479108203564 0.04914259609608692 -0.032214354935714208
leaf_weight=2472.668031916488 3682.3996188854799 768.03402782045305 33.018251616507769 3170.3241156432778 65.416230970993638 724.45486554503441 445.73279733024538 964.72065190412104 4016.2595480801538 46.070268590003252 72.241401052102447 422.85130461677909 41.614231765270233 103.03100573271513 52.037366777658463 28.611748918890953
leaf_count=16113 23381 5359 169 22814 403 5401 2789 5724 29365 285 526 3154 295 659 343 156
internal_value=0.000194762 0.00112751 -0.00521455 0.000136525 0.00398814 -0.00133179 -0.000520161 0.00434625 -0.00142258 0.012609 -0.00349196 0.00252446 0.0167393 0.00652464 0.0290294 -0.00387422
internal_weight=17109.5 14603.8 2505.69 10921.4 1586.52 818.483 9334.88 1456.52 7878.36 491.803 3862.1 691.775 268.924 144.645 124.279 753.067
internal_count=116936 100654 16282 77273 11319 5960 65954 8798 57156 3074 27791 4977 1823 954 869 5557
cat_boundaries=0 4 8 12 16 20 23
cat_threshold=170435362 469762320 554074528 2 2214662212 559514144 2550219792 112 1094729728 10618889 41943552 1 297797632 2099200 512 1 285231105 10496075 33557060 128 16777216 2097152 33554496
is_linear=0
shrinkage=0.0659825


Tree=347
num_leaves=17
num_cat=5
split_feature=2 24 2 16 24 22 23 24 2 2 22 18 20 23 2 7
split_gain=22.5222 10.3449 12.267 12.4074 14.8999 11.9248 10.6274 8.24715 21.9989 16.0262 10.8926 10.7644 10.0114 9.48154 9.74971 8.91354
threshold=0 0.20327956989247314 1 23.540000000000003 0.12877361355767483 0.17087041151910934 0.17098134143990831 0.18077932927556992 2 3 0.11632957277076415 8.6308500000000006 3.5000000000000004 0.2329284573641599 4 41.500000000000007
decision_type=9 10 9 10 10 2 2 10 9 9 2 10 10 2 9 2
left_child=1 2 5 4 -4 -1 -3 8 -2 10 -9 13 -13 -10 -15 -14
right_child=7 6 3 -5 -6 -7 -8 9 11 -11 -12 12 15 14 -16 -17
leaf_value=0.028756981199241537 -0.0047484525911699283 -0.00089606457109806209 0.056036265404271708 -0.0030367851072429439 -0.010011740910045865 0.004307271940703271 0.0076250390793666384 0.034474967033276058 -0.0071861989827358254 -0.005711186809935145 0.00025640623681663004 -0.013322386678520018 0.012228541268955777 0.02186643147657745 -0.0024135671920023183 -0.0076558367058925858
leaf_weight=95.648796885274351 1666.8670151922852 829.86051671206951 27.860575601458549 2087.1493347994983 23.48547775298357 612.36119180172682 2721.561194636859 34.848326299339533 427.57184659130871 4032.4045732151717 2817.9222148754634 76.61101053468883 1116.9138543084264 111.51075335964561 164.47254034131765 103.39068948104978
leaf_count=793 13004 6383 212 17408 165 4187 16238 300 3634 25311 17425 420 7971 800 1095 749
internal_value=0.000174489 0.00325863 0.000298302 -0.00220151 0.0280165 0.00772472 0.00563584 -0.00169771 0.00082729 -0.00304462 0.00074619 0.00546993 0.00904831 -0.00107087 0.00835278 0.0105134
internal_weight=16950.4 6397.93 2846.51 2138.5 51.3461 708.01 3551.42 10552.5 3667.34 6885.18 2852.77 2000.47 1296.92 703.555 275.983 1220.3
internal_count=116095 45386 22765 17785 377 4980 22621 70709 27673 43036 17725 14669 9140 5529 1895 8720
cat_boundaries=0 4 7 11 15 19
cat_threshold=407443472 570986051 755647374 8 134283264 537396802 554173194 564192420 276955136 277187616 196 564191460 2415919104 311788576 68 0 69206056 0 1
is_linear=0
shrinkage=0.0659825


Tree=348
num_leaves=17
num_cat=0
split_feature=5 23 17 17 20 17 21 23 14 17 9 21 17 22 18 14
split_gain=6.45197 11.2738 7.06638 7.13285 10.0759 9.22398 10.6506 10.8302 8.65594 8.00517 6.0457 9.2338 8.75426 7.12129 6.36337 6.63109
threshold=20.500000000000004 0.36580247786183401 28.415000000000003 90.125000000000014 5.5000000000000009 75.720000000000013 1013.2500000000001 0.23990515751201491 8.5000000000000018 35.845000000000006 17.500000000000004 1014.6500000000002 64.805000000000021 0.22543297053322581 8.6308500000000006 6.5000000000000009
decision_type=2 2 10 10 10 10 8 2 10 10 2 8 10 2 10 8
left_child=-1 2 -2 5 -5 9 7 -7 -8 -4 12 -12 13 -11 -13 -16
right_child=1 -3 3 4 -6 6 8 -9 -10 10 11 14 -14 -15 15 -17
leaf_value=1.4738003342023149e-05 0.036984396828461857 -0.033840915028812583 -0.021816551776857592 -0.00021321030818570626 0.038120084160579368 0.036033384757457786 -0.030005992258152463 -0.015544689615795765 -0.00025409293142021285 -0.010263063528249143 0.00052569133525551118 0.036522413635680498 -0.016307000293127281 0.020713993987104651 0.039211246027034463 0.0030194539784196605
leaf_weight=16067.807098865975 26.6623096447438 24.492309279739857 31.208897076547146 54.639185963198543 59.380796138197184 35.408297838643193 86.054185878485441 26.052410274744034 79.224349208176136 43.134576244279742 114.80122372880578 90.050726572051644 73.92752293497324 93.740754751488566 23.641184413805604 88.618126403540373
leaf_count=111347 152 116 188 282 313 169 459 133 397 262 579 535 420 515 131 490
internal_value=0.000328269 0.00559073 0.00685266 0.00571115 0.0206933 0.00339139 -0.00769318 0.0147529 -0.0162733 0.0079218 0.00991437 0.0155831 0.00118381 0.0109301 0.0238559 0.012306
internal_weight=17018.8 951.037 926.545 899.882 114.02 785.862 226.739 61.4607 165.279 559.123 527.914 317.111 210.803 136.875 202.31 112.259
internal_count=116488 5141 5025 4873 595 4278 1158 302 856 3120 2932 1735 1197 777 1156 621
is_linear=0
shrinkage=0.0659825


Tree=349
num_leaves=17
num_cat=7
split_feature=2 13 0 5 13 5 2 2 13 11 2 21 21 13 2 2
split_gain=17.3825 9.50872 8.21273 10.0986 7.75818 8.66399 11.2519 11.0747 9.62179 10.1383 8.09913 7.7074 7.61093 7.55736 7.17967 7.1677
threshold=0 871.50000000000011 1 8.5000000000000018 840.50000000000011 15.500000000000002 2 3 410.50000000000006 6.5000000000000009 4 1019.35 999.45000000000016 774.50000000000011 5 6
decision_type=9 10 9 2 10 2 9 9 10 10 9 8 10 10 9 9
left_child=2 13 3 -1 5 6 -4 -7 11 10 -10 -9 15 14 -2 -5
right_child=1 -3 4 12 -6 7 -8 8 9 -11 -12 -13 -14 -15 -16 -17
leaf_value=-0.013743809073471305 -0.0046412095294485574 0.038097244384950379 -0.0054069579318861789 0.01922921203548723 -0.024009343920698742 0.012987211387799267 0.0042037209889624781 0.0053438914976765284 -0.00082185136893513978 -0.0058489064630025452 0.031541645129435157 -0.0055018216386021196 -0.0011306185493803592 -0.023563767394933707 -0.00057115702864452521 -0.0036877633705869736
leaf_weight=233.67921589035541 2526.0972851533443 19.8796167075634 700.50286028068513 151.39458550140262 36.543558560311794 879.04067730717361 2035.9069550577551 713.03169920109212 53.014265991747379 67.888857299461961 119.64826529845595 466.67818957474083 1409.8789340425283 62.587647050619125 7366.2367976075038 90.682417400181293
leaf_count=4113 15600 98 5111 820 181 4513 16308 3826 282 342 661 2723 10199 311 50371 487
internal_value=9.89831e-05 -0.00166577 0.00262677 -0.00108804 0.00400683 0.00424757 0.00173235 0.00722815 0.00350682 0.0153802 0.02364 0.00104709 0.000740658 -0.00177068 -0.00161802 0.0113935
internal_weight=16932.7 9974.8 6957.89 1885.64 5072.26 5035.71 2736.41 2299.3 1420.26 240.551 172.663 1179.71 1651.96 9954.92 9892.33 242.077
internal_count=115946 66380 49566 15619 33947 33766 21419 12347 7834 1285 943 6549 11506 66282 65971 1307
cat_boundaries=0 4 5 9 13 16 20 24
cat_threshold=2420156438 859972624 1761649188 171 150 16 4194320 1073774592 129 2147483664 4325392 1073774592 9 0 805307392 134217728 654381184 2358248288 270142592 84 16 301989888 0 8
is_linear=0
shrinkage=0.0659825


Tree=350
num_leaves=17
num_cat=1
split_feature=17 22 22 6 17 0 17 21 7 23 6 23 14 22 22 17
split_gain=5.60499 9.30022 8.47646 17.0917 10.7285 10.3326 9.49548 9.16958 8.91003 9.25654 12.3721 10.2164 8.53162 7.9502 7.8593 11.7812
threshold=49.435000000000009 0.13887322395878277 0.19820548571619309 2581.0000000000005 71.335000000000022 0 49.820000000000007 1007.1500000000002 15.500000000000002 0.19301108419054688 912.50000000000011 0.22574678982407012 19.500000000000004 0.19224681818019332 0.29206919336784798 67.915000000000006
decision_type=8 2 2 2 10 9 8 8 2 2 2 2 10 2 2 10
left_child=1 -1 8 5 -5 -4 -7 14 13 -10 -11 -12 -9 -2 15 -8
right_child=2 -3 3 4 -6 6 7 12 9 10 11 -13 -14 -15 -16 -17
leaf_value=-0.00993076378583054 -0.00056174080835641807 -0.00103647071206334 -0.0052672147996112601 -0.0465455349355594 -0.0032961084490039489 0.024070598910572141 0.0013939323718067424 -0.00065981520951241372 0.010426960035403197 0.014072735982321963 -0.021913971209377381 0.00066903580924567287 0.01791286260784138 0.012094083035833595 -0.0033518216785774647 0.028119638386326959
leaf_weight=558.61461496818811 2427.7274103742093 5477.4234255906194 1465.9141702875495 51.038000095635653 46.079578675329685 70.231981389224529 132.41648898273706 4479.7523168865591 1050.1416259724647 180.32000396028161 121.34256178513169 274.50683365948498 104.08545700088143 230.92576326429844 130.56045036576688 152.44185274466872
leaf_count=5799 18953 36365 10123 309 276 423 692 27350 8159 1236 862 1803 694 1555 670 840
internal_value=-0.000256558 -0.00186902 0.000635496 -0.000842232 -0.0274639 -0.000420786 0.000993803 0.000641967 0.00292071 0.00675766 2.98102e-05 -0.00648634 -0.000214286 0.000563287 0.00995332 0.0159926
internal_weight=16953.5 6036.04 10917.5 6632.52 97.1176 6535.4 5069.49 4999.26 4284.96 1626.31 576.169 395.849 4583.84 2658.65 415.419 284.858
internal_count=116109 42164 73945 41377 585 40792 30669 30246 32568 12060 3901 2665 28044 20508 2202 1532
cat_boundaries=0 1
cat_threshold=12822
is_linear=0
shrinkage=0.0659825


Tree=351
num_leaves=17
num_cat=4
split_feature=2 2 2 4 11 13 18 18 17 7 15 0 22 13 8 15
split_gain=23.8598 9.36584 6.44437 5.97658 8.13875 8.03131 6.22531 6.14206 6.265 6.11774 5.59082 4.84799 7.25791 5.03202 5.38769 4.71334
threshold=0 1 2 1.5000000000000002 -4.4999999999999991 299.50000000000006 12.083190000000002 5.1785100000000002 56.235000000000007 18.500000000000004 4.5000000000000009 3 0.20942040972971285 675.50000000000011 13.500000000000002 87.500000000000014
decision_type=9 9 9 2 8 8 10 10 10 2 8 9 2 10 2 10
left_child=2 3 -1 7 6 -6 -5 8 -2 -9 -4 12 13 14 -3 -11
right_child=1 11 10 4 5 -7 -8 9 -10 15 -12 -13 -14 -15 -16 -17
leaf_value=-0.011702296160516736 -0.048782991533415018 -0.022774508687805374 0.023020800564850011 0.0068691222148256677 0.033477742068470207 0.0091211513077071819 -0.023780050119260737 -0.003427512972187215 -0.0035214475253894564 0.022869547434137698 -0.0030608892968764308 0.0012698258259603564 -0.018227832297717385 0.024513340824537468 -0.00078692887638195485 0.00046834056906438988
leaf_weight=373.32878895103931 14.76403361186385 46.528507055714726 29.820649171248078 54.958368007093668 57.886801162734628 959.58747648634017 49.88584516569972 257.78145646117628 39.33268947340548 84.557236475870013 6268.9295054636896 7956.288994578179 126.32841676101089 25.102205120027065 608.51473769918084 74.881483249366283
leaf_count=2573 118 504 207 390 341 6803 336 1810 326 561 41221 55130 861 133 4732 518
internal_value=-0.000356914 0.00162508 -0.0034293 0.00625287 0.00889814 0.0107026 -0.00823106 5.07982e-05 -0.0196446 0.00285655 -0.00291011 0.000773432 -0.00405213 -0.00133632 -0.00254906 0.0127629
internal_weight=17028.5 10356.4 6672.08 1593.64 1122.32 1017.47 104.844 471.317 54.0967 417.22 6298.75 8762.76 806.474 680.145 655.043 159.439
internal_count=116564 72563 44001 11203 7870 7144 726 3333 444 2889 41428 61360 6230 5369 5236 1079
cat_boundaries=0 4 8 11 12
cat_threshold=2877892358 14689864 168362130 98 4194305 117440768 1678114824 148 518 0 134217728 130
is_linear=0
shrinkage=0.0659825


Tree=352
num_leaves=17
num_cat=4
split_feature=2 2 20 3 13 24 13 18 8 5 1 5 18 23 24 5
split_gain=21.8089 9.20868 7.52966 6.65567 6.60756 5.96235 5.91775 5.95982 5.77452 11.2393 7.68046 10.6632 6.52874 9.87599 5.61947 5.73215
threshold=0 1 1.1250000000000002 2 225.50000000000003 0.069624405445300977 665.50000000000011 9.7816300000000016 16.500000000000004 17.500000000000004 3 18.500000000000004 9.7816300000000016 0.22154335044933868 0.11073273300726792 9.5000000000000018
decision_type=9 9 8 9 8 8 10 8 2 2 1 2 8 2 8 2
left_child=2 8 -1 -3 -5 -4 -6 -8 9 -2 12 -12 -10 -14 15 -7
right_child=1 3 5 4 6 14 7 -9 10 -11 11 -13 13 -15 -16 -17
leaf_value=0.013872159628329186 -0.02286777975889373 0.022336430147525729 -0.017330240029906071 0.013970056152948109 0.0012067875790924562 -0.01182684998717534 0.00077973691837616109 0.021947558744215917 -0.0090487450707677081 0.023796281520594584 0.04863388039879335 0.0049854468933818478 -0.0051833626628620417 0.040752053220950282 -0.0034185560728404261 0.0066792228372273789
leaf_weight=110.06168329808861 43.363440981134772 52.23777568526566 119.331119408831 180.63018048321828 10101.878142268397 81.098526570945978 111.47435205057263 115.34679361432791 55.597226751968265 34.864670876413584 58.658236254006624 41.526201907545328 35.759741589426994 37.555745419114828 5393.2802451569587 442.67277817055583
leaf_count=656 470 374 1150 1097 71108 1176 582 602 373 202 555 216 230 199 34383 3196
internal_value=0.000369487 0.00214469 -0.00276762 0.00180558 0.00166922 -0.00308962 0.0014474 0.011844 0.0131228 -0.00184884 0.018706 0.0318959 0.00745538 0.0196988 -0.00278446 0.00370823
internal_weight=17015.3 10868.9 6146.44 10561.6 10509.3 6036.38 10328.7 226.821 307.325 78.2281 229.097 100.184 128.913 73.3155 5917.05 523.771
internal_count=116569 76008 40561 73763 73389 39905 72292 1184 2245 672 1573 771 802 429 38755 4372
cat_boundaries=0 4 8 9 10
cat_threshold=961036389 838336528 111444170 12 130 134217984 1342179329 34 536879104 1
is_linear=0
shrinkage=0.0659825


Tree=353
num_leaves=17
num_cat=5
split_feature=2 2 22 20 2 5 20 0 16 5 4 8 2 22 22 21
split_gain=21.3592 12.4757 10.9706 10.951 15.9093 9.81922 11.2285 9.59989 9.53359 9.43977 12.0235 10.1501 13.5657 8.60405 10.6963 14.5197
threshold=0 1 0.26777993696595997 4.5000000000000009 2 10.500000000000002 1.3750000000000002 3 66.560000000000016 10.500000000000002 1.5000000000000002 27.500000000000004 4 0.15374796858842429 0.18210543098374304 1007.6500000000002
decision_type=9 9 2 10 9 2 8 9 10 2 2 2 9 2 2 8
left_child=9 2 -2 4 -3 7 -7 -6 -9 10 -1 12 -12 -11 15 -15
right_child=1 3 -4 -5 5 6 -8 8 -10 13 11 -13 -14 14 -16 -17
leaf_value=0.0093245843760570782 -0.0028207241177662878 -0.024932034755496525 -0.01436716494039161 -5.8953062192467576e-05 0.019682236538666062 0.010464998765154842 -0.014546469834940953 -0.02209075431105232 0.028522756847581463 -0.0019633873564399509 -0.028132206704543125 0.006497679240384714 -0.0037882102888193137 -0.017286710171742686 0.0052896141364348719 0.021580263356450968
leaf_weight=269.60999370086938 1006.8998572546989 171.45795714855194 553.41334664076567 10220.567424273118 118.23007901012897 98.445985769852996 313.29260514304042 58.174199856817722 15.799583002924917 574.85453123599291 140.16877277288586 167.36644919961691 312.59938691649586 42.862287123687565 2606.0892968112603 341.25288800150156
leaf_count=3058 6936 968 3162 70843 885 474 1528 494 117 4682 1698 1823 3226 234 14256 2184
internal_value=-2.93518e-05 -0.00142225 -0.00691285 -0.000634096 -0.00816213 -0.00274123 -0.00849926 0.00933478 -0.00880409 0.00388764 -0.00217156 -0.00721276 -0.0123003 0.00541189 0.0068309 0.017036
internal_weight=17011.1 12556.3 1560.31 10996 775.4 603.942 411.739 192.204 73.9738 4454.8 889.745 620.135 452.768 3565.06 2990.2 384.115
internal_count=116568 85407 10098 75309 4466 3498 2002 1496 611 31161 9805 6747 4924 21356 16674 2418
cat_boundaries=0 4 8 11 12 16
cat_threshold=807471382 2550702592 3835717766 200 34140736 16 1082120 20 1073741824 536870921 525376 18466 268437504 268435456 8388608 128
is_linear=0
shrinkage=0.0659825


Tree=354
num_leaves=17
num_cat=2
split_feature=0 13 1 7 7 5 24 5 11 13 13 5 13 16 16 24
split_gain=5.80217 15.8243 24.556 8.59148 10.59 12.3692 11.97 8.09002 7.74417 12.4886 7.74353 6.95683 12.9407 7.06233 7.83557 10.801
threshold=0 250.50000000000003 1 41.500000000000007 38.500000000000007 16.500000000000004 0.071980074719800766 15.500000000000002 22.500000000000004 323.50000000000006 270.50000000000006 13.500000000000002 329.50000000000006 32.180000000000007 35.780000000000008 0.305877616747182
decision_type=9 8 1 2 2 2 10 2 10 10 8 2 10 8 10 10
left_child=-1 2 -2 4 6 -6 -3 10 -9 -10 -8 12 13 -12 -15 -16
right_child=1 3 -4 -5 5 -7 7 8 9 -11 11 -13 -14 14 15 -17
leaf_value=-0.00084827058678706027 0.080738494265019195 -0.019106371729380411 -0.0070407830107794929 -0.013692512462880004 0.05408507941506828 -0.0089487910126579018 0.036410834104106692 0.0095214236957192472 0.021462795727707252 -0.039482419813352557 -0.017718522341638707 -0.0091989582996065845 0.041478104421694306 0.028770374535818048 -0.0058407312198615301 0.010178793169757564
leaf_weight=14580.901325629093 21.839154772460461 104.05684916302562 25.612874045036733 139.91505650617182 30.046668469905853 19.1435636729002 18.326614480465651 834.2773614525795 19.2905278429389 30.264126308262348 78.232121456414461 323.17066575959325 28.526850286871195 39.794699609279633 441.96981353126466 303.75284873321652
leaf_count=99901 127 901 179 1085 270 99 130 4447 122 170 801 1850 183 370 3928 2030
internal_value=-0.00034794 0.00260726 0.03805 0.0018239 0.00281485 0.0313094 0.00209795 0.00319303 0.00798758 -0.0160109 -0.000264556 -0.00100085 0.00201169 0.000419857 0.00235182 0.000714794
internal_weight=17039.1 2458.22 47.452 2410.77 2270.85 49.1902 2221.66 2117.61 883.832 49.5547 1233.77 1215.45 892.276 863.749 785.517 745.723
internal_count=116593 16692 306 16386 15301 369 14932 14031 4739 292 9292 9162 7312 7129 6328 5958
cat_boundaries=0 1 2
cat_threshold=6207 4
is_linear=0
shrinkage=0.0659825


Tree=355
num_leaves=17
num_cat=6
split_feature=2 3 2 2 13 23 7 11 13 23 13 16 2 2 13 14
split_gain=18.018 8.14459 14.4252 11.0315 9.6768 7.51331 8.3328 7.35299 8.98124 7.79639 11.8696 10.515 13.7962 9.64817 8.52531 7.66965
threshold=0 1 2 3 214.50000000000003 0.3724848749640316 5.5000000000000009 14.500000000000002 484.50000000000006 0.17038903332242447 443.50000000000006 80.330000000000013 4 5 284.50000000000006 8.5000000000000018
decision_type=9 9 9 9 8 2 2 10 10 2 10 8 9 9 10 10
left_child=5 2 -2 4 -3 -1 -7 9 -9 -5 11 13 14 15 -13 -11
right_child=1 3 -4 7 -6 6 -8 8 -10 10 -12 12 -14 -15 -16 -17
leaf_value=-0.0031169913785770629 -0.0051039987576222056 0.031945340602169574 0.0022280722882070739 0.0112185385787925 -0.00080118561827545508 0.0040605843519263161 -0.042453146966967892 0.023016540227687888 -0.0088680980394365665 0.0021527544398058894 -0.0079535303656110955 0.031264867084861828 0.002986365132070908 -0.0011392476493974498 -0.0066922938960207786 0.012605186305328654
leaf_weight=4821.5542359268293 1971.9883561320603 33.568429393693805 2818.1384529089555 584.09994721785188 2974.1537408828735 25.492478409782052 37.675322812050581 175.55014341045171 45.162716999650002 676.55515466071665 377.56074844673276 184.03403107076883 293.05923365056515 1386.1595833711326 27.513540260493755 556.00986066274345
leaf_count=33341 13661 206 20229 4799 20347 134 199 1004 219 4871 2172 1061 1646 8961 145 3480
internal_value=-4.87008e-05 0.00131654 -0.000797427 0.00269985 -0.00036905 -0.00342461 -0.0250053 0.00483693 0.0164277 0.00419838 0.00300922 0.00434767 0.0130113 0.00265129 0.0251243 0.00685231
internal_weight=16988.3 12103.6 4790.13 7313.43 3007.72 4884.72 63.1678 4305.7 220.713 4084.99 3500.89 3123.33 504.607 2618.72 211.548 1232.57
internal_count=116475 82801 33890 48911 20553 33674 333 28358 1223 27135 22336 20164 2852 17312 1206 8351
cat_boundaries=0 4 5 9 13 16 20
cat_threshold=3087270230 201457697 1075300494 115 2550155780 1078002688 35652610 2281702480 8 127973505 805407048 553656832 4 1073824768 1024 176161856 4194304 37226000 2351432736 8
is_linear=0
shrinkage=0.0659825


Tree=356
num_leaves=17
num_cat=2
split_feature=18 24 24 0 4 17 16 16 23 19 5 16 0 16 5 14
split_gain=6.40748 6.42085 17.9774 12.7792 10.075 15.6367 13.684 9.45016 14.6135 14.0475 8.77324 8.58108 12.4495 11.9348 12.8523 11.6612
threshold=30.495670000000004 0.17805926375404532 0.16850198412698417 0 5.5000000000000009 24.105 71.780000000000015 45.860000000000007 0.36531515089302774 0.015000000000000001 19.500000000000004 52.520000000000003 1 56.480000000000011 18.500000000000004 5.5000000000000009
decision_type=10 8 10 9 2 8 10 8 2 8 2 10 9 10 2 8
left_child=1 2 -1 4 5 -3 -6 10 9 -9 -7 12 -4 -13 15 -15
right_child=-2 3 11 -5 6 7 -8 8 -10 -11 -12 13 -14 14 -16 -17
leaf_value=0.00021842806299506823 0.017399059561967165 0.025187326287913928 -0.013711939986665155 -0.0036289653059343621 -0.015222080271448626 0.0076360126479219394 0.0046199041145814834 0.00087036277098928225 -0.035651958042383275 -0.016913786542992595 -0.0058205349352174647 0.055931635127529564 0.015149170104391166 -0.024455561685353143 0.041339851432863714 0.01403221389072202
leaf_weight=5102.2672713790089 82.435296765528619 114.88843339681625 96.903522709384561 5337.9389824690297 363.34211409278214 1310.3893299689516 252.27990315295756 3383.3595452718437 44.939545467495918 198.82529112882912 246.40189722552896 30.432834412902594 138.60322589054704 36.179876932874322 56.192786657251418 177.72446066327393
leaf_count=40478 455 590 690 35931 2445 8222 1544 20358 235 1080 1277 176 1051 267 273 1279
internal_value=-0.000290987 -0.000383723 0.00143267 -0.00129417 0.000819407 0.00175138 -0.00712616 0.0012023 -0.000644902 -0.000144445 0.00549142 0.0128548 0.00328575 0.020134 0.0149277 0.00701329
internal_weight=16973.1 16890.7 5638.3 11252.4 5914.43 5298.8 615.622 5183.92 3627.12 3582.18 1556.79 536.037 235.507 300.53 270.097 213.904
internal_count=116351 115896 44214 71682 35751 31762 3989 31172 21673 21438 9499 3736 1741 1995 1819 1546
cat_boundaries=0 1 2
cat_threshold=53800 561
is_linear=0
shrinkage=0.0659825


Tree=357
num_leaves=17
num_cat=0
split_feature=16 5 7 21 7 6 22 21 24 5 22 6 4 21 24 17
split_gain=7.30347 10.7135 10.3466 19.6095 13.809 17.5384 11.2385 11.0608 16.92 13.0653 10.2859 10.0222 9.23501 14.3018 12.8656 26.8992
threshold=77.540000000000006 20.500000000000004 3.5000000000000004 1012.9500000000002 13.500000000000002 2543.0000000000005 0.20675250382943222 1010.7500000000001 0.12797452407614784 14.500000000000002 0.25021750880887367 1606.5000000000002 2.5000000000000004 1005.7500000000001 0.27339528717230344 51.955000000000005
decision_type=8 2 2 8 2 2 2 10 10 2 2 2 2 8 10 10
left_child=12 2 3 -2 5 7 -7 8 9 -4 -8 -6 13 -1 -15 -16
right_child=1 -3 4 -5 11 6 10 -9 -10 -11 -12 -13 -14 14 15 -17
leaf_value=0.012512179421259912 -0.036164000664516888 0.021195229157380941 0.0081447451861136663 -0.0012114608704777026 0.0011766023295837508 0.065088964528956988 -0.015355728525213103 0.0018295271421902384 0.0090881912309596271 0.073887906298176778 0.033871845597594805 -0.012488112243725379 0.00077623754212518799 -0.0012757798686678077 -0.019004691641759254 -0.0019340997710378001
leaf_weight=249.18462402932346 76.83688135445118 122.69546611234546 24.492389637976885 442.887879030779 1178.6791425533593 27.923795662820339 24.600883413106203 1160.849514150992 483.88548201695085 27.328568685799837 44.057206310331821 284.95830479636788 7389.1088850954548 3719.8606158401817 626.55416316445917 1105.8069113073871
leaf_count=1399 400 610 151 2818 6816 141 131 7114 2423 121 220 1625 52516 28660 4171 7237
internal_value=-1.6323e-05 0.00248799 0.00184622 -0.00674694 0.00322783 0.00709958 0.0335922 0.00547373 0.0132585 0.0470333 0.0164235 -0.00152556 -0.0007631 -0.00275677 -0.00346813 -0.00815422
internal_weight=16989.7 3899.2 3776.5 519.725 3256.78 1793.14 96.5819 1696.56 535.706 51.821 68.6581 1463.64 13090.5 5701.41 5452.22 1732.36
internal_count=116553 22570 21960 3218 18742 10301 492 9809 2695 272 351 8441 93983 41467 40068 11408
is_linear=0
shrinkage=0.0659825


end of trees

feature_importances:
dest=790
origin_prev_day_delay_rate=456
temp=442
pressure=438
days_to_holiday=377
humid=343
mins_since_prev_leg=341
carrier_hist_delay_rate=316
sched_dep_hour=305
carrier=265
day_of_week=263
prev_leg_dep_delay=191
origin_hour_departures=177
route_hist_delay_rate=158
wind_speed=156
seats=116
manufacturer=109
dest_daily_flights=102
plane_age=78
origin=77
distance=76
visib=76
precip=65
leg_of_day=8
has_prev_leg=3

parameters:
[boosting: gbdt]
[objective: binary]
[metric: binary_logloss]
[tree_learner: serial]
[device_type: cpu]
[data_sample_strategy: bagging]
[data: ]
[valid: ]
[num_iterations: 358]
[learning_rate: 0.0659825]
[num_leaves: 17]
[num_threads: 0]
[seed: 42]
[deterministic: 0]
[force_col_wise: 0]
[force_row_wise: 0]
[histogram_pool_size: -1]
[max_depth: -1]
[min_data_in_leaf: 122]
[min_sum_hessian_in_leaf: 0.001]
[bagging_fraction: 0.532526]
[pos_bagging_fraction: 1]
[neg_bagging_fraction: 1]
[bagging_freq: 1]
[bagging_seed: 400]
[bagging_by_query: 0]
[feature_fraction: 0.585262]
[feature_fraction_bynode: 1]
[feature_fraction_seed: 30056]
[extra_trees: 0]
[extra_seed: 12879]
[early_stopping_round: 0]
[early_stopping_min_delta: 0]
[first_metric_only: 0]
[max_delta_step: 0]
[lambda_l1: 0]
[lambda_l2: 6.24514]
[linear_lambda: 0]
[min_gain_to_split: 0]
[drop_rate: 0.1]
[max_drop: 50]
[skip_drop: 0.5]
[xgboost_dart_mode: 0]
[uniform_drop: 0]
[drop_seed: 17869]
[top_rate: 0.2]
[other_rate: 0.1]
[min_data_per_group: 100]
[max_cat_threshold: 32]
[cat_l2: 10]
[cat_smooth: 48.316]
[max_cat_to_onehot: 4]
[top_k: 20]
[monotone_constraints: ]
[monotone_constraints_method: basic]
[monotone_penalty: 0]
[feature_contri: ]
[forcedsplits_filename: ]
[refit_decay_rate: 0.9]
[cegb_tradeoff: 1]
[cegb_penalty_split: 0]
[cegb_penalty_feature_lazy: ]
[cegb_penalty_feature_coupled: ]
[path_smooth: 0]
[interaction_constraints: ]
[verbosity: -1]
[saved_feature_importance_type: 0]
[use_quantized_grad: 0]
[num_grad_quant_bins: 4]
[quant_train_renew_leaf: 0]
[stochastic_rounding: 1]
[linear_tree: 0]
[max_bin: 255]
[max_bin_by_feature: ]
[min_data_in_bin: 3]
[bin_construct_sample_cnt: 200000]
[data_random_seed: 175]
[is_enable_sparse: 1]
[enable_bundle: 1]
[use_missing: 1]
[zero_as_missing: 0]
[feature_pre_filter: 1]
[pre_partition: 0]
[two_round: 0]
[header: 0]
[label_column: ]
[weight_column: ]
[group_column: ]
[ignore_column: ]
[categorical_feature: 0,1,2,3]
[forcedbins_filename: ]
[precise_float_parser: 0]
[parser_config_file: ]
[objective_seed: 16083]
[num_class: 1]
[is_unbalance: 0]
[scale_pos_weight: 1]
[sigmoid: 1]
[boost_from_average: 1]
[reg_sqrt: 0]
[alpha: 0.9]
[fair_c: 1]
[poisson_max_delta_step: 0.7]
[tweedie_variance_power: 1.5]
[lambdarank_truncation_level: 30]
[lambdarank_norm: 1]
[label_gain: ]
[lambdarank_position_bias_regularization: 0]
[eval_at: ]
[multi_error_top_k: 1]
[auc_mu_weights: ]
[num_machines: 1]
[local_listen_port: 12400]
[time_out: 120]
[machine_list_filename: ]
[machines: ]
[gpu_platform_id: -1]
[gpu_device_id: -1]
[gpu_device_id_list: ]
[gpu_use_dp: 0]
[num_gpu: 1]

end of parameters

pandas_categorical:[["9E", "AA", "AS", "B6", "DL", "EV", "F9", "FL", "HA", "MQ", "OO", "UA", "US", "VX", "WN", "YV"], ["EWR", "JFK", "LGA"], ["ABQ", "ACK", "ALB", "ANC", "ATL", "AUS", "AVL", "BDL", "BGR", "BHM", "BNA", "BOS", "BQN", "BTV", "BUF", "BUR", "BWI", "BZN", "CAE", "CAK", "CHO", "CHS", "CLE", "CLT", "CMH", "CRW", "CVG", "DAY", "DCA", "DEN", "DFW", "DSM", "DTW", "EGE", "EYW", "FLL", "GRR", "GSO", "GSP", "HDN", "HNL", "HOU", "IAD", "IAH", "ILM", "IND", "JAC", "JAX", "LAS", "LAX", "LEX", "LGB", "MCI", "MCO", "MDW", "MEM", "MHT", "MIA", "MKE", "MSN", "MSP", "MSY", "MTJ", "MVY", "MYR", "OAK", "OKC", "OMA", "ORD", "ORF", "PBI", "PDX", "PHL", "PHX", "PIT", "PSE", "PSP", "PVD", "PWM", "RDU", "RIC", "ROC", "RSW", "SAN", "SAT", "SAV", "SBN", "SDF", "SEA", "SFO", "SJC", "SJU", "SLC", "SMF", "SNA", "SRQ", "STL", "STT", "SYR", "TPA", "TUL", "TVC", "TYS", "XNA"], ["AGUSTA SPA", "AIRBUS", "AIRBUS INDUSTRIE", "AMERICAN AIRCRAFT INC", "AVIAT AIRCRAFT INC", "AVIONS MARCEL DASSAULT", "BARKER JACK L", "BEECH", "BELL", "BOEING", "BOMBARDIER INC", "CANADAIR", "CANADAIR LTD", "CESSNA", "CIRRUS DESIGN CORP", "DEHAVILLAND", "DOUGLAS", "EMBRAER", "FRIEDEMANN JON", "GULFSTREAM AEROSPACE", "HURLEY JAMES LARRY", "JOHN G HESS", "KILDALL GARY", "LAMBERT RICHARD", "LEARJET INC", "LEBLANC GLENN T", "MARZ BARRY", "MCDONNELL DOUGLAS", "MCDONNELL DOUGLAS AIRCRAFT CO", "MCDONNELL DOUGLAS CORPORATION", "PAIR MIKE E", "PIPER", "ROBINSON HELICOPTER CO", "SIKORSKY", "STEWART MACO", "UNKNOWN"]]
